lembur_id,karyawan_id,tanggal,jam_mulai,jam_selesai,durasi_jam,status_approval,keterangan
1,11,2024-07-01,2024-07-01 17:30:00,2024-07-01 18:30:00,1,Ditolak,Lembur proyek 3
2,17,2024-07-01,2024-07-01 17:30:00,2024-07-01 19:30:00,2,Ditolak,Lembur proyek 5
3,25,2024-07-01,2024-07-01 17:30:00,2024-07-01 20:30:00,3,Ditolak,Lembur proyek 3
4,29,2024-07-01,2024-07-01 17:30:00,2024-07-01 19:30:00,2,Ditolak,Lembur proyek 3
5,40,2024-07-01,2024-07-01 17:30:00,2024-07-01 19:30:00,2,Ditolak,Lembur proyek 3
6,43,2024-07-01,2024-07-01 17:30:00,2024-07-01 20:30:00,3,Disetujui,Lembur proyek 3
7,44,2024-07-01,2024-07-01 17:30:00,2024-07-01 19:30:00,2,Disetujui,Lembur proyek 5
8,45,2024-07-01,2024-07-01 17:30:00,2024-07-01 19:30:00,2,Ditolak,Lembur proyek 2
9,46,2024-07-01,2024-07-01 17:30:00,2024-07-01 21:30:00,4,Disetujui,Lembur proyek 3
10,50,2024-07-01,2024-07-01 17:30:00,2024-07-01 19:30:00,2,Disetujui,Lembur proyek 5
11,4,2024-07-02,2024-07-02 17:30:00,2024-07-02 21:30:00,4,Disetujui,Lembur proyek 1
12,8,2024-07-02,2024-07-02 17:30:00,2024-07-02 21:30:00,4,Disetujui,Lembur proyek 4
13,12,2024-07-02,2024-07-02 17:30:00,2024-07-02 18:30:00,1,Ditolak,Lembur proyek 5
14,19,2024-07-02,2024-07-02 17:30:00,2024-07-02 18:30:00,1,Disetujui,Lembur proyek 2
15,21,2024-07-02,2024-07-02 17:30:00,2024-07-02 19:30:00,2,Disetujui,Lembur proyek 3
16,22,2024-07-02,2024-07-02 17:30:00,2024-07-02 18:30:00,1,Ditolak,Lembur proyek 1
17,25,2024-07-02,2024-07-02 17:30:00,2024-07-02 19:30:00,2,Disetujui,Lembur proyek 3
18,32,2024-07-02,2024-07-02 17:30:00,2024-07-02 20:30:00,3,Ditolak,Lembur proyek 2
19,35,2024-07-02,2024-07-02 17:30:00,2024-07-02 20:30:00,3,Ditolak,Lembur proyek 1
20,37,2024-07-02,2024-07-02 17:30:00,2024-07-02 20:30:00,3,Ditolak,Lembur proyek 5
21,40,2024-07-02,2024-07-02 17:30:00,2024-07-02 19:30:00,2,Disetujui,Lembur proyek 4
22,41,2024-07-02,2024-07-02 17:30:00,2024-07-02 21:30:00,4,Ditolak,Lembur proyek 4
23,42,2024-07-02,2024-07-02 17:30:00,2024-07-02 18:30:00,1,Ditolak,Lembur proyek 5
24,44,2024-07-02,2024-07-02 17:30:00,2024-07-02 18:30:00,1,Disetujui,Lembur proyek 5
25,46,2024-07-02,2024-07-02 17:30:00,2024-07-02 19:30:00,2,Disetujui,Lembur proyek 5
26,47,2024-07-02,2024-07-02 17:30:00,2024-07-02 21:30:00,4,Ditolak,Lembur proyek 4
27,3,2024-07-03,2024-07-03 17:30:00,2024-07-03 19:30:00,2,Ditolak,Lembur proyek 4
28,15,2024-07-03,2024-07-03 17:30:00,2024-07-03 21:30:00,4,Ditolak,Lembur proyek 3
29,17,2024-07-03,2024-07-03 17:30:00,2024-07-03 20:30:00,3,Ditolak,Lembur proyek 3
30,18,2024-07-03,2024-07-03 17:30:00,2024-07-03 21:30:00,4,Ditolak,Lembur proyek 3
31,20,2024-07-03,2024-07-03 17:30:00,2024-07-03 21:30:00,4,Ditolak,Lembur proyek 4
32,23,2024-07-03,2024-07-03 17:30:00,2024-07-03 18:30:00,1,Disetujui,Lembur proyek 4
33,31,2024-07-03,2024-07-03 17:30:00,2024-07-03 19:30:00,2,Disetujui,Lembur proyek 3
34,39,2024-07-03,2024-07-03 17:30:00,2024-07-03 21:30:00,4,Disetujui,Lembur proyek 4
35,41,2024-07-03,2024-07-03 17:30:00,2024-07-03 20:30:00,3,Ditolak,Lembur proyek 4
36,47,2024-07-03,2024-07-03 17:30:00,2024-07-03 19:30:00,2,Disetujui,Lembur proyek 1
37,6,2024-07-04,2024-07-04 17:30:00,2024-07-04 19:30:00,2,Disetujui,Lembur proyek 5
38,10,2024-07-04,2024-07-04 17:30:00,2024-07-04 21:30:00,4,Ditolak,Lembur proyek 5
39,15,2024-07-04,2024-07-04 17:30:00,2024-07-04 18:30:00,1,Ditolak,Lembur proyek 5
40,18,2024-07-04,2024-07-04 17:30:00,2024-07-04 18:30:00,1,Ditolak,Lembur proyek 2
41,28,2024-07-04,2024-07-04 17:30:00,2024-07-04 21:30:00,4,Disetujui,Lembur proyek 5
42,29,2024-07-04,2024-07-04 17:30:00,2024-07-04 20:30:00,3,Ditolak,Lembur proyek 4
43,36,2024-07-04,2024-07-04 17:30:00,2024-07-04 21:30:00,4,Disetujui,Lembur proyek 3
44,44,2024-07-04,2024-07-04 17:30:00,2024-07-04 21:30:00,4,Ditolak,Lembur proyek 2
45,4,2024-07-05,2024-07-05 17:30:00,2024-07-05 21:30:00,4,Ditolak,Lembur proyek 4
46,14,2024-07-05,2024-07-05 17:30:00,2024-07-05 19:30:00,2,Disetujui,Lembur proyek 4
47,15,2024-07-05,2024-07-05 17:30:00,2024-07-05 18:30:00,1,Disetujui,Lembur proyek 2
48,22,2024-07-05,2024-07-05 17:30:00,2024-07-05 21:30:00,4,Disetujui,Lembur proyek 1
49,25,2024-07-05,2024-07-05 17:30:00,2024-07-05 21:30:00,4,Ditolak,Lembur proyek 1
50,27,2024-07-05,2024-07-05 17:30:00,2024-07-05 20:30:00,3,Ditolak,Lembur proyek 3
51,29,2024-07-05,2024-07-05 17:30:00,2024-07-05 19:30:00,2,Disetujui,Lembur proyek 2
52,30,2024-07-05,2024-07-05 17:30:00,2024-07-05 20:30:00,3,Ditolak,Lembur proyek 5
53,46,2024-07-05,2024-07-05 17:30:00,2024-07-05 20:30:00,3,Disetujui,Lembur proyek 3
54,48,2024-07-05,2024-07-05 17:30:00,2024-07-05 18:30:00,1,Disetujui,Lembur proyek 5
55,3,2024-07-06,2024-07-06 17:30:00,2024-07-06 21:30:00,4,Ditolak,Lembur proyek 4
56,6,2024-07-06,2024-07-06 17:30:00,2024-07-06 19:30:00,2,Ditolak,Lembur proyek 1
57,10,2024-07-06,2024-07-06 17:30:00,2024-07-06 21:30:00,4,Ditolak,Lembur proyek 5
58,12,2024-07-06,2024-07-06 17:30:00,2024-07-06 19:30:00,2,Ditolak,Lembur proyek 1
59,18,2024-07-06,2024-07-06 17:30:00,2024-07-06 20:30:00,3,Disetujui,Lembur proyek 4
60,19,2024-07-06,2024-07-06 17:30:00,2024-07-06 19:30:00,2,Ditolak,Lembur proyek 4
61,23,2024-07-06,2024-07-06 17:30:00,2024-07-06 18:30:00,1,Disetujui,Lembur proyek 1
62,29,2024-07-06,2024-07-06 17:30:00,2024-07-06 20:30:00,3,Disetujui,Lembur proyek 5
63,35,2024-07-06,2024-07-06 17:30:00,2024-07-06 18:30:00,1,Ditolak,Lembur proyek 1
64,36,2024-07-06,2024-07-06 17:30:00,2024-07-06 18:30:00,1,Ditolak,Lembur proyek 2
65,39,2024-07-06,2024-07-06 17:30:00,2024-07-06 19:30:00,2,Ditolak,Lembur proyek 2
66,41,2024-07-06,2024-07-06 17:30:00,2024-07-06 19:30:00,2,Ditolak,Lembur proyek 3
67,46,2024-07-06,2024-07-06 17:30:00,2024-07-06 19:30:00,2,Ditolak,Lembur proyek 5
68,50,2024-07-06,2024-07-06 17:30:00,2024-07-06 19:30:00,2,Disetujui,Lembur proyek 1
69,2,2024-07-07,2024-07-07 17:30:00,2024-07-07 18:30:00,1,Disetujui,Lembur proyek 5
70,16,2024-07-07,2024-07-07 17:30:00,2024-07-07 19:30:00,2,Disetujui,Lembur proyek 2
71,17,2024-07-07,2024-07-07 17:30:00,2024-07-07 20:30:00,3,Disetujui,Lembur proyek 2
72,25,2024-07-07,2024-07-07 17:30:00,2024-07-07 19:30:00,2,Ditolak,Lembur proyek 3
73,30,2024-07-07,2024-07-07 17:30:00,2024-07-07 18:30:00,1,Ditolak,Lembur proyek 1
74,44,2024-07-07,2024-07-07 17:30:00,2024-07-07 21:30:00,4,Disetujui,Lembur proyek 4
75,2,2024-07-08,2024-07-08 17:30:00,2024-07-08 21:30:00,4,Disetujui,Lembur proyek 2
76,3,2024-07-08,2024-07-08 17:30:00,2024-07-08 19:30:00,2,Disetujui,Lembur proyek 2
77,4,2024-07-08,2024-07-08 17:30:00,2024-07-08 20:30:00,3,Disetujui,Lembur proyek 4
78,6,2024-07-08,2024-07-08 17:30:00,2024-07-08 19:30:00,2,Ditolak,Lembur proyek 5
79,11,2024-07-08,2024-07-08 17:30:00,2024-07-08 21:30:00,4,Ditolak,Lembur proyek 4
80,31,2024-07-08,2024-07-08 17:30:00,2024-07-08 19:30:00,2,Ditolak,Lembur proyek 3
81,33,2024-07-08,2024-07-08 17:30:00,2024-07-08 20:30:00,3,Ditolak,Lembur proyek 1
82,38,2024-07-08,2024-07-08 17:30:00,2024-07-08 20:30:00,3,Ditolak,Lembur proyek 2
83,49,2024-07-08,2024-07-08 17:30:00,2024-07-08 19:30:00,2,Disetujui,Lembur proyek 3
84,1,2024-07-09,2024-07-09 17:30:00,2024-07-09 21:30:00,4,Disetujui,Lembur proyek 3
85,4,2024-07-09,2024-07-09 17:30:00,2024-07-09 19:30:00,2,Ditolak,Lembur proyek 5
86,6,2024-07-09,2024-07-09 17:30:00,2024-07-09 21:30:00,4,Disetujui,Lembur proyek 3
87,10,2024-07-09,2024-07-09 17:30:00,2024-07-09 19:30:00,2,Disetujui,Lembur proyek 3
88,14,2024-07-09,2024-07-09 17:30:00,2024-07-09 18:30:00,1,Disetujui,Lembur proyek 1
89,17,2024-07-09,2024-07-09 17:30:00,2024-07-09 19:30:00,2,Disetujui,Lembur proyek 1
90,23,2024-07-09,2024-07-09 17:30:00,2024-07-09 20:30:00,3,Disetujui,Lembur proyek 2
91,30,2024-07-09,2024-07-09 17:30:00,2024-07-09 19:30:00,2,Disetujui,Lembur proyek 2
92,34,2024-07-09,2024-07-09 17:30:00,2024-07-09 19:30:00,2,Ditolak,Lembur proyek 5
93,37,2024-07-09,2024-07-09 17:30:00,2024-07-09 21:30:00,4,Disetujui,Lembur proyek 3
94,7,2024-07-10,2024-07-10 17:30:00,2024-07-10 20:30:00,3,Disetujui,Lembur proyek 3
95,10,2024-07-10,2024-07-10 17:30:00,2024-07-10 20:30:00,3,Disetujui,Lembur proyek 1
96,16,2024-07-10,2024-07-10 17:30:00,2024-07-10 21:30:00,4,Ditolak,Lembur proyek 1
97,23,2024-07-10,2024-07-10 17:30:00,2024-07-10 18:30:00,1,Ditolak,Lembur proyek 1
98,28,2024-07-10,2024-07-10 17:30:00,2024-07-10 21:30:00,4,Disetujui,Lembur proyek 4
99,42,2024-07-10,2024-07-10 17:30:00,2024-07-10 21:30:00,4,Ditolak,Lembur proyek 4
100,45,2024-07-10,2024-07-10 17:30:00,2024-07-10 19:30:00,2,Ditolak,Lembur proyek 5
101,46,2024-07-10,2024-07-10 17:30:00,2024-07-10 20:30:00,3,Ditolak,Lembur proyek 1
102,4,2024-07-11,2024-07-11 17:30:00,2024-07-11 18:30:00,1,Disetujui,Lembur proyek 3
103,20,2024-07-11,2024-07-11 17:30:00,2024-07-11 21:30:00,4,Disetujui,Lembur proyek 1
104,21,2024-07-11,2024-07-11 17:30:00,2024-07-11 20:30:00,3,Disetujui,Lembur proyek 5
105,26,2024-07-11,2024-07-11 17:30:00,2024-07-11 18:30:00,1,Disetujui,Lembur proyek 5
106,47,2024-07-11,2024-07-11 17:30:00,2024-07-11 18:30:00,1,Disetujui,Lembur proyek 5
107,49,2024-07-11,2024-07-11 17:30:00,2024-07-11 18:30:00,1,Disetujui,Lembur proyek 4
108,7,2024-07-12,2024-07-12 17:30:00,2024-07-12 20:30:00,3,Disetujui,Lembur proyek 5
109,14,2024-07-12,2024-07-12 17:30:00,2024-07-12 18:30:00,1,Ditolak,Lembur proyek 5
110,19,2024-07-12,2024-07-12 17:30:00,2024-07-12 18:30:00,1,Disetujui,Lembur proyek 3
111,25,2024-07-12,2024-07-12 17:30:00,2024-07-12 20:30:00,3,Disetujui,Lembur proyek 5
112,27,2024-07-12,2024-07-12 17:30:00,2024-07-12 18:30:00,1,Disetujui,Lembur proyek 4
113,34,2024-07-12,2024-07-12 17:30:00,2024-07-12 19:30:00,2,Disetujui,Lembur proyek 4
114,36,2024-07-12,2024-07-12 17:30:00,2024-07-12 19:30:00,2,Ditolak,Lembur proyek 4
115,39,2024-07-12,2024-07-12 17:30:00,2024-07-12 19:30:00,2,Disetujui,Lembur proyek 4
116,42,2024-07-12,2024-07-12 17:30:00,2024-07-12 18:30:00,1,Ditolak,Lembur proyek 3
117,1,2024-07-13,2024-07-13 17:30:00,2024-07-13 20:30:00,3,Disetujui,Lembur proyek 1
118,12,2024-07-13,2024-07-13 17:30:00,2024-07-13 21:30:00,4,Ditolak,Lembur proyek 3
119,16,2024-07-13,2024-07-13 17:30:00,2024-07-13 18:30:00,1,Disetujui,Lembur proyek 4
120,21,2024-07-13,2024-07-13 17:30:00,2024-07-13 21:30:00,4,Disetujui,Lembur proyek 2
121,25,2024-07-13,2024-07-13 17:30:00,2024-07-13 18:30:00,1,Ditolak,Lembur proyek 5
122,29,2024-07-13,2024-07-13 17:30:00,2024-07-13 19:30:00,2,Ditolak,Lembur proyek 3
123,30,2024-07-13,2024-07-13 17:30:00,2024-07-13 18:30:00,1,Disetujui,Lembur proyek 5
124,35,2024-07-13,2024-07-13 17:30:00,2024-07-13 18:30:00,1,Disetujui,Lembur proyek 4
125,36,2024-07-13,2024-07-13 17:30:00,2024-07-13 20:30:00,3,Ditolak,Lembur proyek 2
126,45,2024-07-13,2024-07-13 17:30:00,2024-07-13 21:30:00,4,Ditolak,Lembur proyek 3
127,49,2024-07-13,2024-07-13 17:30:00,2024-07-13 20:30:00,3,Ditolak,Lembur proyek 5
128,5,2024-07-14,2024-07-14 17:30:00,2024-07-14 18:30:00,1,Disetujui,Lembur proyek 3
129,7,2024-07-14,2024-07-14 17:30:00,2024-07-14 18:30:00,1,Ditolak,Lembur proyek 3
130,8,2024-07-14,2024-07-14 17:30:00,2024-07-14 20:30:00,3,Ditolak,Lembur proyek 5
131,11,2024-07-14,2024-07-14 17:30:00,2024-07-14 19:30:00,2,Disetujui,Lembur proyek 4
132,14,2024-07-14,2024-07-14 17:30:00,2024-07-14 21:30:00,4,Disetujui,Lembur proyek 5
133,15,2024-07-14,2024-07-14 17:30:00,2024-07-14 18:30:00,1,Ditolak,Lembur proyek 4
134,23,2024-07-14,2024-07-14 17:30:00,2024-07-14 18:30:00,1,Ditolak,Lembur proyek 4
135,27,2024-07-14,2024-07-14 17:30:00,2024-07-14 18:30:00,1,Disetujui,Lembur proyek 2
136,38,2024-07-14,2024-07-14 17:30:00,2024-07-14 19:30:00,2,Disetujui,Lembur proyek 4
137,43,2024-07-14,2024-07-14 17:30:00,2024-07-14 19:30:00,2,Ditolak,Lembur proyek 2
138,44,2024-07-14,2024-07-14 17:30:00,2024-07-14 18:30:00,1,Disetujui,Lembur proyek 4
139,45,2024-07-14,2024-07-14 17:30:00,2024-07-14 21:30:00,4,Disetujui,Lembur proyek 4
140,48,2024-07-14,2024-07-14 17:30:00,2024-07-14 19:30:00,2,Disetujui,Lembur proyek 4
141,2,2024-07-15,2024-07-15 17:30:00,2024-07-15 21:30:00,4,Disetujui,Lembur proyek 1
142,4,2024-07-15,2024-07-15 17:30:00,2024-07-15 19:30:00,2,Disetujui,Lembur proyek 2
143,6,2024-07-15,2024-07-15 17:30:00,2024-07-15 18:30:00,1,Disetujui,Lembur proyek 2
144,8,2024-07-15,2024-07-15 17:30:00,2024-07-15 19:30:00,2,Disetujui,Lembur proyek 3
145,9,2024-07-15,2024-07-15 17:30:00,2024-07-15 21:30:00,4,Ditolak,Lembur proyek 3
146,23,2024-07-15,2024-07-15 17:30:00,2024-07-15 21:30:00,4,Ditolak,Lembur proyek 2
147,27,2024-07-15,2024-07-15 17:30:00,2024-07-15 19:30:00,2,Disetujui,Lembur proyek 4
148,31,2024-07-15,2024-07-15 17:30:00,2024-07-15 21:30:00,4,Ditolak,Lembur proyek 3
149,32,2024-07-15,2024-07-15 17:30:00,2024-07-15 21:30:00,4,Disetujui,Lembur proyek 4
150,37,2024-07-15,2024-07-15 17:30:00,2024-07-15 19:30:00,2,Disetujui,Lembur proyek 4
151,44,2024-07-15,2024-07-15 17:30:00,2024-07-15 18:30:00,1,Ditolak,Lembur proyek 3
152,46,2024-07-15,2024-07-15 17:30:00,2024-07-15 18:30:00,1,Disetujui,Lembur proyek 3
153,50,2024-07-15,2024-07-15 17:30:00,2024-07-15 19:30:00,2,Ditolak,Lembur proyek 1
154,1,2024-07-16,2024-07-16 17:30:00,2024-07-16 18:30:00,1,Ditolak,Lembur proyek 5
155,5,2024-07-16,2024-07-16 17:30:00,2024-07-16 20:30:00,3,Ditolak,Lembur proyek 4
156,6,2024-07-16,2024-07-16 17:30:00,2024-07-16 21:30:00,4,Ditolak,Lembur proyek 2
157,9,2024-07-16,2024-07-16 17:30:00,2024-07-16 18:30:00,1,Ditolak,Lembur proyek 1
158,14,2024-07-16,2024-07-16 17:30:00,2024-07-16 20:30:00,3,Disetujui,Lembur proyek 4
159,17,2024-07-16,2024-07-16 17:30:00,2024-07-16 19:30:00,2,Disetujui,Lembur proyek 1
160,23,2024-07-16,2024-07-16 17:30:00,2024-07-16 18:30:00,1,Ditolak,Lembur proyek 4
161,25,2024-07-16,2024-07-16 17:30:00,2024-07-16 19:30:00,2,Ditolak,Lembur proyek 1
162,26,2024-07-16,2024-07-16 17:30:00,2024-07-16 21:30:00,4,Disetujui,Lembur proyek 1
163,29,2024-07-16,2024-07-16 17:30:00,2024-07-16 19:30:00,2,Ditolak,Lembur proyek 1
164,30,2024-07-16,2024-07-16 17:30:00,2024-07-16 19:30:00,2,Disetujui,Lembur proyek 4
165,31,2024-07-16,2024-07-16 17:30:00,2024-07-16 21:30:00,4,Ditolak,Lembur proyek 2
166,33,2024-07-16,2024-07-16 17:30:00,2024-07-16 18:30:00,1,Disetujui,Lembur proyek 4
167,34,2024-07-16,2024-07-16 17:30:00,2024-07-16 19:30:00,2,Disetujui,Lembur proyek 1
168,38,2024-07-16,2024-07-16 17:30:00,2024-07-16 20:30:00,3,Ditolak,Lembur proyek 1
169,44,2024-07-16,2024-07-16 17:30:00,2024-07-16 21:30:00,4,Ditolak,Lembur proyek 3
170,47,2024-07-16,2024-07-16 17:30:00,2024-07-16 20:30:00,3,Disetujui,Lembur proyek 4
171,3,2024-07-17,2024-07-17 17:30:00,2024-07-17 19:30:00,2,Disetujui,Lembur proyek 2
172,9,2024-07-17,2024-07-17 17:30:00,2024-07-17 21:30:00,4,Ditolak,Lembur proyek 5
173,10,2024-07-17,2024-07-17 17:30:00,2024-07-17 21:30:00,4,Ditolak,Lembur proyek 4
174,15,2024-07-17,2024-07-17 17:30:00,2024-07-17 19:30:00,2,Disetujui,Lembur proyek 3
175,25,2024-07-17,2024-07-17 17:30:00,2024-07-17 18:30:00,1,Disetujui,Lembur proyek 4
176,40,2024-07-17,2024-07-17 17:30:00,2024-07-17 20:30:00,3,Ditolak,Lembur proyek 5
177,11,2024-07-18,2024-07-18 17:30:00,2024-07-18 19:30:00,2,Ditolak,Lembur proyek 4
178,20,2024-07-18,2024-07-18 17:30:00,2024-07-18 19:30:00,2,Ditolak,Lembur proyek 5
179,22,2024-07-18,2024-07-18 17:30:00,2024-07-18 21:30:00,4,Disetujui,Lembur proyek 1
180,23,2024-07-18,2024-07-18 17:30:00,2024-07-18 21:30:00,4,Ditolak,Lembur proyek 2
181,36,2024-07-18,2024-07-18 17:30:00,2024-07-18 19:30:00,2,Disetujui,Lembur proyek 5
182,40,2024-07-18,2024-07-18 17:30:00,2024-07-18 19:30:00,2,Disetujui,Lembur proyek 5
183,41,2024-07-18,2024-07-18 17:30:00,2024-07-18 19:30:00,2,Ditolak,Lembur proyek 1
184,4,2024-07-19,2024-07-19 17:30:00,2024-07-19 20:30:00,3,Ditolak,Lembur proyek 4
185,7,2024-07-19,2024-07-19 17:30:00,2024-07-19 21:30:00,4,Disetujui,Lembur proyek 4
186,8,2024-07-19,2024-07-19 17:30:00,2024-07-19 19:30:00,2,Ditolak,Lembur proyek 2
187,9,2024-07-19,2024-07-19 17:30:00,2024-07-19 18:30:00,1,Ditolak,Lembur proyek 3
188,10,2024-07-19,2024-07-19 17:30:00,2024-07-19 21:30:00,4,Ditolak,Lembur proyek 1
189,12,2024-07-19,2024-07-19 17:30:00,2024-07-19 21:30:00,4,Ditolak,Lembur proyek 2
190,28,2024-07-19,2024-07-19 17:30:00,2024-07-19 20:30:00,3,Disetujui,Lembur proyek 2
191,30,2024-07-19,2024-07-19 17:30:00,2024-07-19 20:30:00,3,Disetujui,Lembur proyek 1
192,37,2024-07-19,2024-07-19 17:30:00,2024-07-19 19:30:00,2,Disetujui,Lembur proyek 2
193,39,2024-07-19,2024-07-19 17:30:00,2024-07-19 18:30:00,1,Ditolak,Lembur proyek 4
194,43,2024-07-19,2024-07-19 17:30:00,2024-07-19 21:30:00,4,Disetujui,Lembur proyek 5
195,49,2024-07-19,2024-07-19 17:30:00,2024-07-19 18:30:00,1,Ditolak,Lembur proyek 4
196,16,2024-07-20,2024-07-20 17:30:00,2024-07-20 21:30:00,4,Ditolak,Lembur proyek 4
197,30,2024-07-20,2024-07-20 17:30:00,2024-07-20 20:30:00,3,Ditolak,Lembur proyek 2
198,32,2024-07-20,2024-07-20 17:30:00,2024-07-20 20:30:00,3,Ditolak,Lembur proyek 2
199,35,2024-07-20,2024-07-20 17:30:00,2024-07-20 20:30:00,3,Ditolak,Lembur proyek 3
200,38,2024-07-20,2024-07-20 17:30:00,2024-07-20 20:30:00,3,Ditolak,Lembur proyek 1
201,49,2024-07-20,2024-07-20 17:30:00,2024-07-20 19:30:00,2,Ditolak,Lembur proyek 4
202,5,2024-07-21,2024-07-21 17:30:00,2024-07-21 19:30:00,2,Ditolak,Lembur proyek 3
203,6,2024-07-21,2024-07-21 17:30:00,2024-07-21 19:30:00,2,Disetujui,Lembur proyek 3
204,9,2024-07-21,2024-07-21 17:30:00,2024-07-21 18:30:00,1,Ditolak,Lembur proyek 1
205,12,2024-07-21,2024-07-21 17:30:00,2024-07-21 21:30:00,4,Disetujui,Lembur proyek 4
206,18,2024-07-21,2024-07-21 17:30:00,2024-07-21 20:30:00,3,Disetujui,Lembur proyek 2
207,22,2024-07-21,2024-07-21 17:30:00,2024-07-21 21:30:00,4,Disetujui,Lembur proyek 5
208,23,2024-07-21,2024-07-21 17:30:00,2024-07-21 21:30:00,4,Disetujui,Lembur proyek 1
209,24,2024-07-21,2024-07-21 17:30:00,2024-07-21 20:30:00,3,Disetujui,Lembur proyek 3
210,29,2024-07-21,2024-07-21 17:30:00,2024-07-21 20:30:00,3,Ditolak,Lembur proyek 5
211,34,2024-07-21,2024-07-21 17:30:00,2024-07-21 20:30:00,3,Disetujui,Lembur proyek 5
212,35,2024-07-21,2024-07-21 17:30:00,2024-07-21 21:30:00,4,Ditolak,Lembur proyek 5
213,37,2024-07-21,2024-07-21 17:30:00,2024-07-21 18:30:00,1,Ditolak,Lembur proyek 4
214,39,2024-07-21,2024-07-21 17:30:00,2024-07-21 19:30:00,2,Disetujui,Lembur proyek 2
215,48,2024-07-21,2024-07-21 17:30:00,2024-07-21 19:30:00,2,Disetujui,Lembur proyek 1
216,1,2024-07-22,2024-07-22 17:30:00,2024-07-22 20:30:00,3,Ditolak,Lembur proyek 5
217,5,2024-07-22,2024-07-22 17:30:00,2024-07-22 19:30:00,2,Ditolak,Lembur proyek 2
218,7,2024-07-22,2024-07-22 17:30:00,2024-07-22 21:30:00,4,Ditolak,Lembur proyek 4
219,12,2024-07-22,2024-07-22 17:30:00,2024-07-22 21:30:00,4,Ditolak,Lembur proyek 5
220,26,2024-07-22,2024-07-22 17:30:00,2024-07-22 20:30:00,3,Disetujui,Lembur proyek 4
221,40,2024-07-22,2024-07-22 17:30:00,2024-07-22 19:30:00,2,Disetujui,Lembur proyek 3
222,47,2024-07-22,2024-07-22 17:30:00,2024-07-22 21:30:00,4,Ditolak,Lembur proyek 4
223,50,2024-07-22,2024-07-22 17:30:00,2024-07-22 21:30:00,4,Ditolak,Lembur proyek 1
224,1,2024-07-23,2024-07-23 17:30:00,2024-07-23 20:30:00,3,Disetujui,Lembur proyek 2
225,9,2024-07-23,2024-07-23 17:30:00,2024-07-23 21:30:00,4,Disetujui,Lembur proyek 5
226,10,2024-07-23,2024-07-23 17:30:00,2024-07-23 21:30:00,4,Disetujui,Lembur proyek 5
227,22,2024-07-23,2024-07-23 17:30:00,2024-07-23 21:30:00,4,Disetujui,Lembur proyek 3
228,23,2024-07-23,2024-07-23 17:30:00,2024-07-23 20:30:00,3,Ditolak,Lembur proyek 4
229,26,2024-07-23,2024-07-23 17:30:00,2024-07-23 18:30:00,1,Ditolak,Lembur proyek 2
230,36,2024-07-23,2024-07-23 17:30:00,2024-07-23 19:30:00,2,Disetujui,Lembur proyek 3
231,42,2024-07-23,2024-07-23 17:30:00,2024-07-23 19:30:00,2,Disetujui,Lembur proyek 2
232,43,2024-07-23,2024-07-23 17:30:00,2024-07-23 20:30:00,3,Ditolak,Lembur proyek 5
233,45,2024-07-23,2024-07-23 17:30:00,2024-07-23 20:30:00,3,Ditolak,Lembur proyek 1
234,46,2024-07-23,2024-07-23 17:30:00,2024-07-23 19:30:00,2,Ditolak,Lembur proyek 5
235,1,2024-07-24,2024-07-24 17:30:00,2024-07-24 20:30:00,3,Ditolak,Lembur proyek 1
236,5,2024-07-24,2024-07-24 17:30:00,2024-07-24 18:30:00,1,Ditolak,Lembur proyek 3
237,13,2024-07-24,2024-07-24 17:30:00,2024-07-24 21:30:00,4,Disetujui,Lembur proyek 5
238,15,2024-07-24,2024-07-24 17:30:00,2024-07-24 19:30:00,2,Disetujui,Lembur proyek 1
239,16,2024-07-24,2024-07-24 17:30:00,2024-07-24 18:30:00,1,Disetujui,Lembur proyek 2
240,38,2024-07-24,2024-07-24 17:30:00,2024-07-24 19:30:00,2,Disetujui,Lembur proyek 2
241,6,2024-07-25,2024-07-25 17:30:00,2024-07-25 19:30:00,2,Disetujui,Lembur proyek 2
242,11,2024-07-25,2024-07-25 17:30:00,2024-07-25 21:30:00,4,Disetujui,Lembur proyek 5
243,19,2024-07-25,2024-07-25 17:30:00,2024-07-25 18:30:00,1,Disetujui,Lembur proyek 2
244,23,2024-07-25,2024-07-25 17:30:00,2024-07-25 19:30:00,2,Disetujui,Lembur proyek 3
245,39,2024-07-25,2024-07-25 17:30:00,2024-07-25 20:30:00,3,Ditolak,Lembur proyek 2
246,43,2024-07-25,2024-07-25 17:30:00,2024-07-25 18:30:00,1,Disetujui,Lembur proyek 4
247,44,2024-07-25,2024-07-25 17:30:00,2024-07-25 19:30:00,2,Disetujui,Lembur proyek 1
248,46,2024-07-25,2024-07-25 17:30:00,2024-07-25 18:30:00,1,Ditolak,Lembur proyek 1
249,47,2024-07-25,2024-07-25 17:30:00,2024-07-25 19:30:00,2,Disetujui,Lembur proyek 4
250,49,2024-07-25,2024-07-25 17:30:00,2024-07-25 21:30:00,4,Ditolak,Lembur proyek 3
251,50,2024-07-25,2024-07-25 17:30:00,2024-07-25 20:30:00,3,Ditolak,Lembur proyek 4
252,1,2024-07-26,2024-07-26 17:30:00,2024-07-26 20:30:00,3,Ditolak,Lembur proyek 2
253,11,2024-07-26,2024-07-26 17:30:00,2024-07-26 20:30:00,3,Disetujui,Lembur proyek 3
254,17,2024-07-26,2024-07-26 17:30:00,2024-07-26 19:30:00,2,Ditolak,Lembur proyek 5
255,20,2024-07-26,2024-07-26 17:30:00,2024-07-26 21:30:00,4,Ditolak,Lembur proyek 2
256,30,2024-07-26,2024-07-26 17:30:00,2024-07-26 19:30:00,2,Ditolak,Lembur proyek 2
257,34,2024-07-26,2024-07-26 17:30:00,2024-07-26 18:30:00,1,Disetujui,Lembur proyek 1
258,43,2024-07-26,2024-07-26 17:30:00,2024-07-26 21:30:00,4,Ditolak,Lembur proyek 3
259,48,2024-07-26,2024-07-26 17:30:00,2024-07-26 21:30:00,4,Disetujui,Lembur proyek 4
260,1,2024-07-27,2024-07-27 17:30:00,2024-07-27 18:30:00,1,Disetujui,Lembur proyek 1
261,2,2024-07-27,2024-07-27 17:30:00,2024-07-27 20:30:00,3,Disetujui,Lembur proyek 2
262,5,2024-07-27,2024-07-27 17:30:00,2024-07-27 18:30:00,1,Disetujui,Lembur proyek 2
263,7,2024-07-27,2024-07-27 17:30:00,2024-07-27 21:30:00,4,Disetujui,Lembur proyek 3
264,11,2024-07-27,2024-07-27 17:30:00,2024-07-27 19:30:00,2,Disetujui,Lembur proyek 2
265,13,2024-07-27,2024-07-27 17:30:00,2024-07-27 18:30:00,1,Disetujui,Lembur proyek 3
266,16,2024-07-27,2024-07-27 17:30:00,2024-07-27 21:30:00,4,Disetujui,Lembur proyek 1
267,23,2024-07-27,2024-07-27 17:30:00,2024-07-27 18:30:00,1,Ditolak,Lembur proyek 3
268,25,2024-07-27,2024-07-27 17:30:00,2024-07-27 21:30:00,4,Disetujui,Lembur proyek 2
269,29,2024-07-27,2024-07-27 17:30:00,2024-07-27 18:30:00,1,Disetujui,Lembur proyek 5
270,31,2024-07-27,2024-07-27 17:30:00,2024-07-27 21:30:00,4,Disetujui,Lembur proyek 5
271,1,2024-07-28,2024-07-28 17:30:00,2024-07-28 21:30:00,4,Ditolak,Lembur proyek 3
272,2,2024-07-28,2024-07-28 17:30:00,2024-07-28 18:30:00,1,Disetujui,Lembur proyek 5
273,8,2024-07-28,2024-07-28 17:30:00,2024-07-28 20:30:00,3,Ditolak,Lembur proyek 4
274,11,2024-07-28,2024-07-28 17:30:00,2024-07-28 18:30:00,1,Ditolak,Lembur proyek 2
275,14,2024-07-28,2024-07-28 17:30:00,2024-07-28 18:30:00,1,Disetujui,Lembur proyek 2
276,17,2024-07-28,2024-07-28 17:30:00,2024-07-28 19:30:00,2,Ditolak,Lembur proyek 3
277,20,2024-07-28,2024-07-28 17:30:00,2024-07-28 19:30:00,2,Ditolak,Lembur proyek 2
278,22,2024-07-28,2024-07-28 17:30:00,2024-07-28 20:30:00,3,Disetujui,Lembur proyek 3
279,25,2024-07-28,2024-07-28 17:30:00,2024-07-28 19:30:00,2,Disetujui,Lembur proyek 4
280,37,2024-07-28,2024-07-28 17:30:00,2024-07-28 21:30:00,4,Ditolak,Lembur proyek 4
281,45,2024-07-28,2024-07-28 17:30:00,2024-07-28 21:30:00,4,Disetujui,Lembur proyek 4
282,7,2024-08-01,2024-08-01 17:30:00,2024-08-01 18:30:00,1,Disetujui,Lembur proyek 1
283,13,2024-08-01,2024-08-01 17:30:00,2024-08-01 18:30:00,1,Disetujui,Lembur proyek 4
284,20,2024-08-01,2024-08-01 17:30:00,2024-08-01 19:30:00,2,Ditolak,Lembur proyek 1
285,27,2024-08-01,2024-08-01 17:30:00,2024-08-01 20:30:00,3,Ditolak,Lembur proyek 3
286,30,2024-08-01,2024-08-01 17:30:00,2024-08-01 20:30:00,3,Ditolak,Lembur proyek 2
287,32,2024-08-01,2024-08-01 17:30:00,2024-08-01 19:30:00,2,Ditolak,Lembur proyek 3
288,34,2024-08-01,2024-08-01 17:30:00,2024-08-01 21:30:00,4,Disetujui,Lembur proyek 4
289,42,2024-08-01,2024-08-01 17:30:00,2024-08-01 21:30:00,4,Disetujui,Lembur proyek 2
290,2,2024-08-02,2024-08-02 17:30:00,2024-08-02 19:30:00,2,Disetujui,Lembur proyek 5
291,4,2024-08-02,2024-08-02 17:30:00,2024-08-02 21:30:00,4,Disetujui,Lembur proyek 5
292,8,2024-08-02,2024-08-02 17:30:00,2024-08-02 19:30:00,2,Ditolak,Lembur proyek 2
293,10,2024-08-02,2024-08-02 17:30:00,2024-08-02 18:30:00,1,Ditolak,Lembur proyek 4
294,13,2024-08-02,2024-08-02 17:30:00,2024-08-02 21:30:00,4,Disetujui,Lembur proyek 2
295,22,2024-08-02,2024-08-02 17:30:00,2024-08-02 20:30:00,3,Disetujui,Lembur proyek 4
296,26,2024-08-02,2024-08-02 17:30:00,2024-08-02 20:30:00,3,Disetujui,Lembur proyek 1
297,27,2024-08-02,2024-08-02 17:30:00,2024-08-02 20:30:00,3,Disetujui,Lembur proyek 1
298,31,2024-08-02,2024-08-02 17:30:00,2024-08-02 19:30:00,2,Disetujui,Lembur proyek 2
299,33,2024-08-02,2024-08-02 17:30:00,2024-08-02 21:30:00,4,Ditolak,Lembur proyek 4
300,34,2024-08-02,2024-08-02 17:30:00,2024-08-02 21:30:00,4,Disetujui,Lembur proyek 1
301,41,2024-08-02,2024-08-02 17:30:00,2024-08-02 21:30:00,4,Ditolak,Lembur proyek 1
302,44,2024-08-02,2024-08-02 17:30:00,2024-08-02 20:30:00,3,Disetujui,Lembur proyek 3
303,50,2024-08-02,2024-08-02 17:30:00,2024-08-02 18:30:00,1,Ditolak,Lembur proyek 3
304,4,2024-08-03,2024-08-03 17:30:00,2024-08-03 21:30:00,4,Ditolak,Lembur proyek 2
305,7,2024-08-03,2024-08-03 17:30:00,2024-08-03 20:30:00,3,Disetujui,Lembur proyek 3
306,8,2024-08-03,2024-08-03 17:30:00,2024-08-03 20:30:00,3,Ditolak,Lembur proyek 5
307,9,2024-08-03,2024-08-03 17:30:00,2024-08-03 20:30:00,3,Disetujui,Lembur proyek 1
308,12,2024-08-03,2024-08-03 17:30:00,2024-08-03 21:30:00,4,Ditolak,Lembur proyek 2
309,14,2024-08-03,2024-08-03 17:30:00,2024-08-03 20:30:00,3,Ditolak,Lembur proyek 3
310,16,2024-08-03,2024-08-03 17:30:00,2024-08-03 20:30:00,3,Disetujui,Lembur proyek 1
311,18,2024-08-03,2024-08-03 17:30:00,2024-08-03 19:30:00,2,Ditolak,Lembur proyek 2
312,20,2024-08-03,2024-08-03 17:30:00,2024-08-03 20:30:00,3,Ditolak,Lembur proyek 1
313,34,2024-08-03,2024-08-03 17:30:00,2024-08-03 20:30:00,3,Disetujui,Lembur proyek 4
314,40,2024-08-03,2024-08-03 17:30:00,2024-08-03 18:30:00,1,Disetujui,Lembur proyek 4
315,44,2024-08-03,2024-08-03 17:30:00,2024-08-03 18:30:00,1,Ditolak,Lembur proyek 4
316,5,2024-08-04,2024-08-04 17:30:00,2024-08-04 20:30:00,3,Ditolak,Lembur proyek 3
317,7,2024-08-04,2024-08-04 17:30:00,2024-08-04 20:30:00,3,Ditolak,Lembur proyek 1
318,8,2024-08-04,2024-08-04 17:30:00,2024-08-04 20:30:00,3,Disetujui,Lembur proyek 2
319,10,2024-08-04,2024-08-04 17:30:00,2024-08-04 21:30:00,4,Disetujui,Lembur proyek 2
320,13,2024-08-04,2024-08-04 17:30:00,2024-08-04 18:30:00,1,Disetujui,Lembur proyek 4
321,15,2024-08-04,2024-08-04 17:30:00,2024-08-04 21:30:00,4,Disetujui,Lembur proyek 4
322,17,2024-08-04,2024-08-04 17:30:00,2024-08-04 18:30:00,1,Ditolak,Lembur proyek 5
323,19,2024-08-04,2024-08-04 17:30:00,2024-08-04 21:30:00,4,Disetujui,Lembur proyek 3
324,27,2024-08-04,2024-08-04 17:30:00,2024-08-04 18:30:00,1,Ditolak,Lembur proyek 3
325,29,2024-08-04,2024-08-04 17:30:00,2024-08-04 18:30:00,1,Ditolak,Lembur proyek 4
326,31,2024-08-04,2024-08-04 17:30:00,2024-08-04 18:30:00,1,Disetujui,Lembur proyek 4
327,38,2024-08-04,2024-08-04 17:30:00,2024-08-04 19:30:00,2,Ditolak,Lembur proyek 5
328,50,2024-08-04,2024-08-04 17:30:00,2024-08-04 21:30:00,4,Ditolak,Lembur proyek 3
329,25,2024-08-05,2024-08-05 17:30:00,2024-08-05 21:30:00,4,Ditolak,Lembur proyek 3
330,27,2024-08-05,2024-08-05 17:30:00,2024-08-05 20:30:00,3,Ditolak,Lembur proyek 3
331,30,2024-08-05,2024-08-05 17:30:00,2024-08-05 20:30:00,3,Ditolak,Lembur proyek 2
332,32,2024-08-05,2024-08-05 17:30:00,2024-08-05 18:30:00,1,Disetujui,Lembur proyek 3
333,34,2024-08-05,2024-08-05 17:30:00,2024-08-05 19:30:00,2,Disetujui,Lembur proyek 1
334,41,2024-08-05,2024-08-05 17:30:00,2024-08-05 21:30:00,4,Disetujui,Lembur proyek 4
335,42,2024-08-05,2024-08-05 17:30:00,2024-08-05 21:30:00,4,Ditolak,Lembur proyek 5
336,44,2024-08-05,2024-08-05 17:30:00,2024-08-05 19:30:00,2,Ditolak,Lembur proyek 3
337,46,2024-08-05,2024-08-05 17:30:00,2024-08-05 19:30:00,2,Disetujui,Lembur proyek 2
338,6,2024-08-06,2024-08-06 17:30:00,2024-08-06 19:30:00,2,Disetujui,Lembur proyek 4
339,11,2024-08-06,2024-08-06 17:30:00,2024-08-06 18:30:00,1,Disetujui,Lembur proyek 5
340,28,2024-08-06,2024-08-06 17:30:00,2024-08-06 18:30:00,1,Ditolak,Lembur proyek 2
341,29,2024-08-06,2024-08-06 17:30:00,2024-08-06 21:30:00,4,Ditolak,Lembur proyek 3
342,31,2024-08-06,2024-08-06 17:30:00,2024-08-06 20:30:00,3,Disetujui,Lembur proyek 3
343,35,2024-08-06,2024-08-06 17:30:00,2024-08-06 18:30:00,1,Ditolak,Lembur proyek 2
344,38,2024-08-06,2024-08-06 17:30:00,2024-08-06 19:30:00,2,Ditolak,Lembur proyek 1
345,39,2024-08-06,2024-08-06 17:30:00,2024-08-06 21:30:00,4,Ditolak,Lembur proyek 4
346,40,2024-08-06,2024-08-06 17:30:00,2024-08-06 21:30:00,4,Disetujui,Lembur proyek 3
347,2,2024-08-07,2024-08-07 17:30:00,2024-08-07 20:30:00,3,Ditolak,Lembur proyek 4
348,5,2024-08-07,2024-08-07 17:30:00,2024-08-07 21:30:00,4,Ditolak,Lembur proyek 5
349,10,2024-08-07,2024-08-07 17:30:00,2024-08-07 19:30:00,2,Disetujui,Lembur proyek 2
350,11,2024-08-07,2024-08-07 17:30:00,2024-08-07 19:30:00,2,Disetujui,Lembur proyek 3
351,12,2024-08-07,2024-08-07 17:30:00,2024-08-07 19:30:00,2,Ditolak,Lembur proyek 5
352,15,2024-08-07,2024-08-07 17:30:00,2024-08-07 20:30:00,3,Disetujui,Lembur proyek 1
353,16,2024-08-07,2024-08-07 17:30:00,2024-08-07 19:30:00,2,Ditolak,Lembur proyek 3
354,25,2024-08-07,2024-08-07 17:30:00,2024-08-07 19:30:00,2,Ditolak,Lembur proyek 2
355,26,2024-08-07,2024-08-07 17:30:00,2024-08-07 19:30:00,2,Ditolak,Lembur proyek 5
356,31,2024-08-07,2024-08-07 17:30:00,2024-08-07 21:30:00,4,Disetujui,Lembur proyek 3
357,41,2024-08-07,2024-08-07 17:30:00,2024-08-07 20:30:00,3,Disetujui,Lembur proyek 3
358,43,2024-08-07,2024-08-07 17:30:00,2024-08-07 20:30:00,3,Disetujui,Lembur proyek 1
359,50,2024-08-07,2024-08-07 17:30:00,2024-08-07 20:30:00,3,Ditolak,Lembur proyek 3
360,14,2024-08-08,2024-08-08 17:30:00,2024-08-08 21:30:00,4,Disetujui,Lembur proyek 3
361,15,2024-08-08,2024-08-08 17:30:00,2024-08-08 18:30:00,1,Disetujui,Lembur proyek 1
362,16,2024-08-08,2024-08-08 17:30:00,2024-08-08 18:30:00,1,Disetujui,Lembur proyek 3
363,27,2024-08-08,2024-08-08 17:30:00,2024-08-08 21:30:00,4,Ditolak,Lembur proyek 2
364,30,2024-08-08,2024-08-08 17:30:00,2024-08-08 20:30:00,3,Ditolak,Lembur proyek 3
365,31,2024-08-08,2024-08-08 17:30:00,2024-08-08 21:30:00,4,Disetujui,Lembur proyek 1
366,33,2024-08-08,2024-08-08 17:30:00,2024-08-08 21:30:00,4,Disetujui,Lembur proyek 5
367,37,2024-08-08,2024-08-08 17:30:00,2024-08-08 21:30:00,4,Disetujui,Lembur proyek 4
368,38,2024-08-08,2024-08-08 17:30:00,2024-08-08 21:30:00,4,Ditolak,Lembur proyek 5
369,43,2024-08-08,2024-08-08 17:30:00,2024-08-08 19:30:00,2,Ditolak,Lembur proyek 1
370,5,2024-08-09,2024-08-09 17:30:00,2024-08-09 19:30:00,2,Ditolak,Lembur proyek 3
371,8,2024-08-09,2024-08-09 17:30:00,2024-08-09 20:30:00,3,Disetujui,Lembur proyek 5
372,13,2024-08-09,2024-08-09 17:30:00,2024-08-09 20:30:00,3,Disetujui,Lembur proyek 4
373,14,2024-08-09,2024-08-09 17:30:00,2024-08-09 19:30:00,2,Ditolak,Lembur proyek 5
374,19,2024-08-09,2024-08-09 17:30:00,2024-08-09 19:30:00,2,Disetujui,Lembur proyek 1
375,21,2024-08-09,2024-08-09 17:30:00,2024-08-09 20:30:00,3,Ditolak,Lembur proyek 4
376,27,2024-08-09,2024-08-09 17:30:00,2024-08-09 20:30:00,3,Disetujui,Lembur proyek 5
377,32,2024-08-09,2024-08-09 17:30:00,2024-08-09 18:30:00,1,Disetujui,Lembur proyek 3
378,40,2024-08-09,2024-08-09 17:30:00,2024-08-09 19:30:00,2,Ditolak,Lembur proyek 1
379,42,2024-08-09,2024-08-09 17:30:00,2024-08-09 18:30:00,1,Disetujui,Lembur proyek 5
380,43,2024-08-09,2024-08-09 17:30:00,2024-08-09 21:30:00,4,Ditolak,Lembur proyek 5
381,49,2024-08-09,2024-08-09 17:30:00,2024-08-09 21:30:00,4,Ditolak,Lembur proyek 5
382,3,2024-08-10,2024-08-10 17:30:00,2024-08-10 20:30:00,3,Ditolak,Lembur proyek 2
383,9,2024-08-10,2024-08-10 17:30:00,2024-08-10 19:30:00,2,Ditolak,Lembur proyek 4
384,12,2024-08-10,2024-08-10 17:30:00,2024-08-10 19:30:00,2,Disetujui,Lembur proyek 4
385,15,2024-08-10,2024-08-10 17:30:00,2024-08-10 19:30:00,2,Disetujui,Lembur proyek 5
386,17,2024-08-10,2024-08-10 17:30:00,2024-08-10 21:30:00,4,Disetujui,Lembur proyek 3
387,20,2024-08-10,2024-08-10 17:30:00,2024-08-10 19:30:00,2,Ditolak,Lembur proyek 4
388,21,2024-08-10,2024-08-10 17:30:00,2024-08-10 21:30:00,4,Disetujui,Lembur proyek 1
389,42,2024-08-10,2024-08-10 17:30:00,2024-08-10 20:30:00,3,Ditolak,Lembur proyek 5
390,44,2024-08-10,2024-08-10 17:30:00,2024-08-10 21:30:00,4,Ditolak,Lembur proyek 3
391,45,2024-08-10,2024-08-10 17:30:00,2024-08-10 21:30:00,4,Disetujui,Lembur proyek 3
392,47,2024-08-10,2024-08-10 17:30:00,2024-08-10 21:30:00,4,Disetujui,Lembur proyek 1
393,1,2024-08-11,2024-08-11 17:30:00,2024-08-11 18:30:00,1,Ditolak,Lembur proyek 3
394,5,2024-08-11,2024-08-11 17:30:00,2024-08-11 19:30:00,2,Ditolak,Lembur proyek 5
395,12,2024-08-11,2024-08-11 17:30:00,2024-08-11 20:30:00,3,Ditolak,Lembur proyek 3
396,13,2024-08-11,2024-08-11 17:30:00,2024-08-11 18:30:00,1,Ditolak,Lembur proyek 3
397,14,2024-08-11,2024-08-11 17:30:00,2024-08-11 18:30:00,1,Ditolak,Lembur proyek 5
398,15,2024-08-11,2024-08-11 17:30:00,2024-08-11 18:30:00,1,Disetujui,Lembur proyek 3
399,21,2024-08-11,2024-08-11 17:30:00,2024-08-11 21:30:00,4,Disetujui,Lembur proyek 1
400,23,2024-08-11,2024-08-11 17:30:00,2024-08-11 19:30:00,2,Disetujui,Lembur proyek 3
401,26,2024-08-11,2024-08-11 17:30:00,2024-08-11 19:30:00,2,Disetujui,Lembur proyek 4
402,29,2024-08-11,2024-08-11 17:30:00,2024-08-11 18:30:00,1,Ditolak,Lembur proyek 5
403,36,2024-08-11,2024-08-11 17:30:00,2024-08-11 19:30:00,2,Disetujui,Lembur proyek 5
404,37,2024-08-11,2024-08-11 17:30:00,2024-08-11 20:30:00,3,Ditolak,Lembur proyek 1
405,44,2024-08-11,2024-08-11 17:30:00,2024-08-11 21:30:00,4,Disetujui,Lembur proyek 2
406,49,2024-08-11,2024-08-11 17:30:00,2024-08-11 19:30:00,2,Disetujui,Lembur proyek 2
407,50,2024-08-11,2024-08-11 17:30:00,2024-08-11 18:30:00,1,Ditolak,Lembur proyek 4
408,2,2024-08-12,2024-08-12 17:30:00,2024-08-12 19:30:00,2,Disetujui,Lembur proyek 4
409,4,2024-08-12,2024-08-12 17:30:00,2024-08-12 18:30:00,1,Ditolak,Lembur proyek 4
410,6,2024-08-12,2024-08-12 17:30:00,2024-08-12 18:30:00,1,Ditolak,Lembur proyek 4
411,7,2024-08-12,2024-08-12 17:30:00,2024-08-12 18:30:00,1,Ditolak,Lembur proyek 5
412,8,2024-08-12,2024-08-12 17:30:00,2024-08-12 19:30:00,2,Ditolak,Lembur proyek 1
413,15,2024-08-12,2024-08-12 17:30:00,2024-08-12 19:30:00,2,Ditolak,Lembur proyek 3
414,16,2024-08-12,2024-08-12 17:30:00,2024-08-12 18:30:00,1,Ditolak,Lembur proyek 2
415,20,2024-08-12,2024-08-12 17:30:00,2024-08-12 18:30:00,1,Ditolak,Lembur proyek 3
416,23,2024-08-12,2024-08-12 17:30:00,2024-08-12 20:30:00,3,Ditolak,Lembur proyek 1
417,25,2024-08-12,2024-08-12 17:30:00,2024-08-12 21:30:00,4,Disetujui,Lembur proyek 5
418,32,2024-08-12,2024-08-12 17:30:00,2024-08-12 19:30:00,2,Ditolak,Lembur proyek 5
419,35,2024-08-12,2024-08-12 17:30:00,2024-08-12 18:30:00,1,Ditolak,Lembur proyek 5
420,36,2024-08-12,2024-08-12 17:30:00,2024-08-12 20:30:00,3,Ditolak,Lembur proyek 3
421,45,2024-08-12,2024-08-12 17:30:00,2024-08-12 21:30:00,4,Ditolak,Lembur proyek 4
422,2,2024-08-13,2024-08-13 17:30:00,2024-08-13 20:30:00,3,Disetujui,Lembur proyek 5
423,24,2024-08-13,2024-08-13 17:30:00,2024-08-13 21:30:00,4,Disetujui,Lembur proyek 3
424,27,2024-08-13,2024-08-13 17:30:00,2024-08-13 19:30:00,2,Ditolak,Lembur proyek 5
425,31,2024-08-13,2024-08-13 17:30:00,2024-08-13 19:30:00,2,Disetujui,Lembur proyek 2
426,32,2024-08-13,2024-08-13 17:30:00,2024-08-13 19:30:00,2,Ditolak,Lembur proyek 1
427,34,2024-08-13,2024-08-13 17:30:00,2024-08-13 21:30:00,4,Ditolak,Lembur proyek 3
428,40,2024-08-13,2024-08-13 17:30:00,2024-08-13 19:30:00,2,Ditolak,Lembur proyek 1
429,42,2024-08-13,2024-08-13 17:30:00,2024-08-13 21:30:00,4,Ditolak,Lembur proyek 2
430,45,2024-08-13,2024-08-13 17:30:00,2024-08-13 19:30:00,2,Disetujui,Lembur proyek 1
431,1,2024-08-14,2024-08-14 17:30:00,2024-08-14 18:30:00,1,Disetujui,Lembur proyek 2
432,9,2024-08-14,2024-08-14 17:30:00,2024-08-14 18:30:00,1,Disetujui,Lembur proyek 1
433,18,2024-08-14,2024-08-14 17:30:00,2024-08-14 21:30:00,4,Ditolak,Lembur proyek 5
434,22,2024-08-14,2024-08-14 17:30:00,2024-08-14 18:30:00,1,Disetujui,Lembur proyek 3
435,30,2024-08-14,2024-08-14 17:30:00,2024-08-14 20:30:00,3,Disetujui,Lembur proyek 5
436,36,2024-08-14,2024-08-14 17:30:00,2024-08-14 21:30:00,4,Disetujui,Lembur proyek 2
437,37,2024-08-14,2024-08-14 17:30:00,2024-08-14 19:30:00,2,Disetujui,Lembur proyek 5
438,47,2024-08-14,2024-08-14 17:30:00,2024-08-14 18:30:00,1,Disetujui,Lembur proyek 3
439,48,2024-08-14,2024-08-14 17:30:00,2024-08-14 21:30:00,4,Ditolak,Lembur proyek 3
440,49,2024-08-14,2024-08-14 17:30:00,2024-08-14 21:30:00,4,Ditolak,Lembur proyek 1
441,50,2024-08-14,2024-08-14 17:30:00,2024-08-14 21:30:00,4,Ditolak,Lembur proyek 3
442,1,2024-08-15,2024-08-15 17:30:00,2024-08-15 18:30:00,1,Ditolak,Lembur proyek 3
443,2,2024-08-15,2024-08-15 17:30:00,2024-08-15 20:30:00,3,Disetujui,Lembur proyek 2
444,11,2024-08-15,2024-08-15 17:30:00,2024-08-15 18:30:00,1,Ditolak,Lembur proyek 5
445,14,2024-08-15,2024-08-15 17:30:00,2024-08-15 18:30:00,1,Ditolak,Lembur proyek 4
446,24,2024-08-15,2024-08-15 17:30:00,2024-08-15 19:30:00,2,Disetujui,Lembur proyek 3
447,35,2024-08-15,2024-08-15 17:30:00,2024-08-15 18:30:00,1,Ditolak,Lembur proyek 5
448,43,2024-08-15,2024-08-15 17:30:00,2024-08-15 18:30:00,1,Disetujui,Lembur proyek 4
449,48,2024-08-15,2024-08-15 17:30:00,2024-08-15 21:30:00,4,Ditolak,Lembur proyek 5
450,49,2024-08-15,2024-08-15 17:30:00,2024-08-15 19:30:00,2,Disetujui,Lembur proyek 1
451,2,2024-08-16,2024-08-16 17:30:00,2024-08-16 21:30:00,4,Ditolak,Lembur proyek 3
452,3,2024-08-16,2024-08-16 17:30:00,2024-08-16 19:30:00,2,Ditolak,Lembur proyek 5
453,5,2024-08-16,2024-08-16 17:30:00,2024-08-16 18:30:00,1,Ditolak,Lembur proyek 1
454,11,2024-08-16,2024-08-16 17:30:00,2024-08-16 18:30:00,1,Ditolak,Lembur proyek 3
455,14,2024-08-16,2024-08-16 17:30:00,2024-08-16 20:30:00,3,Ditolak,Lembur proyek 1
456,15,2024-08-16,2024-08-16 17:30:00,2024-08-16 21:30:00,4,Ditolak,Lembur proyek 2
457,22,2024-08-16,2024-08-16 17:30:00,2024-08-16 19:30:00,2,Ditolak,Lembur proyek 5
458,32,2024-08-16,2024-08-16 17:30:00,2024-08-16 18:30:00,1,Disetujui,Lembur proyek 1
459,34,2024-08-16,2024-08-16 17:30:00,2024-08-16 19:30:00,2,Ditolak,Lembur proyek 4
460,37,2024-08-16,2024-08-16 17:30:00,2024-08-16 19:30:00,2,Ditolak,Lembur proyek 3
461,41,2024-08-16,2024-08-16 17:30:00,2024-08-16 21:30:00,4,Disetujui,Lembur proyek 4
462,49,2024-08-16,2024-08-16 17:30:00,2024-08-16 20:30:00,3,Disetujui,Lembur proyek 5
463,3,2024-08-17,2024-08-17 17:30:00,2024-08-17 20:30:00,3,Ditolak,Lembur proyek 1
464,4,2024-08-17,2024-08-17 17:30:00,2024-08-17 21:30:00,4,Ditolak,Lembur proyek 2
465,9,2024-08-17,2024-08-17 17:30:00,2024-08-17 20:30:00,3,Ditolak,Lembur proyek 4
466,10,2024-08-17,2024-08-17 17:30:00,2024-08-17 18:30:00,1,Ditolak,Lembur proyek 3
467,11,2024-08-17,2024-08-17 17:30:00,2024-08-17 20:30:00,3,Disetujui,Lembur proyek 2
468,25,2024-08-17,2024-08-17 17:30:00,2024-08-17 19:30:00,2,Ditolak,Lembur proyek 1
469,27,2024-08-17,2024-08-17 17:30:00,2024-08-17 21:30:00,4,Disetujui,Lembur proyek 3
470,29,2024-08-17,2024-08-17 17:30:00,2024-08-17 21:30:00,4,Disetujui,Lembur proyek 5
471,36,2024-08-17,2024-08-17 17:30:00,2024-08-17 21:30:00,4,Ditolak,Lembur proyek 4
472,41,2024-08-17,2024-08-17 17:30:00,2024-08-17 20:30:00,3,Ditolak,Lembur proyek 1
473,43,2024-08-17,2024-08-17 17:30:00,2024-08-17 20:30:00,3,Ditolak,Lembur proyek 4
474,44,2024-08-17,2024-08-17 17:30:00,2024-08-17 21:30:00,4,Ditolak,Lembur proyek 2
475,10,2024-08-18,2024-08-18 17:30:00,2024-08-18 21:30:00,4,Disetujui,Lembur proyek 3
476,12,2024-08-18,2024-08-18 17:30:00,2024-08-18 20:30:00,3,Disetujui,Lembur proyek 2
477,13,2024-08-18,2024-08-18 17:30:00,2024-08-18 19:30:00,2,Ditolak,Lembur proyek 5
478,22,2024-08-18,2024-08-18 17:30:00,2024-08-18 18:30:00,1,Disetujui,Lembur proyek 1
479,32,2024-08-18,2024-08-18 17:30:00,2024-08-18 18:30:00,1,Disetujui,Lembur proyek 5
480,37,2024-08-18,2024-08-18 17:30:00,2024-08-18 20:30:00,3,Disetujui,Lembur proyek 1
481,41,2024-08-18,2024-08-18 17:30:00,2024-08-18 19:30:00,2,Disetujui,Lembur proyek 3
482,44,2024-08-18,2024-08-18 17:30:00,2024-08-18 19:30:00,2,Ditolak,Lembur proyek 1
483,45,2024-08-18,2024-08-18 17:30:00,2024-08-18 18:30:00,1,Disetujui,Lembur proyek 2
484,48,2024-08-18,2024-08-18 17:30:00,2024-08-18 19:30:00,2,Ditolak,Lembur proyek 4
485,4,2024-08-19,2024-08-19 17:30:00,2024-08-19 19:30:00,2,Disetujui,Lembur proyek 1
486,9,2024-08-19,2024-08-19 17:30:00,2024-08-19 20:30:00,3,Disetujui,Lembur proyek 5
487,10,2024-08-19,2024-08-19 17:30:00,2024-08-19 18:30:00,1,Ditolak,Lembur proyek 3
488,13,2024-08-19,2024-08-19 17:30:00,2024-08-19 19:30:00,2,Disetujui,Lembur proyek 5
489,15,2024-08-19,2024-08-19 17:30:00,2024-08-19 21:30:00,4,Ditolak,Lembur proyek 3
490,25,2024-08-19,2024-08-19 17:30:00,2024-08-19 19:30:00,2,Disetujui,Lembur proyek 4
491,28,2024-08-19,2024-08-19 17:30:00,2024-08-19 19:30:00,2,Ditolak,Lembur proyek 1
492,30,2024-08-19,2024-08-19 17:30:00,2024-08-19 20:30:00,3,Ditolak,Lembur proyek 4
493,34,2024-08-19,2024-08-19 17:30:00,2024-08-19 18:30:00,1,Ditolak,Lembur proyek 5
494,39,2024-08-19,2024-08-19 17:30:00,2024-08-19 20:30:00,3,Disetujui,Lembur proyek 5
495,41,2024-08-19,2024-08-19 17:30:00,2024-08-19 18:30:00,1,Ditolak,Lembur proyek 5
496,43,2024-08-19,2024-08-19 17:30:00,2024-08-19 20:30:00,3,Disetujui,Lembur proyek 2
497,45,2024-08-19,2024-08-19 17:30:00,2024-08-19 18:30:00,1,Disetujui,Lembur proyek 1
498,50,2024-08-19,2024-08-19 17:30:00,2024-08-19 21:30:00,4,Ditolak,Lembur proyek 4
499,2,2024-08-20,2024-08-20 17:30:00,2024-08-20 18:30:00,1,Ditolak,Lembur proyek 3
500,7,2024-08-20,2024-08-20 17:30:00,2024-08-20 20:30:00,3,Disetujui,Lembur proyek 3
501,26,2024-08-20,2024-08-20 17:30:00,2024-08-20 18:30:00,1,Ditolak,Lembur proyek 2
502,30,2024-08-20,2024-08-20 17:30:00,2024-08-20 19:30:00,2,Ditolak,Lembur proyek 1
503,34,2024-08-20,2024-08-20 17:30:00,2024-08-20 19:30:00,2,Ditolak,Lembur proyek 1
504,41,2024-08-20,2024-08-20 17:30:00,2024-08-20 20:30:00,3,Ditolak,Lembur proyek 1
505,42,2024-08-20,2024-08-20 17:30:00,2024-08-20 21:30:00,4,Ditolak,Lembur proyek 4
506,43,2024-08-20,2024-08-20 17:30:00,2024-08-20 21:30:00,4,Disetujui,Lembur proyek 4
507,44,2024-08-20,2024-08-20 17:30:00,2024-08-20 21:30:00,4,Disetujui,Lembur proyek 5
508,45,2024-08-20,2024-08-20 17:30:00,2024-08-20 19:30:00,2,Disetujui,Lembur proyek 3
509,3,2024-08-21,2024-08-21 17:30:00,2024-08-21 20:30:00,3,Disetujui,Lembur proyek 1
510,6,2024-08-21,2024-08-21 17:30:00,2024-08-21 20:30:00,3,Disetujui,Lembur proyek 2
511,12,2024-08-21,2024-08-21 17:30:00,2024-08-21 18:30:00,1,Ditolak,Lembur proyek 2
512,13,2024-08-21,2024-08-21 17:30:00,2024-08-21 18:30:00,1,Disetujui,Lembur proyek 3
513,20,2024-08-21,2024-08-21 17:30:00,2024-08-21 20:30:00,3,Ditolak,Lembur proyek 1
514,22,2024-08-21,2024-08-21 17:30:00,2024-08-21 20:30:00,3,Disetujui,Lembur proyek 1
515,25,2024-08-21,2024-08-21 17:30:00,2024-08-21 21:30:00,4,Ditolak,Lembur proyek 3
516,26,2024-08-21,2024-08-21 17:30:00,2024-08-21 21:30:00,4,Disetujui,Lembur proyek 2
517,29,2024-08-21,2024-08-21 17:30:00,2024-08-21 20:30:00,3,Disetujui,Lembur proyek 2
518,35,2024-08-21,2024-08-21 17:30:00,2024-08-21 18:30:00,1,Disetujui,Lembur proyek 4
519,39,2024-08-21,2024-08-21 17:30:00,2024-08-21 20:30:00,3,Disetujui,Lembur proyek 2
520,41,2024-08-21,2024-08-21 17:30:00,2024-08-21 18:30:00,1,Ditolak,Lembur proyek 2
521,45,2024-08-21,2024-08-21 17:30:00,2024-08-21 20:30:00,3,Ditolak,Lembur proyek 1
522,46,2024-08-21,2024-08-21 17:30:00,2024-08-21 19:30:00,2,Disetujui,Lembur proyek 5
523,47,2024-08-21,2024-08-21 17:30:00,2024-08-21 18:30:00,1,Ditolak,Lembur proyek 1
524,2,2024-08-22,2024-08-22 17:30:00,2024-08-22 20:30:00,3,Disetujui,Lembur proyek 5
525,4,2024-08-22,2024-08-22 17:30:00,2024-08-22 20:30:00,3,Ditolak,Lembur proyek 4
526,13,2024-08-22,2024-08-22 17:30:00,2024-08-22 18:30:00,1,Ditolak,Lembur proyek 5
527,20,2024-08-22,2024-08-22 17:30:00,2024-08-22 21:30:00,4,Disetujui,Lembur proyek 5
528,22,2024-08-22,2024-08-22 17:30:00,2024-08-22 18:30:00,1,Ditolak,Lembur proyek 5
529,25,2024-08-22,2024-08-22 17:30:00,2024-08-22 20:30:00,3,Disetujui,Lembur proyek 4
530,26,2024-08-22,2024-08-22 17:30:00,2024-08-22 19:30:00,2,Disetujui,Lembur proyek 1
531,28,2024-08-22,2024-08-22 17:30:00,2024-08-22 19:30:00,2,Ditolak,Lembur proyek 3
532,33,2024-08-22,2024-08-22 17:30:00,2024-08-22 19:30:00,2,Disetujui,Lembur proyek 5
533,38,2024-08-22,2024-08-22 17:30:00,2024-08-22 19:30:00,2,Ditolak,Lembur proyek 5
534,47,2024-08-22,2024-08-22 17:30:00,2024-08-22 18:30:00,1,Ditolak,Lembur proyek 4
535,15,2024-08-23,2024-08-23 17:30:00,2024-08-23 19:30:00,2,Disetujui,Lembur proyek 4
536,16,2024-08-23,2024-08-23 17:30:00,2024-08-23 20:30:00,3,Ditolak,Lembur proyek 2
537,21,2024-08-23,2024-08-23 17:30:00,2024-08-23 21:30:00,4,Ditolak,Lembur proyek 2
538,23,2024-08-23,2024-08-23 17:30:00,2024-08-23 19:30:00,2,Ditolak,Lembur proyek 1
539,25,2024-08-23,2024-08-23 17:30:00,2024-08-23 19:30:00,2,Ditolak,Lembur proyek 1
540,26,2024-08-23,2024-08-23 17:30:00,2024-08-23 18:30:00,1,Disetujui,Lembur proyek 2
541,29,2024-08-23,2024-08-23 17:30:00,2024-08-23 20:30:00,3,Disetujui,Lembur proyek 5
542,41,2024-08-23,2024-08-23 17:30:00,2024-08-23 20:30:00,3,Disetujui,Lembur proyek 2
543,44,2024-08-23,2024-08-23 17:30:00,2024-08-23 18:30:00,1,Disetujui,Lembur proyek 4
544,3,2024-08-24,2024-08-24 17:30:00,2024-08-24 20:30:00,3,Ditolak,Lembur proyek 4
545,10,2024-08-24,2024-08-24 17:30:00,2024-08-24 19:30:00,2,Disetujui,Lembur proyek 1
546,12,2024-08-24,2024-08-24 17:30:00,2024-08-24 20:30:00,3,Ditolak,Lembur proyek 1
547,14,2024-08-24,2024-08-24 17:30:00,2024-08-24 19:30:00,2,Disetujui,Lembur proyek 1
548,19,2024-08-24,2024-08-24 17:30:00,2024-08-24 19:30:00,2,Ditolak,Lembur proyek 5
549,24,2024-08-24,2024-08-24 17:30:00,2024-08-24 18:30:00,1,Ditolak,Lembur proyek 1
550,27,2024-08-24,2024-08-24 17:30:00,2024-08-24 18:30:00,1,Disetujui,Lembur proyek 1
551,42,2024-08-24,2024-08-24 17:30:00,2024-08-24 19:30:00,2,Disetujui,Lembur proyek 3
552,44,2024-08-24,2024-08-24 17:30:00,2024-08-24 21:30:00,4,Ditolak,Lembur proyek 3
553,47,2024-08-24,2024-08-24 17:30:00,2024-08-24 19:30:00,2,Disetujui,Lembur proyek 4
554,49,2024-08-24,2024-08-24 17:30:00,2024-08-24 18:30:00,1,Ditolak,Lembur proyek 5
555,4,2024-08-25,2024-08-25 17:30:00,2024-08-25 21:30:00,4,Disetujui,Lembur proyek 3
556,14,2024-08-25,2024-08-25 17:30:00,2024-08-25 21:30:00,4,Disetujui,Lembur proyek 1
557,16,2024-08-25,2024-08-25 17:30:00,2024-08-25 19:30:00,2,Disetujui,Lembur proyek 2
558,21,2024-08-25,2024-08-25 17:30:00,2024-08-25 19:30:00,2,Ditolak,Lembur proyek 3
559,28,2024-08-25,2024-08-25 17:30:00,2024-08-25 19:30:00,2,Disetujui,Lembur proyek 2
560,35,2024-08-25,2024-08-25 17:30:00,2024-08-25 18:30:00,1,Ditolak,Lembur proyek 2
561,41,2024-08-25,2024-08-25 17:30:00,2024-08-25 18:30:00,1,Ditolak,Lembur proyek 3
562,44,2024-08-25,2024-08-25 17:30:00,2024-08-25 18:30:00,1,Disetujui,Lembur proyek 2
563,7,2024-08-26,2024-08-26 17:30:00,2024-08-26 20:30:00,3,Ditolak,Lembur proyek 3
564,13,2024-08-26,2024-08-26 17:30:00,2024-08-26 18:30:00,1,Ditolak,Lembur proyek 4
565,14,2024-08-26,2024-08-26 17:30:00,2024-08-26 18:30:00,1,Disetujui,Lembur proyek 4
566,15,2024-08-26,2024-08-26 17:30:00,2024-08-26 19:30:00,2,Disetujui,Lembur proyek 2
567,25,2024-08-26,2024-08-26 17:30:00,2024-08-26 19:30:00,2,Ditolak,Lembur proyek 3
568,30,2024-08-26,2024-08-26 17:30:00,2024-08-26 19:30:00,2,Ditolak,Lembur proyek 1
569,32,2024-08-26,2024-08-26 17:30:00,2024-08-26 19:30:00,2,Ditolak,Lembur proyek 2
570,34,2024-08-26,2024-08-26 17:30:00,2024-08-26 19:30:00,2,Ditolak,Lembur proyek 2
571,42,2024-08-26,2024-08-26 17:30:00,2024-08-26 19:30:00,2,Disetujui,Lembur proyek 3
572,46,2024-08-26,2024-08-26 17:30:00,2024-08-26 19:30:00,2,Disetujui,Lembur proyek 2
573,1,2024-08-27,2024-08-27 17:30:00,2024-08-27 20:30:00,3,Ditolak,Lembur proyek 3
574,12,2024-08-27,2024-08-27 17:30:00,2024-08-27 21:30:00,4,Ditolak,Lembur proyek 1
575,17,2024-08-27,2024-08-27 17:30:00,2024-08-27 21:30:00,4,Ditolak,Lembur proyek 4
576,18,2024-08-27,2024-08-27 17:30:00,2024-08-27 19:30:00,2,Ditolak,Lembur proyek 2
577,20,2024-08-27,2024-08-27 17:30:00,2024-08-27 20:30:00,3,Ditolak,Lembur proyek 2
578,21,2024-08-27,2024-08-27 17:30:00,2024-08-27 20:30:00,3,Ditolak,Lembur proyek 2
579,24,2024-08-27,2024-08-27 17:30:00,2024-08-27 21:30:00,4,Disetujui,Lembur proyek 5
580,26,2024-08-27,2024-08-27 17:30:00,2024-08-27 19:30:00,2,Ditolak,Lembur proyek 4
581,47,2024-08-27,2024-08-27 17:30:00,2024-08-27 21:30:00,4,Ditolak,Lembur proyek 5
582,4,2024-08-28,2024-08-28 17:30:00,2024-08-28 19:30:00,2,Ditolak,Lembur proyek 1
583,10,2024-08-28,2024-08-28 17:30:00,2024-08-28 19:30:00,2,Disetujui,Lembur proyek 5
584,22,2024-08-28,2024-08-28 17:30:00,2024-08-28 18:30:00,1,Ditolak,Lembur proyek 2
585,24,2024-08-28,2024-08-28 17:30:00,2024-08-28 21:30:00,4,Ditolak,Lembur proyek 2
586,27,2024-08-28,2024-08-28 17:30:00,2024-08-28 20:30:00,3,Ditolak,Lembur proyek 2
587,32,2024-08-28,2024-08-28 17:30:00,2024-08-28 18:30:00,1,Ditolak,Lembur proyek 4
588,39,2024-08-28,2024-08-28 17:30:00,2024-08-28 21:30:00,4,Disetujui,Lembur proyek 4
589,40,2024-08-28,2024-08-28 17:30:00,2024-08-28 19:30:00,2,Disetujui,Lembur proyek 5
590,42,2024-08-28,2024-08-28 17:30:00,2024-08-28 19:30:00,2,Ditolak,Lembur proyek 5
591,43,2024-08-28,2024-08-28 17:30:00,2024-08-28 21:30:00,4,Disetujui,Lembur proyek 4
592,46,2024-08-28,2024-08-28 17:30:00,2024-08-28 19:30:00,2,Ditolak,Lembur proyek 4
593,2,2024-09-01,2024-09-01 17:30:00,2024-09-01 20:30:00,3,Ditolak,Lembur proyek 1
594,7,2024-09-01,2024-09-01 17:30:00,2024-09-01 19:30:00,2,Disetujui,Lembur proyek 1
595,13,2024-09-01,2024-09-01 17:30:00,2024-09-01 21:30:00,4,Disetujui,Lembur proyek 4
596,26,2024-09-01,2024-09-01 17:30:00,2024-09-01 18:30:00,1,Disetujui,Lembur proyek 5
597,29,2024-09-01,2024-09-01 17:30:00,2024-09-01 20:30:00,3,Ditolak,Lembur proyek 4
598,31,2024-09-01,2024-09-01 17:30:00,2024-09-01 21:30:00,4,Ditolak,Lembur proyek 1
599,33,2024-09-01,2024-09-01 17:30:00,2024-09-01 21:30:00,4,Ditolak,Lembur proyek 4
600,34,2024-09-01,2024-09-01 17:30:00,2024-09-01 21:30:00,4,Ditolak,Lembur proyek 4
601,35,2024-09-01,2024-09-01 17:30:00,2024-09-01 20:30:00,3,Disetujui,Lembur proyek 5
602,36,2024-09-01,2024-09-01 17:30:00,2024-09-01 19:30:00,2,Disetujui,Lembur proyek 5
603,38,2024-09-01,2024-09-01 17:30:00,2024-09-01 20:30:00,3,Disetujui,Lembur proyek 5
604,42,2024-09-01,2024-09-01 17:30:00,2024-09-01 18:30:00,1,Ditolak,Lembur proyek 4
605,47,2024-09-01,2024-09-01 17:30:00,2024-09-01 19:30:00,2,Ditolak,Lembur proyek 2
606,48,2024-09-01,2024-09-01 17:30:00,2024-09-01 20:30:00,3,Disetujui,Lembur proyek 4
607,50,2024-09-01,2024-09-01 17:30:00,2024-09-01 20:30:00,3,Ditolak,Lembur proyek 4
608,5,2024-09-02,2024-09-02 17:30:00,2024-09-02 20:30:00,3,Disetujui,Lembur proyek 5
609,6,2024-09-02,2024-09-02 17:30:00,2024-09-02 21:30:00,4,Ditolak,Lembur proyek 4
610,9,2024-09-02,2024-09-02 17:30:00,2024-09-02 21:30:00,4,Ditolak,Lembur proyek 5
611,15,2024-09-02,2024-09-02 17:30:00,2024-09-02 21:30:00,4,Ditolak,Lembur proyek 4
612,17,2024-09-02,2024-09-02 17:30:00,2024-09-02 18:30:00,1,Disetujui,Lembur proyek 2
613,20,2024-09-02,2024-09-02 17:30:00,2024-09-02 21:30:00,4,Ditolak,Lembur proyek 2
614,28,2024-09-02,2024-09-02 17:30:00,2024-09-02 20:30:00,3,Ditolak,Lembur proyek 2
615,32,2024-09-02,2024-09-02 17:30:00,2024-09-02 19:30:00,2,Ditolak,Lembur proyek 3
616,33,2024-09-02,2024-09-02 17:30:00,2024-09-02 18:30:00,1,Ditolak,Lembur proyek 1
617,49,2024-09-02,2024-09-02 17:30:00,2024-09-02 19:30:00,2,Ditolak,Lembur proyek 2
618,11,2024-09-03,2024-09-03 17:30:00,2024-09-03 21:30:00,4,Disetujui,Lembur proyek 3
619,21,2024-09-03,2024-09-03 17:30:00,2024-09-03 21:30:00,4,Disetujui,Lembur proyek 5
620,24,2024-09-03,2024-09-03 17:30:00,2024-09-03 18:30:00,1,Disetujui,Lembur proyek 3
621,33,2024-09-03,2024-09-03 17:30:00,2024-09-03 21:30:00,4,Ditolak,Lembur proyek 5
622,35,2024-09-03,2024-09-03 17:30:00,2024-09-03 19:30:00,2,Disetujui,Lembur proyek 2
623,38,2024-09-03,2024-09-03 17:30:00,2024-09-03 18:30:00,1,Ditolak,Lembur proyek 2
624,39,2024-09-03,2024-09-03 17:30:00,2024-09-03 21:30:00,4,Ditolak,Lembur proyek 1
625,42,2024-09-03,2024-09-03 17:30:00,2024-09-03 20:30:00,3,Disetujui,Lembur proyek 3
626,43,2024-09-03,2024-09-03 17:30:00,2024-09-03 21:30:00,4,Disetujui,Lembur proyek 2
627,45,2024-09-03,2024-09-03 17:30:00,2024-09-03 21:30:00,4,Disetujui,Lembur proyek 2
628,46,2024-09-03,2024-09-03 17:30:00,2024-09-03 18:30:00,1,Disetujui,Lembur proyek 3
629,47,2024-09-03,2024-09-03 17:30:00,2024-09-03 20:30:00,3,Disetujui,Lembur proyek 2
630,49,2024-09-03,2024-09-03 17:30:00,2024-09-03 21:30:00,4,Ditolak,Lembur proyek 3
631,7,2024-09-04,2024-09-04 17:30:00,2024-09-04 21:30:00,4,Ditolak,Lembur proyek 5
632,11,2024-09-04,2024-09-04 17:30:00,2024-09-04 20:30:00,3,Ditolak,Lembur proyek 5
633,14,2024-09-04,2024-09-04 17:30:00,2024-09-04 18:30:00,1,Disetujui,Lembur proyek 3
634,18,2024-09-04,2024-09-04 17:30:00,2024-09-04 21:30:00,4,Disetujui,Lembur proyek 2
635,23,2024-09-04,2024-09-04 17:30:00,2024-09-04 18:30:00,1,Ditolak,Lembur proyek 2
636,24,2024-09-04,2024-09-04 17:30:00,2024-09-04 19:30:00,2,Ditolak,Lembur proyek 2
637,28,2024-09-04,2024-09-04 17:30:00,2024-09-04 20:30:00,3,Ditolak,Lembur proyek 4
638,29,2024-09-04,2024-09-04 17:30:00,2024-09-04 21:30:00,4,Ditolak,Lembur proyek 1
639,35,2024-09-04,2024-09-04 17:30:00,2024-09-04 20:30:00,3,Disetujui,Lembur proyek 4
640,40,2024-09-04,2024-09-04 17:30:00,2024-09-04 20:30:00,3,Ditolak,Lembur proyek 1
641,46,2024-09-04,2024-09-04 17:30:00,2024-09-04 18:30:00,1,Ditolak,Lembur proyek 1
642,47,2024-09-04,2024-09-04 17:30:00,2024-09-04 19:30:00,2,Disetujui,Lembur proyek 5
643,3,2024-09-05,2024-09-05 17:30:00,2024-09-05 18:30:00,1,Ditolak,Lembur proyek 3
644,8,2024-09-05,2024-09-05 17:30:00,2024-09-05 21:30:00,4,Disetujui,Lembur proyek 5
645,27,2024-09-05,2024-09-05 17:30:00,2024-09-05 19:30:00,2,Ditolak,Lembur proyek 5
646,29,2024-09-05,2024-09-05 17:30:00,2024-09-05 20:30:00,3,Ditolak,Lembur proyek 4
647,33,2024-09-05,2024-09-05 17:30:00,2024-09-05 18:30:00,1,Disetujui,Lembur proyek 5
648,34,2024-09-05,2024-09-05 17:30:00,2024-09-05 21:30:00,4,Ditolak,Lembur proyek 3
649,39,2024-09-05,2024-09-05 17:30:00,2024-09-05 20:30:00,3,Disetujui,Lembur proyek 1
650,50,2024-09-05,2024-09-05 17:30:00,2024-09-05 19:30:00,2,Disetujui,Lembur proyek 5
651,13,2024-09-06,2024-09-06 17:30:00,2024-09-06 18:30:00,1,Ditolak,Lembur proyek 3
652,18,2024-09-06,2024-09-06 17:30:00,2024-09-06 18:30:00,1,Ditolak,Lembur proyek 5
653,24,2024-09-06,2024-09-06 17:30:00,2024-09-06 20:30:00,3,Ditolak,Lembur proyek 3
654,25,2024-09-06,2024-09-06 17:30:00,2024-09-06 21:30:00,4,Disetujui,Lembur proyek 2
655,28,2024-09-06,2024-09-06 17:30:00,2024-09-06 20:30:00,3,Ditolak,Lembur proyek 1
656,35,2024-09-06,2024-09-06 17:30:00,2024-09-06 21:30:00,4,Ditolak,Lembur proyek 4
657,38,2024-09-06,2024-09-06 17:30:00,2024-09-06 18:30:00,1,Ditolak,Lembur proyek 2
658,40,2024-09-06,2024-09-06 17:30:00,2024-09-06 19:30:00,2,Disetujui,Lembur proyek 2
659,41,2024-09-06,2024-09-06 17:30:00,2024-09-06 21:30:00,4,Ditolak,Lembur proyek 1
660,49,2024-09-06,2024-09-06 17:30:00,2024-09-06 21:30:00,4,Disetujui,Lembur proyek 2
661,16,2024-09-07,2024-09-07 17:30:00,2024-09-07 18:30:00,1,Ditolak,Lembur proyek 3
662,19,2024-09-07,2024-09-07 17:30:00,2024-09-07 20:30:00,3,Disetujui,Lembur proyek 2
663,27,2024-09-07,2024-09-07 17:30:00,2024-09-07 21:30:00,4,Disetujui,Lembur proyek 2
664,28,2024-09-07,2024-09-07 17:30:00,2024-09-07 21:30:00,4,Ditolak,Lembur proyek 2
665,32,2024-09-07,2024-09-07 17:30:00,2024-09-07 20:30:00,3,Ditolak,Lembur proyek 1
666,34,2024-09-07,2024-09-07 17:30:00,2024-09-07 19:30:00,2,Disetujui,Lembur proyek 3
667,37,2024-09-07,2024-09-07 17:30:00,2024-09-07 20:30:00,3,Disetujui,Lembur proyek 3
668,46,2024-09-07,2024-09-07 17:30:00,2024-09-07 20:30:00,3,Disetujui,Lembur proyek 4
669,49,2024-09-07,2024-09-07 17:30:00,2024-09-07 18:30:00,1,Disetujui,Lembur proyek 5
670,2,2024-09-08,2024-09-08 17:30:00,2024-09-08 21:30:00,4,Ditolak,Lembur proyek 4
671,6,2024-09-08,2024-09-08 17:30:00,2024-09-08 19:30:00,2,Ditolak,Lembur proyek 2
672,8,2024-09-08,2024-09-08 17:30:00,2024-09-08 18:30:00,1,Ditolak,Lembur proyek 5
673,11,2024-09-08,2024-09-08 17:30:00,2024-09-08 19:30:00,2,Disetujui,Lembur proyek 5
674,12,2024-09-08,2024-09-08 17:30:00,2024-09-08 18:30:00,1,Ditolak,Lembur proyek 1
675,17,2024-09-08,2024-09-08 17:30:00,2024-09-08 18:30:00,1,Disetujui,Lembur proyek 4
676,38,2024-09-08,2024-09-08 17:30:00,2024-09-08 20:30:00,3,Ditolak,Lembur proyek 4
677,43,2024-09-08,2024-09-08 17:30:00,2024-09-08 19:30:00,2,Disetujui,Lembur proyek 1
678,46,2024-09-08,2024-09-08 17:30:00,2024-09-08 21:30:00,4,Disetujui,Lembur proyek 5
679,2,2024-09-09,2024-09-09 17:30:00,2024-09-09 19:30:00,2,Ditolak,Lembur proyek 3
680,3,2024-09-09,2024-09-09 17:30:00,2024-09-09 18:30:00,1,Ditolak,Lembur proyek 4
681,8,2024-09-09,2024-09-09 17:30:00,2024-09-09 21:30:00,4,Disetujui,Lembur proyek 2
682,39,2024-09-09,2024-09-09 17:30:00,2024-09-09 21:30:00,4,Disetujui,Lembur proyek 3
683,42,2024-09-09,2024-09-09 17:30:00,2024-09-09 21:30:00,4,Disetujui,Lembur proyek 4
684,3,2024-09-10,2024-09-10 17:30:00,2024-09-10 19:30:00,2,Ditolak,Lembur proyek 5
685,10,2024-09-10,2024-09-10 17:30:00,2024-09-10 18:30:00,1,Disetujui,Lembur proyek 5
686,12,2024-09-10,2024-09-10 17:30:00,2024-09-10 19:30:00,2,Ditolak,Lembur proyek 5
687,14,2024-09-10,2024-09-10 17:30:00,2024-09-10 21:30:00,4,Ditolak,Lembur proyek 5
688,16,2024-09-10,2024-09-10 17:30:00,2024-09-10 18:30:00,1,Ditolak,Lembur proyek 1
689,24,2024-09-10,2024-09-10 17:30:00,2024-09-10 21:30:00,4,Ditolak,Lembur proyek 2
690,27,2024-09-10,2024-09-10 17:30:00,2024-09-10 20:30:00,3,Disetujui,Lembur proyek 1
691,31,2024-09-10,2024-09-10 17:30:00,2024-09-10 21:30:00,4,Ditolak,Lembur proyek 4
692,39,2024-09-10,2024-09-10 17:30:00,2024-09-10 18:30:00,1,Ditolak,Lembur proyek 3
693,45,2024-09-10,2024-09-10 17:30:00,2024-09-10 20:30:00,3,Ditolak,Lembur proyek 4
694,49,2024-09-10,2024-09-10 17:30:00,2024-09-10 18:30:00,1,Disetujui,Lembur proyek 2
695,2,2024-09-11,2024-09-11 17:30:00,2024-09-11 21:30:00,4,Ditolak,Lembur proyek 2
696,5,2024-09-11,2024-09-11 17:30:00,2024-09-11 20:30:00,3,Ditolak,Lembur proyek 2
697,6,2024-09-11,2024-09-11 17:30:00,2024-09-11 20:30:00,3,Ditolak,Lembur proyek 2
698,8,2024-09-11,2024-09-11 17:30:00,2024-09-11 19:30:00,2,Disetujui,Lembur proyek 3
699,11,2024-09-11,2024-09-11 17:30:00,2024-09-11 19:30:00,2,Ditolak,Lembur proyek 5
700,12,2024-09-11,2024-09-11 17:30:00,2024-09-11 19:30:00,2,Ditolak,Lembur proyek 1
701,32,2024-09-11,2024-09-11 17:30:00,2024-09-11 19:30:00,2,Disetujui,Lembur proyek 2
702,33,2024-09-11,2024-09-11 17:30:00,2024-09-11 21:30:00,4,Disetujui,Lembur proyek 2
703,40,2024-09-11,2024-09-11 17:30:00,2024-09-11 19:30:00,2,Disetujui,Lembur proyek 3
704,43,2024-09-11,2024-09-11 17:30:00,2024-09-11 21:30:00,4,Disetujui,Lembur proyek 4
705,45,2024-09-11,2024-09-11 17:30:00,2024-09-11 20:30:00,3,Ditolak,Lembur proyek 5
706,47,2024-09-11,2024-09-11 17:30:00,2024-09-11 18:30:00,1,Disetujui,Lembur proyek 3
707,50,2024-09-11,2024-09-11 17:30:00,2024-09-11 21:30:00,4,Ditolak,Lembur proyek 3
708,8,2024-09-12,2024-09-12 17:30:00,2024-09-12 20:30:00,3,Ditolak,Lembur proyek 4
709,10,2024-09-12,2024-09-12 17:30:00,2024-09-12 18:30:00,1,Disetujui,Lembur proyek 3
710,11,2024-09-12,2024-09-12 17:30:00,2024-09-12 21:30:00,4,Disetujui,Lembur proyek 4
711,12,2024-09-12,2024-09-12 17:30:00,2024-09-12 21:30:00,4,Ditolak,Lembur proyek 1
712,15,2024-09-12,2024-09-12 17:30:00,2024-09-12 21:30:00,4,Disetujui,Lembur proyek 1
713,20,2024-09-12,2024-09-12 17:30:00,2024-09-12 20:30:00,3,Ditolak,Lembur proyek 2
714,29,2024-09-12,2024-09-12 17:30:00,2024-09-12 21:30:00,4,Disetujui,Lembur proyek 1
715,34,2024-09-12,2024-09-12 17:30:00,2024-09-12 20:30:00,3,Ditolak,Lembur proyek 3
716,36,2024-09-12,2024-09-12 17:30:00,2024-09-12 18:30:00,1,Ditolak,Lembur proyek 3
717,37,2024-09-12,2024-09-12 17:30:00,2024-09-12 21:30:00,4,Ditolak,Lembur proyek 5
718,44,2024-09-12,2024-09-12 17:30:00,2024-09-12 19:30:00,2,Disetujui,Lembur proyek 4
719,45,2024-09-12,2024-09-12 17:30:00,2024-09-12 20:30:00,3,Disetujui,Lembur proyek 3
720,47,2024-09-12,2024-09-12 17:30:00,2024-09-12 20:30:00,3,Ditolak,Lembur proyek 4
721,49,2024-09-12,2024-09-12 17:30:00,2024-09-12 20:30:00,3,Ditolak,Lembur proyek 4
722,5,2024-09-13,2024-09-13 17:30:00,2024-09-13 18:30:00,1,Disetujui,Lembur proyek 1
723,11,2024-09-13,2024-09-13 17:30:00,2024-09-13 19:30:00,2,Disetujui,Lembur proyek 4
724,23,2024-09-13,2024-09-13 17:30:00,2024-09-13 20:30:00,3,Ditolak,Lembur proyek 1
725,25,2024-09-13,2024-09-13 17:30:00,2024-09-13 21:30:00,4,Ditolak,Lembur proyek 2
726,30,2024-09-13,2024-09-13 17:30:00,2024-09-13 21:30:00,4,Ditolak,Lembur proyek 1
727,35,2024-09-13,2024-09-13 17:30:00,2024-09-13 20:30:00,3,Disetujui,Lembur proyek 4
728,39,2024-09-13,2024-09-13 17:30:00,2024-09-13 19:30:00,2,Ditolak,Lembur proyek 5
729,41,2024-09-13,2024-09-13 17:30:00,2024-09-13 21:30:00,4,Disetujui,Lembur proyek 4
730,44,2024-09-13,2024-09-13 17:30:00,2024-09-13 19:30:00,2,Disetujui,Lembur proyek 2
731,45,2024-09-13,2024-09-13 17:30:00,2024-09-13 19:30:00,2,Ditolak,Lembur proyek 2
732,46,2024-09-13,2024-09-13 17:30:00,2024-09-13 19:30:00,2,Disetujui,Lembur proyek 5
733,10,2024-09-14,2024-09-14 17:30:00,2024-09-14 21:30:00,4,Disetujui,Lembur proyek 3
734,13,2024-09-14,2024-09-14 17:30:00,2024-09-14 18:30:00,1,Disetujui,Lembur proyek 5
735,14,2024-09-14,2024-09-14 17:30:00,2024-09-14 19:30:00,2,Ditolak,Lembur proyek 3
736,16,2024-09-14,2024-09-14 17:30:00,2024-09-14 21:30:00,4,Ditolak,Lembur proyek 4
737,31,2024-09-14,2024-09-14 17:30:00,2024-09-14 20:30:00,3,Disetujui,Lembur proyek 2
738,37,2024-09-14,2024-09-14 17:30:00,2024-09-14 20:30:00,3,Ditolak,Lembur proyek 4
739,45,2024-09-14,2024-09-14 17:30:00,2024-09-14 19:30:00,2,Disetujui,Lembur proyek 4
740,46,2024-09-14,2024-09-14 17:30:00,2024-09-14 21:30:00,4,Disetujui,Lembur proyek 1
741,47,2024-09-14,2024-09-14 17:30:00,2024-09-14 18:30:00,1,Ditolak,Lembur proyek 4
742,49,2024-09-14,2024-09-14 17:30:00,2024-09-14 18:30:00,1,Disetujui,Lembur proyek 4
743,9,2024-09-15,2024-09-15 17:30:00,2024-09-15 21:30:00,4,Ditolak,Lembur proyek 5
744,17,2024-09-15,2024-09-15 17:30:00,2024-09-15 18:30:00,1,Disetujui,Lembur proyek 4
745,21,2024-09-15,2024-09-15 17:30:00,2024-09-15 18:30:00,1,Ditolak,Lembur proyek 1
746,39,2024-09-15,2024-09-15 17:30:00,2024-09-15 19:30:00,2,Ditolak,Lembur proyek 4
747,41,2024-09-15,2024-09-15 17:30:00,2024-09-15 21:30:00,4,Ditolak,Lembur proyek 2
748,45,2024-09-15,2024-09-15 17:30:00,2024-09-15 20:30:00,3,Ditolak,Lembur proyek 4
749,46,2024-09-15,2024-09-15 17:30:00,2024-09-15 18:30:00,1,Ditolak,Lembur proyek 2
750,49,2024-09-15,2024-09-15 17:30:00,2024-09-15 19:30:00,2,Ditolak,Lembur proyek 1
751,2,2024-09-16,2024-09-16 17:30:00,2024-09-16 21:30:00,4,Ditolak,Lembur proyek 1
752,5,2024-09-16,2024-09-16 17:30:00,2024-09-16 21:30:00,4,Ditolak,Lembur proyek 5
753,7,2024-09-16,2024-09-16 17:30:00,2024-09-16 21:30:00,4,Disetujui,Lembur proyek 4
754,10,2024-09-16,2024-09-16 17:30:00,2024-09-16 20:30:00,3,Disetujui,Lembur proyek 1
755,12,2024-09-16,2024-09-16 17:30:00,2024-09-16 19:30:00,2,Disetujui,Lembur proyek 5
756,17,2024-09-16,2024-09-16 17:30:00,2024-09-16 19:30:00,2,Disetujui,Lembur proyek 5
757,18,2024-09-16,2024-09-16 17:30:00,2024-09-16 18:30:00,1,Ditolak,Lembur proyek 2
758,21,2024-09-16,2024-09-16 17:30:00,2024-09-16 20:30:00,3,Disetujui,Lembur proyek 3
759,26,2024-09-16,2024-09-16 17:30:00,2024-09-16 20:30:00,3,Ditolak,Lembur proyek 4
760,27,2024-09-16,2024-09-16 17:30:00,2024-09-16 19:30:00,2,Ditolak,Lembur proyek 1
761,33,2024-09-16,2024-09-16 17:30:00,2024-09-16 20:30:00,3,Disetujui,Lembur proyek 1
762,37,2024-09-16,2024-09-16 17:30:00,2024-09-16 19:30:00,2,Disetujui,Lembur proyek 2
763,40,2024-09-16,2024-09-16 17:30:00,2024-09-16 20:30:00,3,Ditolak,Lembur proyek 1
764,43,2024-09-16,2024-09-16 17:30:00,2024-09-16 18:30:00,1,Ditolak,Lembur proyek 5
765,47,2024-09-16,2024-09-16 17:30:00,2024-09-16 21:30:00,4,Ditolak,Lembur proyek 3
766,48,2024-09-16,2024-09-16 17:30:00,2024-09-16 21:30:00,4,Disetujui,Lembur proyek 5
767,50,2024-09-16,2024-09-16 17:30:00,2024-09-16 19:30:00,2,Ditolak,Lembur proyek 3
768,4,2024-09-17,2024-09-17 17:30:00,2024-09-17 18:30:00,1,Ditolak,Lembur proyek 2
769,14,2024-09-17,2024-09-17 17:30:00,2024-09-17 18:30:00,1,Ditolak,Lembur proyek 1
770,19,2024-09-17,2024-09-17 17:30:00,2024-09-17 19:30:00,2,Ditolak,Lembur proyek 2
771,20,2024-09-17,2024-09-17 17:30:00,2024-09-17 20:30:00,3,Ditolak,Lembur proyek 1
772,29,2024-09-17,2024-09-17 17:30:00,2024-09-17 19:30:00,2,Disetujui,Lembur proyek 3
773,32,2024-09-17,2024-09-17 17:30:00,2024-09-17 18:30:00,1,Disetujui,Lembur proyek 4
774,35,2024-09-17,2024-09-17 17:30:00,2024-09-17 21:30:00,4,Disetujui,Lembur proyek 2
775,40,2024-09-17,2024-09-17 17:30:00,2024-09-17 21:30:00,4,Disetujui,Lembur proyek 4
776,50,2024-09-17,2024-09-17 17:30:00,2024-09-17 18:30:00,1,Disetujui,Lembur proyek 3
777,3,2024-09-18,2024-09-18 17:30:00,2024-09-18 19:30:00,2,Ditolak,Lembur proyek 1
778,5,2024-09-18,2024-09-18 17:30:00,2024-09-18 19:30:00,2,Disetujui,Lembur proyek 1
779,10,2024-09-18,2024-09-18 17:30:00,2024-09-18 18:30:00,1,Disetujui,Lembur proyek 5
780,14,2024-09-18,2024-09-18 17:30:00,2024-09-18 21:30:00,4,Ditolak,Lembur proyek 1
781,16,2024-09-18,2024-09-18 17:30:00,2024-09-18 18:30:00,1,Ditolak,Lembur proyek 2
782,17,2024-09-18,2024-09-18 17:30:00,2024-09-18 21:30:00,4,Ditolak,Lembur proyek 5
783,18,2024-09-18,2024-09-18 17:30:00,2024-09-18 18:30:00,1,Disetujui,Lembur proyek 4
784,19,2024-09-18,2024-09-18 17:30:00,2024-09-18 21:30:00,4,Ditolak,Lembur proyek 3
785,24,2024-09-18,2024-09-18 17:30:00,2024-09-18 20:30:00,3,Disetujui,Lembur proyek 3
786,26,2024-09-18,2024-09-18 17:30:00,2024-09-18 18:30:00,1,Disetujui,Lembur proyek 5
787,36,2024-09-18,2024-09-18 17:30:00,2024-09-18 18:30:00,1,Ditolak,Lembur proyek 3
788,9,2024-09-19,2024-09-19 17:30:00,2024-09-19 21:30:00,4,Ditolak,Lembur proyek 4
789,14,2024-09-19,2024-09-19 17:30:00,2024-09-19 20:30:00,3,Ditolak,Lembur proyek 4
790,15,2024-09-19,2024-09-19 17:30:00,2024-09-19 20:30:00,3,Disetujui,Lembur proyek 5
791,25,2024-09-19,2024-09-19 17:30:00,2024-09-19 18:30:00,1,Disetujui,Lembur proyek 1
792,28,2024-09-19,2024-09-19 17:30:00,2024-09-19 21:30:00,4,Ditolak,Lembur proyek 3
793,34,2024-09-19,2024-09-19 17:30:00,2024-09-19 20:30:00,3,Disetujui,Lembur proyek 4
794,40,2024-09-19,2024-09-19 17:30:00,2024-09-19 20:30:00,3,Disetujui,Lembur proyek 5
795,47,2024-09-19,2024-09-19 17:30:00,2024-09-19 18:30:00,1,Disetujui,Lembur proyek 1
796,1,2024-09-20,2024-09-20 17:30:00,2024-09-20 20:30:00,3,Disetujui,Lembur proyek 3
797,3,2024-09-20,2024-09-20 17:30:00,2024-09-20 21:30:00,4,Disetujui,Lembur proyek 5
798,6,2024-09-20,2024-09-20 17:30:00,2024-09-20 20:30:00,3,Ditolak,Lembur proyek 2
799,18,2024-09-20,2024-09-20 17:30:00,2024-09-20 20:30:00,3,Disetujui,Lembur proyek 2
800,24,2024-09-20,2024-09-20 17:30:00,2024-09-20 19:30:00,2,Disetujui,Lembur proyek 2
801,33,2024-09-20,2024-09-20 17:30:00,2024-09-20 21:30:00,4,Ditolak,Lembur proyek 2
802,36,2024-09-20,2024-09-20 17:30:00,2024-09-20 21:30:00,4,Disetujui,Lembur proyek 5
803,40,2024-09-20,2024-09-20 17:30:00,2024-09-20 21:30:00,4,Ditolak,Lembur proyek 3
804,42,2024-09-20,2024-09-20 17:30:00,2024-09-20 20:30:00,3,Disetujui,Lembur proyek 5
805,43,2024-09-20,2024-09-20 17:30:00,2024-09-20 19:30:00,2,Ditolak,Lembur proyek 1
806,44,2024-09-20,2024-09-20 17:30:00,2024-09-20 20:30:00,3,Ditolak,Lembur proyek 4
807,45,2024-09-20,2024-09-20 17:30:00,2024-09-20 21:30:00,4,Ditolak,Lembur proyek 3
808,47,2024-09-20,2024-09-20 17:30:00,2024-09-20 20:30:00,3,Disetujui,Lembur proyek 4
809,49,2024-09-20,2024-09-20 17:30:00,2024-09-20 20:30:00,3,Disetujui,Lembur proyek 3
810,4,2024-09-21,2024-09-21 17:30:00,2024-09-21 18:30:00,1,Disetujui,Lembur proyek 1
811,6,2024-09-21,2024-09-21 17:30:00,2024-09-21 21:30:00,4,Disetujui,Lembur proyek 1
812,11,2024-09-21,2024-09-21 17:30:00,2024-09-21 18:30:00,1,Disetujui,Lembur proyek 3
813,12,2024-09-21,2024-09-21 17:30:00,2024-09-21 20:30:00,3,Ditolak,Lembur proyek 2
814,21,2024-09-21,2024-09-21 17:30:00,2024-09-21 19:30:00,2,Ditolak,Lembur proyek 3
815,22,2024-09-21,2024-09-21 17:30:00,2024-09-21 21:30:00,4,Ditolak,Lembur proyek 5
816,24,2024-09-21,2024-09-21 17:30:00,2024-09-21 18:30:00,1,Ditolak,Lembur proyek 1
817,37,2024-09-21,2024-09-21 17:30:00,2024-09-21 20:30:00,3,Ditolak,Lembur proyek 4
818,38,2024-09-21,2024-09-21 17:30:00,2024-09-21 19:30:00,2,Disetujui,Lembur proyek 4
819,40,2024-09-21,2024-09-21 17:30:00,2024-09-21 18:30:00,1,Disetujui,Lembur proyek 2
820,42,2024-09-21,2024-09-21 17:30:00,2024-09-21 18:30:00,1,Ditolak,Lembur proyek 5
821,44,2024-09-21,2024-09-21 17:30:00,2024-09-21 18:30:00,1,Disetujui,Lembur proyek 5
822,4,2024-09-22,2024-09-22 17:30:00,2024-09-22 18:30:00,1,Ditolak,Lembur proyek 4
823,5,2024-09-22,2024-09-22 17:30:00,2024-09-22 21:30:00,4,Disetujui,Lembur proyek 3
824,8,2024-09-22,2024-09-22 17:30:00,2024-09-22 18:30:00,1,Ditolak,Lembur proyek 4
825,10,2024-09-22,2024-09-22 17:30:00,2024-09-22 21:30:00,4,Ditolak,Lembur proyek 5
826,16,2024-09-22,2024-09-22 17:30:00,2024-09-22 20:30:00,3,Ditolak,Lembur proyek 5
827,21,2024-09-22,2024-09-22 17:30:00,2024-09-22 21:30:00,4,Disetujui,Lembur proyek 2
828,29,2024-09-22,2024-09-22 17:30:00,2024-09-22 19:30:00,2,Ditolak,Lembur proyek 2
829,32,2024-09-22,2024-09-22 17:30:00,2024-09-22 18:30:00,1,Disetujui,Lembur proyek 5
830,33,2024-09-22,2024-09-22 17:30:00,2024-09-22 18:30:00,1,Ditolak,Lembur proyek 1
831,46,2024-09-22,2024-09-22 17:30:00,2024-09-22 19:30:00,2,Ditolak,Lembur proyek 1
832,3,2024-09-23,2024-09-23 17:30:00,2024-09-23 20:30:00,3,Disetujui,Lembur proyek 3
833,5,2024-09-23,2024-09-23 17:30:00,2024-09-23 20:30:00,3,Ditolak,Lembur proyek 3
834,12,2024-09-23,2024-09-23 17:30:00,2024-09-23 21:30:00,4,Disetujui,Lembur proyek 1
835,15,2024-09-23,2024-09-23 17:30:00,2024-09-23 18:30:00,1,Disetujui,Lembur proyek 2
836,24,2024-09-23,2024-09-23 17:30:00,2024-09-23 20:30:00,3,Disetujui,Lembur proyek 1
837,42,2024-09-23,2024-09-23 17:30:00,2024-09-23 18:30:00,1,Disetujui,Lembur proyek 2
838,49,2024-09-23,2024-09-23 17:30:00,2024-09-23 18:30:00,1,Disetujui,Lembur proyek 3
839,3,2024-09-24,2024-09-24 17:30:00,2024-09-24 19:30:00,2,Disetujui,Lembur proyek 1
840,12,2024-09-24,2024-09-24 17:30:00,2024-09-24 20:30:00,3,Disetujui,Lembur proyek 5
841,20,2024-09-24,2024-09-24 17:30:00,2024-09-24 19:30:00,2,Disetujui,Lembur proyek 1
842,31,2024-09-24,2024-09-24 17:30:00,2024-09-24 20:30:00,3,Disetujui,Lembur proyek 3
843,32,2024-09-24,2024-09-24 17:30:00,2024-09-24 19:30:00,2,Ditolak,Lembur proyek 5
844,46,2024-09-24,2024-09-24 17:30:00,2024-09-24 19:30:00,2,Disetujui,Lembur proyek 5
845,1,2024-09-25,2024-09-25 17:30:00,2024-09-25 18:30:00,1,Ditolak,Lembur proyek 3
846,4,2024-09-25,2024-09-25 17:30:00,2024-09-25 18:30:00,1,Ditolak,Lembur proyek 5
847,11,2024-09-25,2024-09-25 17:30:00,2024-09-25 18:30:00,1,Disetujui,Lembur proyek 4
848,20,2024-09-25,2024-09-25 17:30:00,2024-09-25 21:30:00,4,Ditolak,Lembur proyek 2
849,22,2024-09-25,2024-09-25 17:30:00,2024-09-25 20:30:00,3,Ditolak,Lembur proyek 4
850,24,2024-09-25,2024-09-25 17:30:00,2024-09-25 20:30:00,3,Ditolak,Lembur proyek 5
851,28,2024-09-25,2024-09-25 17:30:00,2024-09-25 19:30:00,2,Ditolak,Lembur proyek 3
852,29,2024-09-25,2024-09-25 17:30:00,2024-09-25 19:30:00,2,Ditolak,Lembur proyek 3
853,35,2024-09-25,2024-09-25 17:30:00,2024-09-25 20:30:00,3,Disetujui,Lembur proyek 2
854,48,2024-09-25,2024-09-25 17:30:00,2024-09-25 20:30:00,3,Ditolak,Lembur proyek 1
855,5,2024-09-26,2024-09-26 17:30:00,2024-09-26 19:30:00,2,Ditolak,Lembur proyek 5
856,11,2024-09-26,2024-09-26 17:30:00,2024-09-26 18:30:00,1,Ditolak,Lembur proyek 3
857,18,2024-09-26,2024-09-26 17:30:00,2024-09-26 19:30:00,2,Disetujui,Lembur proyek 2
858,23,2024-09-26,2024-09-26 17:30:00,2024-09-26 18:30:00,1,Disetujui,Lembur proyek 5
859,27,2024-09-26,2024-09-26 17:30:00,2024-09-26 18:30:00,1,Disetujui,Lembur proyek 4
860,33,2024-09-26,2024-09-26 17:30:00,2024-09-26 21:30:00,4,Ditolak,Lembur proyek 1
861,46,2024-09-26,2024-09-26 17:30:00,2024-09-26 18:30:00,1,Disetujui,Lembur proyek 4
862,1,2024-09-27,2024-09-27 17:30:00,2024-09-27 18:30:00,1,Ditolak,Lembur proyek 3
863,5,2024-09-27,2024-09-27 17:30:00,2024-09-27 20:30:00,3,Ditolak,Lembur proyek 2
864,9,2024-09-27,2024-09-27 17:30:00,2024-09-27 21:30:00,4,Disetujui,Lembur proyek 3
865,12,2024-09-27,2024-09-27 17:30:00,2024-09-27 20:30:00,3,Disetujui,Lembur proyek 3
866,18,2024-09-27,2024-09-27 17:30:00,2024-09-27 18:30:00,1,Disetujui,Lembur proyek 1
867,23,2024-09-27,2024-09-27 17:30:00,2024-09-27 21:30:00,4,Disetujui,Lembur proyek 1
868,33,2024-09-27,2024-09-27 17:30:00,2024-09-27 21:30:00,4,Disetujui,Lembur proyek 3
869,41,2024-09-27,2024-09-27 17:30:00,2024-09-27 18:30:00,1,Disetujui,Lembur proyek 1
870,44,2024-09-27,2024-09-27 17:30:00,2024-09-27 21:30:00,4,Ditolak,Lembur proyek 5
871,46,2024-09-27,2024-09-27 17:30:00,2024-09-27 21:30:00,4,Ditolak,Lembur proyek 5
872,48,2024-09-27,2024-09-27 17:30:00,2024-09-27 20:30:00,3,Disetujui,Lembur proyek 3
873,4,2024-09-28,2024-09-28 17:30:00,2024-09-28 18:30:00,1,Ditolak,Lembur proyek 2
874,6,2024-09-28,2024-09-28 17:30:00,2024-09-28 21:30:00,4,Ditolak,Lembur proyek 4
875,11,2024-09-28,2024-09-28 17:30:00,2024-09-28 18:30:00,1,Disetujui,Lembur proyek 1
876,13,2024-09-28,2024-09-28 17:30:00,2024-09-28 18:30:00,1,Disetujui,Lembur proyek 2
877,17,2024-09-28,2024-09-28 17:30:00,2024-09-28 21:30:00,4,Ditolak,Lembur proyek 4
878,21,2024-09-28,2024-09-28 17:30:00,2024-09-28 20:30:00,3,Ditolak,Lembur proyek 4
879,31,2024-09-28,2024-09-28 17:30:00,2024-09-28 21:30:00,4,Ditolak,Lembur proyek 2
880,36,2024-09-28,2024-09-28 17:30:00,2024-09-28 21:30:00,4,Disetujui,Lembur proyek 2
881,41,2024-09-28,2024-09-28 17:30:00,2024-09-28 18:30:00,1,Disetujui,Lembur proyek 4
882,42,2024-09-28,2024-09-28 17:30:00,2024-09-28 19:30:00,2,Ditolak,Lembur proyek 5
883,49,2024-09-28,2024-09-28 17:30:00,2024-09-28 19:30:00,2,Disetujui,Lembur proyek 1
884,3,2024-10-01,2024-10-01 17:30:00,2024-10-01 19:30:00,2,Ditolak,Lembur proyek 2
885,4,2024-10-01,2024-10-01 17:30:00,2024-10-01 20:30:00,3,Disetujui,Lembur proyek 4
886,11,2024-10-01,2024-10-01 17:30:00,2024-10-01 19:30:00,2,Ditolak,Lembur proyek 4
887,19,2024-10-01,2024-10-01 17:30:00,2024-10-01 20:30:00,3,Disetujui,Lembur proyek 2
888,21,2024-10-01,2024-10-01 17:30:00,2024-10-01 18:30:00,1,Ditolak,Lembur proyek 5
889,34,2024-10-01,2024-10-01 17:30:00,2024-10-01 18:30:00,1,Disetujui,Lembur proyek 2
890,47,2024-10-01,2024-10-01 17:30:00,2024-10-01 18:30:00,1,Disetujui,Lembur proyek 2
891,7,2024-10-02,2024-10-02 17:30:00,2024-10-02 20:30:00,3,Ditolak,Lembur proyek 3
892,8,2024-10-02,2024-10-02 17:30:00,2024-10-02 18:30:00,1,Ditolak,Lembur proyek 2
893,13,2024-10-02,2024-10-02 17:30:00,2024-10-02 21:30:00,4,Ditolak,Lembur proyek 3
894,16,2024-10-02,2024-10-02 17:30:00,2024-10-02 18:30:00,1,Ditolak,Lembur proyek 4
895,17,2024-10-02,2024-10-02 17:30:00,2024-10-02 20:30:00,3,Ditolak,Lembur proyek 1
896,26,2024-10-02,2024-10-02 17:30:00,2024-10-02 20:30:00,3,Ditolak,Lembur proyek 2
897,27,2024-10-02,2024-10-02 17:30:00,2024-10-02 19:30:00,2,Disetujui,Lembur proyek 5
898,28,2024-10-02,2024-10-02 17:30:00,2024-10-02 20:30:00,3,Ditolak,Lembur proyek 2
899,29,2024-10-02,2024-10-02 17:30:00,2024-10-02 21:30:00,4,Ditolak,Lembur proyek 1
900,32,2024-10-02,2024-10-02 17:30:00,2024-10-02 18:30:00,1,Disetujui,Lembur proyek 3
901,38,2024-10-02,2024-10-02 17:30:00,2024-10-02 18:30:00,1,Ditolak,Lembur proyek 2
902,40,2024-10-02,2024-10-02 17:30:00,2024-10-02 21:30:00,4,Ditolak,Lembur proyek 1
903,43,2024-10-02,2024-10-02 17:30:00,2024-10-02 21:30:00,4,Ditolak,Lembur proyek 3
904,48,2024-10-02,2024-10-02 17:30:00,2024-10-02 18:30:00,1,Ditolak,Lembur proyek 5
905,1,2024-10-03,2024-10-03 17:30:00,2024-10-03 18:30:00,1,Ditolak,Lembur proyek 4
906,3,2024-10-03,2024-10-03 17:30:00,2024-10-03 21:30:00,4,Ditolak,Lembur proyek 1
907,8,2024-10-03,2024-10-03 17:30:00,2024-10-03 20:30:00,3,Disetujui,Lembur proyek 4
908,11,2024-10-03,2024-10-03 17:30:00,2024-10-03 20:30:00,3,Disetujui,Lembur proyek 5
909,14,2024-10-03,2024-10-03 17:30:00,2024-10-03 18:30:00,1,Ditolak,Lembur proyek 3
910,15,2024-10-03,2024-10-03 17:30:00,2024-10-03 18:30:00,1,Ditolak,Lembur proyek 1
911,26,2024-10-03,2024-10-03 17:30:00,2024-10-03 21:30:00,4,Disetujui,Lembur proyek 3
912,32,2024-10-03,2024-10-03 17:30:00,2024-10-03 21:30:00,4,Ditolak,Lembur proyek 3
913,35,2024-10-03,2024-10-03 17:30:00,2024-10-03 20:30:00,3,Ditolak,Lembur proyek 1
914,41,2024-10-03,2024-10-03 17:30:00,2024-10-03 21:30:00,4,Disetujui,Lembur proyek 5
915,48,2024-10-03,2024-10-03 17:30:00,2024-10-03 20:30:00,3,Ditolak,Lembur proyek 1
916,1,2024-10-04,2024-10-04 17:30:00,2024-10-04 20:30:00,3,Disetujui,Lembur proyek 2
917,8,2024-10-04,2024-10-04 17:30:00,2024-10-04 19:30:00,2,Disetujui,Lembur proyek 2
918,10,2024-10-04,2024-10-04 17:30:00,2024-10-04 21:30:00,4,Ditolak,Lembur proyek 1
919,13,2024-10-04,2024-10-04 17:30:00,2024-10-04 19:30:00,2,Ditolak,Lembur proyek 2
920,14,2024-10-04,2024-10-04 17:30:00,2024-10-04 19:30:00,2,Disetujui,Lembur proyek 3
921,17,2024-10-04,2024-10-04 17:30:00,2024-10-04 20:30:00,3,Disetujui,Lembur proyek 4
922,22,2024-10-04,2024-10-04 17:30:00,2024-10-04 19:30:00,2,Disetujui,Lembur proyek 4
923,24,2024-10-04,2024-10-04 17:30:00,2024-10-04 18:30:00,1,Ditolak,Lembur proyek 4
924,26,2024-10-04,2024-10-04 17:30:00,2024-10-04 18:30:00,1,Ditolak,Lembur proyek 5
925,28,2024-10-04,2024-10-04 17:30:00,2024-10-04 19:30:00,2,Ditolak,Lembur proyek 3
926,32,2024-10-04,2024-10-04 17:30:00,2024-10-04 18:30:00,1,Disetujui,Lembur proyek 1
927,39,2024-10-04,2024-10-04 17:30:00,2024-10-04 20:30:00,3,Ditolak,Lembur proyek 4
928,47,2024-10-04,2024-10-04 17:30:00,2024-10-04 19:30:00,2,Ditolak,Lembur proyek 5
929,49,2024-10-04,2024-10-04 17:30:00,2024-10-04 18:30:00,1,Ditolak,Lembur proyek 4
930,3,2024-10-05,2024-10-05 17:30:00,2024-10-05 19:30:00,2,Disetujui,Lembur proyek 5
931,5,2024-10-05,2024-10-05 17:30:00,2024-10-05 21:30:00,4,Disetujui,Lembur proyek 5
932,6,2024-10-05,2024-10-05 17:30:00,2024-10-05 21:30:00,4,Ditolak,Lembur proyek 1
933,7,2024-10-05,2024-10-05 17:30:00,2024-10-05 20:30:00,3,Disetujui,Lembur proyek 3
934,9,2024-10-05,2024-10-05 17:30:00,2024-10-05 20:30:00,3,Disetujui,Lembur proyek 1
935,11,2024-10-05,2024-10-05 17:30:00,2024-10-05 19:30:00,2,Disetujui,Lembur proyek 1
936,19,2024-10-05,2024-10-05 17:30:00,2024-10-05 20:30:00,3,Ditolak,Lembur proyek 2
937,24,2024-10-05,2024-10-05 17:30:00,2024-10-05 18:30:00,1,Disetujui,Lembur proyek 2
938,27,2024-10-05,2024-10-05 17:30:00,2024-10-05 18:30:00,1,Ditolak,Lembur proyek 5
939,30,2024-10-05,2024-10-05 17:30:00,2024-10-05 20:30:00,3,Ditolak,Lembur proyek 3
940,32,2024-10-05,2024-10-05 17:30:00,2024-10-05 19:30:00,2,Ditolak,Lembur proyek 3
941,35,2024-10-05,2024-10-05 17:30:00,2024-10-05 21:30:00,4,Ditolak,Lembur proyek 5
942,37,2024-10-05,2024-10-05 17:30:00,2024-10-05 20:30:00,3,Ditolak,Lembur proyek 4
943,40,2024-10-05,2024-10-05 17:30:00,2024-10-05 19:30:00,2,Disetujui,Lembur proyek 2
944,43,2024-10-05,2024-10-05 17:30:00,2024-10-05 19:30:00,2,Ditolak,Lembur proyek 1
945,47,2024-10-05,2024-10-05 17:30:00,2024-10-05 21:30:00,4,Ditolak,Lembur proyek 2
946,49,2024-10-05,2024-10-05 17:30:00,2024-10-05 20:30:00,3,Disetujui,Lembur proyek 4
947,8,2024-10-06,2024-10-06 17:30:00,2024-10-06 20:30:00,3,Disetujui,Lembur proyek 5
948,15,2024-10-06,2024-10-06 17:30:00,2024-10-06 21:30:00,4,Disetujui,Lembur proyek 4
949,25,2024-10-06,2024-10-06 17:30:00,2024-10-06 19:30:00,2,Ditolak,Lembur proyek 3
950,29,2024-10-06,2024-10-06 17:30:00,2024-10-06 18:30:00,1,Ditolak,Lembur proyek 4
951,30,2024-10-06,2024-10-06 17:30:00,2024-10-06 21:30:00,4,Ditolak,Lembur proyek 2
952,31,2024-10-06,2024-10-06 17:30:00,2024-10-06 21:30:00,4,Disetujui,Lembur proyek 4
953,34,2024-10-06,2024-10-06 17:30:00,2024-10-06 21:30:00,4,Disetujui,Lembur proyek 4
954,37,2024-10-06,2024-10-06 17:30:00,2024-10-06 21:30:00,4,Disetujui,Lembur proyek 4
955,38,2024-10-06,2024-10-06 17:30:00,2024-10-06 20:30:00,3,Ditolak,Lembur proyek 4
956,50,2024-10-06,2024-10-06 17:30:00,2024-10-06 18:30:00,1,Ditolak,Lembur proyek 2
957,1,2024-10-07,2024-10-07 17:30:00,2024-10-07 18:30:00,1,Ditolak,Lembur proyek 1
958,13,2024-10-07,2024-10-07 17:30:00,2024-10-07 20:30:00,3,Disetujui,Lembur proyek 4
959,20,2024-10-07,2024-10-07 17:30:00,2024-10-07 19:30:00,2,Disetujui,Lembur proyek 2
960,23,2024-10-07,2024-10-07 17:30:00,2024-10-07 18:30:00,1,Ditolak,Lembur proyek 3
961,26,2024-10-07,2024-10-07 17:30:00,2024-10-07 20:30:00,3,Disetujui,Lembur proyek 3
962,30,2024-10-07,2024-10-07 17:30:00,2024-10-07 20:30:00,3,Ditolak,Lembur proyek 3
963,36,2024-10-07,2024-10-07 17:30:00,2024-10-07 19:30:00,2,Disetujui,Lembur proyek 4
964,39,2024-10-07,2024-10-07 17:30:00,2024-10-07 20:30:00,3,Ditolak,Lembur proyek 5
965,42,2024-10-07,2024-10-07 17:30:00,2024-10-07 21:30:00,4,Ditolak,Lembur proyek 4
966,5,2024-10-08,2024-10-08 17:30:00,2024-10-08 20:30:00,3,Disetujui,Lembur proyek 2
967,25,2024-10-08,2024-10-08 17:30:00,2024-10-08 20:30:00,3,Disetujui,Lembur proyek 5
968,26,2024-10-08,2024-10-08 17:30:00,2024-10-08 19:30:00,2,Ditolak,Lembur proyek 3
969,46,2024-10-08,2024-10-08 17:30:00,2024-10-08 20:30:00,3,Disetujui,Lembur proyek 2
970,47,2024-10-08,2024-10-08 17:30:00,2024-10-08 20:30:00,3,Ditolak,Lembur proyek 1
971,3,2024-10-09,2024-10-09 17:30:00,2024-10-09 19:30:00,2,Disetujui,Lembur proyek 1
972,12,2024-10-09,2024-10-09 17:30:00,2024-10-09 20:30:00,3,Ditolak,Lembur proyek 5
973,15,2024-10-09,2024-10-09 17:30:00,2024-10-09 20:30:00,3,Disetujui,Lembur proyek 3
974,21,2024-10-09,2024-10-09 17:30:00,2024-10-09 21:30:00,4,Disetujui,Lembur proyek 1
975,34,2024-10-09,2024-10-09 17:30:00,2024-10-09 18:30:00,1,Ditolak,Lembur proyek 5
976,39,2024-10-09,2024-10-09 17:30:00,2024-10-09 18:30:00,1,Disetujui,Lembur proyek 1
977,40,2024-10-09,2024-10-09 17:30:00,2024-10-09 20:30:00,3,Ditolak,Lembur proyek 5
978,11,2024-10-10,2024-10-10 17:30:00,2024-10-10 18:30:00,1,Disetujui,Lembur proyek 3
979,18,2024-10-10,2024-10-10 17:30:00,2024-10-10 21:30:00,4,Disetujui,Lembur proyek 1
980,21,2024-10-10,2024-10-10 17:30:00,2024-10-10 20:30:00,3,Disetujui,Lembur proyek 4
981,23,2024-10-10,2024-10-10 17:30:00,2024-10-10 20:30:00,3,Ditolak,Lembur proyek 1
982,30,2024-10-10,2024-10-10 17:30:00,2024-10-10 20:30:00,3,Disetujui,Lembur proyek 5
983,32,2024-10-10,2024-10-10 17:30:00,2024-10-10 18:30:00,1,Ditolak,Lembur proyek 3
984,34,2024-10-10,2024-10-10 17:30:00,2024-10-10 19:30:00,2,Ditolak,Lembur proyek 2
985,37,2024-10-10,2024-10-10 17:30:00,2024-10-10 20:30:00,3,Disetujui,Lembur proyek 4
986,45,2024-10-10,2024-10-10 17:30:00,2024-10-10 20:30:00,3,Disetujui,Lembur proyek 5
987,48,2024-10-10,2024-10-10 17:30:00,2024-10-10 21:30:00,4,Disetujui,Lembur proyek 2
988,50,2024-10-10,2024-10-10 17:30:00,2024-10-10 20:30:00,3,Ditolak,Lembur proyek 5
989,17,2024-10-11,2024-10-11 17:30:00,2024-10-11 19:30:00,2,Ditolak,Lembur proyek 2
990,37,2024-10-11,2024-10-11 17:30:00,2024-10-11 19:30:00,2,Disetujui,Lembur proyek 3
991,38,2024-10-11,2024-10-11 17:30:00,2024-10-11 20:30:00,3,Ditolak,Lembur proyek 1
992,44,2024-10-11,2024-10-11 17:30:00,2024-10-11 21:30:00,4,Ditolak,Lembur proyek 5
993,48,2024-10-11,2024-10-11 17:30:00,2024-10-11 19:30:00,2,Disetujui,Lembur proyek 3
994,49,2024-10-11,2024-10-11 17:30:00,2024-10-11 20:30:00,3,Disetujui,Lembur proyek 2
995,50,2024-10-11,2024-10-11 17:30:00,2024-10-11 18:30:00,1,Ditolak,Lembur proyek 5
996,6,2024-10-12,2024-10-12 17:30:00,2024-10-12 21:30:00,4,Disetujui,Lembur proyek 4
997,8,2024-10-12,2024-10-12 17:30:00,2024-10-12 19:30:00,2,Disetujui,Lembur proyek 2
998,18,2024-10-12,2024-10-12 17:30:00,2024-10-12 21:30:00,4,Disetujui,Lembur proyek 2
999,21,2024-10-12,2024-10-12 17:30:00,2024-10-12 21:30:00,4,Ditolak,Lembur proyek 3
1000,24,2024-10-12,2024-10-12 17:30:00,2024-10-12 20:30:00,3,Disetujui,Lembur proyek 2
1001,28,2024-10-12,2024-10-12 17:30:00,2024-10-12 19:30:00,2,Ditolak,Lembur proyek 4
1002,44,2024-10-12,2024-10-12 17:30:00,2024-10-12 20:30:00,3,Disetujui,Lembur proyek 1
1003,49,2024-10-12,2024-10-12 17:30:00,2024-10-12 18:30:00,1,Ditolak,Lembur proyek 1
1004,7,2024-10-13,2024-10-13 17:30:00,2024-10-13 19:30:00,2,Ditolak,Lembur proyek 1
1005,16,2024-10-13,2024-10-13 17:30:00,2024-10-13 20:30:00,3,Disetujui,Lembur proyek 2
1006,18,2024-10-13,2024-10-13 17:30:00,2024-10-13 21:30:00,4,Ditolak,Lembur proyek 3
1007,19,2024-10-13,2024-10-13 17:30:00,2024-10-13 20:30:00,3,Ditolak,Lembur proyek 2
1008,28,2024-10-13,2024-10-13 17:30:00,2024-10-13 18:30:00,1,Disetujui,Lembur proyek 3
1009,34,2024-10-13,2024-10-13 17:30:00,2024-10-13 19:30:00,2,Ditolak,Lembur proyek 5
1010,40,2024-10-13,2024-10-13 17:30:00,2024-10-13 20:30:00,3,Disetujui,Lembur proyek 5
1011,42,2024-10-13,2024-10-13 17:30:00,2024-10-13 21:30:00,4,Disetujui,Lembur proyek 3
1012,7,2024-10-14,2024-10-14 17:30:00,2024-10-14 19:30:00,2,Disetujui,Lembur proyek 5
1013,22,2024-10-14,2024-10-14 17:30:00,2024-10-14 21:30:00,4,Disetujui,Lembur proyek 5
1014,26,2024-10-14,2024-10-14 17:30:00,2024-10-14 21:30:00,4,Ditolak,Lembur proyek 2
1015,29,2024-10-14,2024-10-14 17:30:00,2024-10-14 19:30:00,2,Ditolak,Lembur proyek 1
1016,30,2024-10-14,2024-10-14 17:30:00,2024-10-14 21:30:00,4,Disetujui,Lembur proyek 2
1017,35,2024-10-14,2024-10-14 17:30:00,2024-10-14 20:30:00,3,Ditolak,Lembur proyek 4
1018,40,2024-10-14,2024-10-14 17:30:00,2024-10-14 21:30:00,4,Ditolak,Lembur proyek 2
1019,44,2024-10-14,2024-10-14 17:30:00,2024-10-14 21:30:00,4,Ditolak,Lembur proyek 5
1020,3,2024-10-15,2024-10-15 17:30:00,2024-10-15 21:30:00,4,Disetujui,Lembur proyek 2
1021,6,2024-10-15,2024-10-15 17:30:00,2024-10-15 21:30:00,4,Ditolak,Lembur proyek 5
1022,8,2024-10-15,2024-10-15 17:30:00,2024-10-15 20:30:00,3,Disetujui,Lembur proyek 1
1023,19,2024-10-15,2024-10-15 17:30:00,2024-10-15 18:30:00,1,Disetujui,Lembur proyek 2
1024,20,2024-10-15,2024-10-15 17:30:00,2024-10-15 18:30:00,1,Disetujui,Lembur proyek 3
1025,21,2024-10-15,2024-10-15 17:30:00,2024-10-15 19:30:00,2,Ditolak,Lembur proyek 1
1026,22,2024-10-15,2024-10-15 17:30:00,2024-10-15 20:30:00,3,Disetujui,Lembur proyek 4
1027,29,2024-10-15,2024-10-15 17:30:00,2024-10-15 18:30:00,1,Ditolak,Lembur proyek 1
1028,31,2024-10-15,2024-10-15 17:30:00,2024-10-15 20:30:00,3,Disetujui,Lembur proyek 4
1029,37,2024-10-15,2024-10-15 17:30:00,2024-10-15 18:30:00,1,Disetujui,Lembur proyek 3
1030,38,2024-10-15,2024-10-15 17:30:00,2024-10-15 20:30:00,3,Ditolak,Lembur proyek 2
1031,39,2024-10-15,2024-10-15 17:30:00,2024-10-15 20:30:00,3,Disetujui,Lembur proyek 2
1032,40,2024-10-15,2024-10-15 17:30:00,2024-10-15 19:30:00,2,Disetujui,Lembur proyek 1
1033,4,2024-10-16,2024-10-16 17:30:00,2024-10-16 20:30:00,3,Disetujui,Lembur proyek 2
1034,5,2024-10-16,2024-10-16 17:30:00,2024-10-16 19:30:00,2,Ditolak,Lembur proyek 3
1035,8,2024-10-16,2024-10-16 17:30:00,2024-10-16 21:30:00,4,Disetujui,Lembur proyek 4
1036,10,2024-10-16,2024-10-16 17:30:00,2024-10-16 19:30:00,2,Ditolak,Lembur proyek 4
1037,18,2024-10-16,2024-10-16 17:30:00,2024-10-16 18:30:00,1,Ditolak,Lembur proyek 3
1038,39,2024-10-16,2024-10-16 17:30:00,2024-10-16 21:30:00,4,Disetujui,Lembur proyek 3
1039,40,2024-10-16,2024-10-16 17:30:00,2024-10-16 20:30:00,3,Disetujui,Lembur proyek 2
1040,44,2024-10-16,2024-10-16 17:30:00,2024-10-16 18:30:00,1,Ditolak,Lembur proyek 5
1041,45,2024-10-16,2024-10-16 17:30:00,2024-10-16 18:30:00,1,Disetujui,Lembur proyek 4
1042,48,2024-10-16,2024-10-16 17:30:00,2024-10-16 21:30:00,4,Ditolak,Lembur proyek 5
1043,4,2024-10-17,2024-10-17 17:30:00,2024-10-17 21:30:00,4,Ditolak,Lembur proyek 4
1044,6,2024-10-17,2024-10-17 17:30:00,2024-10-17 20:30:00,3,Ditolak,Lembur proyek 4
1045,8,2024-10-17,2024-10-17 17:30:00,2024-10-17 21:30:00,4,Disetujui,Lembur proyek 5
1046,9,2024-10-17,2024-10-17 17:30:00,2024-10-17 18:30:00,1,Ditolak,Lembur proyek 4
1047,14,2024-10-17,2024-10-17 17:30:00,2024-10-17 19:30:00,2,Ditolak,Lembur proyek 3
1048,15,2024-10-17,2024-10-17 17:30:00,2024-10-17 20:30:00,3,Disetujui,Lembur proyek 1
1049,20,2024-10-17,2024-10-17 17:30:00,2024-10-17 20:30:00,3,Ditolak,Lembur proyek 5
1050,23,2024-10-17,2024-10-17 17:30:00,2024-10-17 19:30:00,2,Disetujui,Lembur proyek 4
1051,24,2024-10-17,2024-10-17 17:30:00,2024-10-17 21:30:00,4,Disetujui,Lembur proyek 3
1052,26,2024-10-17,2024-10-17 17:30:00,2024-10-17 18:30:00,1,Disetujui,Lembur proyek 5
1053,28,2024-10-17,2024-10-17 17:30:00,2024-10-17 18:30:00,1,Disetujui,Lembur proyek 4
1054,34,2024-10-17,2024-10-17 17:30:00,2024-10-17 18:30:00,1,Disetujui,Lembur proyek 4
1055,44,2024-10-17,2024-10-17 17:30:00,2024-10-17 19:30:00,2,Disetujui,Lembur proyek 3
1056,47,2024-10-17,2024-10-17 17:30:00,2024-10-17 18:30:00,1,Ditolak,Lembur proyek 1
1057,48,2024-10-17,2024-10-17 17:30:00,2024-10-17 18:30:00,1,Disetujui,Lembur proyek 5
1058,12,2024-10-18,2024-10-18 17:30:00,2024-10-18 18:30:00,1,Disetujui,Lembur proyek 5
1059,13,2024-10-18,2024-10-18 17:30:00,2024-10-18 21:30:00,4,Ditolak,Lembur proyek 3
1060,17,2024-10-18,2024-10-18 17:30:00,2024-10-18 19:30:00,2,Disetujui,Lembur proyek 2
1061,20,2024-10-18,2024-10-18 17:30:00,2024-10-18 19:30:00,2,Disetujui,Lembur proyek 3
1062,26,2024-10-18,2024-10-18 17:30:00,2024-10-18 19:30:00,2,Disetujui,Lembur proyek 4
1063,28,2024-10-18,2024-10-18 17:30:00,2024-10-18 18:30:00,1,Disetujui,Lembur proyek 2
1064,34,2024-10-18,2024-10-18 17:30:00,2024-10-18 20:30:00,3,Disetujui,Lembur proyek 4
1065,35,2024-10-18,2024-10-18 17:30:00,2024-10-18 20:30:00,3,Disetujui,Lembur proyek 2
1066,39,2024-10-18,2024-10-18 17:30:00,2024-10-18 18:30:00,1,Ditolak,Lembur proyek 5
1067,43,2024-10-18,2024-10-18 17:30:00,2024-10-18 21:30:00,4,Ditolak,Lembur proyek 2
1068,47,2024-10-18,2024-10-18 17:30:00,2024-10-18 18:30:00,1,Disetujui,Lembur proyek 5
1069,48,2024-10-18,2024-10-18 17:30:00,2024-10-18 19:30:00,2,Disetujui,Lembur proyek 1
1070,50,2024-10-18,2024-10-18 17:30:00,2024-10-18 18:30:00,1,Ditolak,Lembur proyek 5
1071,1,2024-10-19,2024-10-19 17:30:00,2024-10-19 20:30:00,3,Ditolak,Lembur proyek 1
1072,5,2024-10-19,2024-10-19 17:30:00,2024-10-19 21:30:00,4,Ditolak,Lembur proyek 4
1073,12,2024-10-19,2024-10-19 17:30:00,2024-10-19 21:30:00,4,Disetujui,Lembur proyek 2
1074,15,2024-10-19,2024-10-19 17:30:00,2024-10-19 21:30:00,4,Disetujui,Lembur proyek 2
1075,21,2024-10-19,2024-10-19 17:30:00,2024-10-19 21:30:00,4,Disetujui,Lembur proyek 5
1076,23,2024-10-19,2024-10-19 17:30:00,2024-10-19 19:30:00,2,Ditolak,Lembur proyek 2
1077,26,2024-10-19,2024-10-19 17:30:00,2024-10-19 20:30:00,3,Disetujui,Lembur proyek 4
1078,35,2024-10-19,2024-10-19 17:30:00,2024-10-19 20:30:00,3,Disetujui,Lembur proyek 2
1079,38,2024-10-19,2024-10-19 17:30:00,2024-10-19 19:30:00,2,Disetujui,Lembur proyek 1
1080,39,2024-10-19,2024-10-19 17:30:00,2024-10-19 20:30:00,3,Disetujui,Lembur proyek 1
1081,43,2024-10-19,2024-10-19 17:30:00,2024-10-19 20:30:00,3,Ditolak,Lembur proyek 3
1082,44,2024-10-19,2024-10-19 17:30:00,2024-10-19 18:30:00,1,Ditolak,Lembur proyek 3
1083,47,2024-10-19,2024-10-19 17:30:00,2024-10-19 20:30:00,3,Ditolak,Lembur proyek 1
1084,5,2024-10-20,2024-10-20 17:30:00,2024-10-20 21:30:00,4,Disetujui,Lembur proyek 1
1085,10,2024-10-20,2024-10-20 17:30:00,2024-10-20 21:30:00,4,Ditolak,Lembur proyek 2
1086,14,2024-10-20,2024-10-20 17:30:00,2024-10-20 21:30:00,4,Disetujui,Lembur proyek 3
1087,15,2024-10-20,2024-10-20 17:30:00,2024-10-20 18:30:00,1,Ditolak,Lembur proyek 4
1088,23,2024-10-20,2024-10-20 17:30:00,2024-10-20 18:30:00,1,Ditolak,Lembur proyek 2
1089,25,2024-10-20,2024-10-20 17:30:00,2024-10-20 21:30:00,4,Ditolak,Lembur proyek 2
1090,28,2024-10-20,2024-10-20 17:30:00,2024-10-20 21:30:00,4,Ditolak,Lembur proyek 2
1091,30,2024-10-20,2024-10-20 17:30:00,2024-10-20 21:30:00,4,Ditolak,Lembur proyek 4
1092,33,2024-10-20,2024-10-20 17:30:00,2024-10-20 21:30:00,4,Disetujui,Lembur proyek 1
1093,46,2024-10-20,2024-10-20 17:30:00,2024-10-20 19:30:00,2,Disetujui,Lembur proyek 2
1094,49,2024-10-20,2024-10-20 17:30:00,2024-10-20 20:30:00,3,Disetujui,Lembur proyek 4
1095,6,2024-10-21,2024-10-21 17:30:00,2024-10-21 21:30:00,4,Disetujui,Lembur proyek 1
1096,7,2024-10-21,2024-10-21 17:30:00,2024-10-21 21:30:00,4,Ditolak,Lembur proyek 5
1097,23,2024-10-21,2024-10-21 17:30:00,2024-10-21 21:30:00,4,Disetujui,Lembur proyek 3
1098,28,2024-10-21,2024-10-21 17:30:00,2024-10-21 19:30:00,2,Disetujui,Lembur proyek 3
1099,30,2024-10-21,2024-10-21 17:30:00,2024-10-21 21:30:00,4,Ditolak,Lembur proyek 2
1100,31,2024-10-21,2024-10-21 17:30:00,2024-10-21 18:30:00,1,Ditolak,Lembur proyek 4
1101,37,2024-10-21,2024-10-21 17:30:00,2024-10-21 18:30:00,1,Ditolak,Lembur proyek 5
1102,38,2024-10-21,2024-10-21 17:30:00,2024-10-21 21:30:00,4,Disetujui,Lembur proyek 5
1103,44,2024-10-21,2024-10-21 17:30:00,2024-10-21 21:30:00,4,Disetujui,Lembur proyek 3
1104,50,2024-10-21,2024-10-21 17:30:00,2024-10-21 19:30:00,2,Ditolak,Lembur proyek 3
1105,8,2024-10-22,2024-10-22 17:30:00,2024-10-22 21:30:00,4,Disetujui,Lembur proyek 5
1106,9,2024-10-22,2024-10-22 17:30:00,2024-10-22 18:30:00,1,Disetujui,Lembur proyek 3
1107,11,2024-10-22,2024-10-22 17:30:00,2024-10-22 19:30:00,2,Disetujui,Lembur proyek 2
1108,16,2024-10-22,2024-10-22 17:30:00,2024-10-22 21:30:00,4,Disetujui,Lembur proyek 1
1109,21,2024-10-22,2024-10-22 17:30:00,2024-10-22 21:30:00,4,Ditolak,Lembur proyek 4
1110,32,2024-10-22,2024-10-22 17:30:00,2024-10-22 20:30:00,3,Disetujui,Lembur proyek 1
1111,34,2024-10-22,2024-10-22 17:30:00,2024-10-22 20:30:00,3,Ditolak,Lembur proyek 1
1112,43,2024-10-22,2024-10-22 17:30:00,2024-10-22 20:30:00,3,Ditolak,Lembur proyek 3
1113,45,2024-10-22,2024-10-22 17:30:00,2024-10-22 20:30:00,3,Ditolak,Lembur proyek 3
1114,46,2024-10-22,2024-10-22 17:30:00,2024-10-22 20:30:00,3,Disetujui,Lembur proyek 2
1115,48,2024-10-22,2024-10-22 17:30:00,2024-10-22 18:30:00,1,Ditolak,Lembur proyek 1
1116,49,2024-10-22,2024-10-22 17:30:00,2024-10-22 21:30:00,4,Disetujui,Lembur proyek 2
1117,3,2024-10-23,2024-10-23 17:30:00,2024-10-23 19:30:00,2,Disetujui,Lembur proyek 2
1118,4,2024-10-23,2024-10-23 17:30:00,2024-10-23 19:30:00,2,Disetujui,Lembur proyek 3
1119,6,2024-10-23,2024-10-23 17:30:00,2024-10-23 19:30:00,2,Disetujui,Lembur proyek 1
1120,12,2024-10-23,2024-10-23 17:30:00,2024-10-23 21:30:00,4,Ditolak,Lembur proyek 5
1121,15,2024-10-23,2024-10-23 17:30:00,2024-10-23 19:30:00,2,Ditolak,Lembur proyek 2
1122,18,2024-10-23,2024-10-23 17:30:00,2024-10-23 18:30:00,1,Disetujui,Lembur proyek 5
1123,20,2024-10-23,2024-10-23 17:30:00,2024-10-23 19:30:00,2,Disetujui,Lembur proyek 5
1124,23,2024-10-23,2024-10-23 17:30:00,2024-10-23 19:30:00,2,Disetujui,Lembur proyek 5
1125,31,2024-10-23,2024-10-23 17:30:00,2024-10-23 21:30:00,4,Disetujui,Lembur proyek 2
1126,34,2024-10-23,2024-10-23 17:30:00,2024-10-23 19:30:00,2,Ditolak,Lembur proyek 5
1127,40,2024-10-23,2024-10-23 17:30:00,2024-10-23 21:30:00,4,Disetujui,Lembur proyek 5
1128,42,2024-10-23,2024-10-23 17:30:00,2024-10-23 18:30:00,1,Ditolak,Lembur proyek 5
1129,46,2024-10-23,2024-10-23 17:30:00,2024-10-23 21:30:00,4,Disetujui,Lembur proyek 4
1130,3,2024-10-24,2024-10-24 17:30:00,2024-10-24 20:30:00,3,Ditolak,Lembur proyek 3
1131,15,2024-10-24,2024-10-24 17:30:00,2024-10-24 19:30:00,2,Ditolak,Lembur proyek 5
1132,22,2024-10-24,2024-10-24 17:30:00,2024-10-24 21:30:00,4,Disetujui,Lembur proyek 5
1133,30,2024-10-24,2024-10-24 17:30:00,2024-10-24 20:30:00,3,Disetujui,Lembur proyek 2
1134,31,2024-10-24,2024-10-24 17:30:00,2024-10-24 20:30:00,3,Ditolak,Lembur proyek 3
1135,35,2024-10-24,2024-10-24 17:30:00,2024-10-24 19:30:00,2,Disetujui,Lembur proyek 4
1136,43,2024-10-24,2024-10-24 17:30:00,2024-10-24 21:30:00,4,Ditolak,Lembur proyek 1
1137,44,2024-10-24,2024-10-24 17:30:00,2024-10-24 20:30:00,3,Ditolak,Lembur proyek 4
1138,1,2024-10-25,2024-10-25 17:30:00,2024-10-25 20:30:00,3,Ditolak,Lembur proyek 1
1139,9,2024-10-25,2024-10-25 17:30:00,2024-10-25 20:30:00,3,Ditolak,Lembur proyek 1
1140,17,2024-10-25,2024-10-25 17:30:00,2024-10-25 18:30:00,1,Ditolak,Lembur proyek 3
1141,22,2024-10-25,2024-10-25 17:30:00,2024-10-25 20:30:00,3,Ditolak,Lembur proyek 1
1142,35,2024-10-25,2024-10-25 17:30:00,2024-10-25 21:30:00,4,Disetujui,Lembur proyek 1
1143,39,2024-10-25,2024-10-25 17:30:00,2024-10-25 18:30:00,1,Ditolak,Lembur proyek 4
1144,42,2024-10-25,2024-10-25 17:30:00,2024-10-25 19:30:00,2,Disetujui,Lembur proyek 3
1145,43,2024-10-25,2024-10-25 17:30:00,2024-10-25 21:30:00,4,Disetujui,Lembur proyek 3
1146,47,2024-10-25,2024-10-25 17:30:00,2024-10-25 19:30:00,2,Disetujui,Lembur proyek 2
1147,48,2024-10-25,2024-10-25 17:30:00,2024-10-25 20:30:00,3,Disetujui,Lembur proyek 1
1148,49,2024-10-25,2024-10-25 17:30:00,2024-10-25 21:30:00,4,Disetujui,Lembur proyek 4
1149,14,2024-10-26,2024-10-26 17:30:00,2024-10-26 19:30:00,2,Ditolak,Lembur proyek 2
1150,15,2024-10-26,2024-10-26 17:30:00,2024-10-26 19:30:00,2,Disetujui,Lembur proyek 1
1151,17,2024-10-26,2024-10-26 17:30:00,2024-10-26 20:30:00,3,Ditolak,Lembur proyek 4
1152,21,2024-10-26,2024-10-26 17:30:00,2024-10-26 20:30:00,3,Ditolak,Lembur proyek 2
1153,26,2024-10-26,2024-10-26 17:30:00,2024-10-26 19:30:00,2,Ditolak,Lembur proyek 2
1154,37,2024-10-26,2024-10-26 17:30:00,2024-10-26 19:30:00,2,Ditolak,Lembur proyek 1
1155,39,2024-10-26,2024-10-26 17:30:00,2024-10-26 18:30:00,1,Disetujui,Lembur proyek 1
1156,9,2024-10-27,2024-10-27 17:30:00,2024-10-27 21:30:00,4,Ditolak,Lembur proyek 3
1157,18,2024-10-27,2024-10-27 17:30:00,2024-10-27 18:30:00,1,Disetujui,Lembur proyek 4
1158,34,2024-10-27,2024-10-27 17:30:00,2024-10-27 20:30:00,3,Disetujui,Lembur proyek 3
1159,35,2024-10-27,2024-10-27 17:30:00,2024-10-27 20:30:00,3,Ditolak,Lembur proyek 1
1160,41,2024-10-27,2024-10-27 17:30:00,2024-10-27 18:30:00,1,Ditolak,Lembur proyek 2
1161,46,2024-10-27,2024-10-27 17:30:00,2024-10-27 20:30:00,3,Disetujui,Lembur proyek 1
1162,50,2024-10-27,2024-10-27 17:30:00,2024-10-27 21:30:00,4,Ditolak,Lembur proyek 4
1163,14,2024-10-28,2024-10-28 17:30:00,2024-10-28 21:30:00,4,Disetujui,Lembur proyek 4
1164,20,2024-10-28,2024-10-28 17:30:00,2024-10-28 19:30:00,2,Disetujui,Lembur proyek 4
1165,25,2024-10-28,2024-10-28 17:30:00,2024-10-28 19:30:00,2,Disetujui,Lembur proyek 1
1166,46,2024-10-28,2024-10-28 17:30:00,2024-10-28 20:30:00,3,Disetujui,Lembur proyek 3
1167,50,2024-10-28,2024-10-28 17:30:00,2024-10-28 20:30:00,3,Disetujui,Lembur proyek 3
1168,6,2024-11-01,2024-11-01 17:30:00,2024-11-01 19:30:00,2,Disetujui,Lembur proyek 3
1169,10,2024-11-01,2024-11-01 17:30:00,2024-11-01 20:30:00,3,Disetujui,Lembur proyek 3
1170,17,2024-11-01,2024-11-01 17:30:00,2024-11-01 19:30:00,2,Ditolak,Lembur proyek 5
1171,28,2024-11-01,2024-11-01 17:30:00,2024-11-01 19:30:00,2,Ditolak,Lembur proyek 3
1172,29,2024-11-01,2024-11-01 17:30:00,2024-11-01 18:30:00,1,Disetujui,Lembur proyek 2
1173,32,2024-11-01,2024-11-01 17:30:00,2024-11-01 20:30:00,3,Disetujui,Lembur proyek 3
1174,40,2024-11-01,2024-11-01 17:30:00,2024-11-01 18:30:00,1,Disetujui,Lembur proyek 2
1175,42,2024-11-01,2024-11-01 17:30:00,2024-11-01 18:30:00,1,Disetujui,Lembur proyek 4
1176,47,2024-11-01,2024-11-01 17:30:00,2024-11-01 19:30:00,2,Ditolak,Lembur proyek 3
1177,2,2024-11-02,2024-11-02 17:30:00,2024-11-02 18:30:00,1,Disetujui,Lembur proyek 5
1178,5,2024-11-02,2024-11-02 17:30:00,2024-11-02 20:30:00,3,Disetujui,Lembur proyek 2
1179,11,2024-11-02,2024-11-02 17:30:00,2024-11-02 18:30:00,1,Ditolak,Lembur proyek 1
1180,17,2024-11-02,2024-11-02 17:30:00,2024-11-02 20:30:00,3,Disetujui,Lembur proyek 1
1181,29,2024-11-02,2024-11-02 17:30:00,2024-11-02 19:30:00,2,Disetujui,Lembur proyek 2
1182,35,2024-11-02,2024-11-02 17:30:00,2024-11-02 18:30:00,1,Ditolak,Lembur proyek 2
1183,41,2024-11-02,2024-11-02 17:30:00,2024-11-02 18:30:00,1,Ditolak,Lembur proyek 1
1184,45,2024-11-02,2024-11-02 17:30:00,2024-11-02 20:30:00,3,Disetujui,Lembur proyek 2
1185,46,2024-11-02,2024-11-02 17:30:00,2024-11-02 18:30:00,1,Ditolak,Lembur proyek 5
1186,49,2024-11-02,2024-11-02 17:30:00,2024-11-02 19:30:00,2,Disetujui,Lembur proyek 3
1187,50,2024-11-02,2024-11-02 17:30:00,2024-11-02 19:30:00,2,Ditolak,Lembur proyek 1
1188,7,2024-11-03,2024-11-03 17:30:00,2024-11-03 18:30:00,1,Ditolak,Lembur proyek 4
1189,12,2024-11-03,2024-11-03 17:30:00,2024-11-03 18:30:00,1,Disetujui,Lembur proyek 3
1190,14,2024-11-03,2024-11-03 17:30:00,2024-11-03 18:30:00,1,Ditolak,Lembur proyek 4
1191,15,2024-11-03,2024-11-03 17:30:00,2024-11-03 18:30:00,1,Ditolak,Lembur proyek 1
1192,16,2024-11-03,2024-11-03 17:30:00,2024-11-03 18:30:00,1,Ditolak,Lembur proyek 5
1193,18,2024-11-03,2024-11-03 17:30:00,2024-11-03 21:30:00,4,Ditolak,Lembur proyek 3
1194,31,2024-11-03,2024-11-03 17:30:00,2024-11-03 21:30:00,4,Disetujui,Lembur proyek 3
1195,32,2024-11-03,2024-11-03 17:30:00,2024-11-03 19:30:00,2,Disetujui,Lembur proyek 3
1196,40,2024-11-03,2024-11-03 17:30:00,2024-11-03 19:30:00,2,Ditolak,Lembur proyek 5
1197,8,2024-11-04,2024-11-04 17:30:00,2024-11-04 21:30:00,4,Ditolak,Lembur proyek 1
1198,10,2024-11-04,2024-11-04 17:30:00,2024-11-04 18:30:00,1,Disetujui,Lembur proyek 2
1199,17,2024-11-04,2024-11-04 17:30:00,2024-11-04 20:30:00,3,Ditolak,Lembur proyek 1
1200,34,2024-11-04,2024-11-04 17:30:00,2024-11-04 18:30:00,1,Ditolak,Lembur proyek 4
1201,38,2024-11-04,2024-11-04 17:30:00,2024-11-04 19:30:00,2,Disetujui,Lembur proyek 2
1202,44,2024-11-04,2024-11-04 17:30:00,2024-11-04 19:30:00,2,Disetujui,Lembur proyek 5
1203,5,2024-11-05,2024-11-05 17:30:00,2024-11-05 18:30:00,1,Ditolak,Lembur proyek 2
1204,14,2024-11-05,2024-11-05 17:30:00,2024-11-05 21:30:00,4,Ditolak,Lembur proyek 5
1205,15,2024-11-05,2024-11-05 17:30:00,2024-11-05 18:30:00,1,Ditolak,Lembur proyek 3
1206,19,2024-11-05,2024-11-05 17:30:00,2024-11-05 20:30:00,3,Ditolak,Lembur proyek 3
1207,20,2024-11-05,2024-11-05 17:30:00,2024-11-05 19:30:00,2,Disetujui,Lembur proyek 5
1208,31,2024-11-05,2024-11-05 17:30:00,2024-11-05 20:30:00,3,Ditolak,Lembur proyek 2
1209,39,2024-11-05,2024-11-05 17:30:00,2024-11-05 19:30:00,2,Ditolak,Lembur proyek 5
1210,40,2024-11-05,2024-11-05 17:30:00,2024-11-05 21:30:00,4,Disetujui,Lembur proyek 1
1211,41,2024-11-05,2024-11-05 17:30:00,2024-11-05 20:30:00,3,Ditolak,Lembur proyek 1
1212,49,2024-11-05,2024-11-05 17:30:00,2024-11-05 19:30:00,2,Disetujui,Lembur proyek 5
1213,2,2024-11-06,2024-11-06 17:30:00,2024-11-06 20:30:00,3,Disetujui,Lembur proyek 3
1214,5,2024-11-06,2024-11-06 17:30:00,2024-11-06 20:30:00,3,Ditolak,Lembur proyek 2
1215,9,2024-11-06,2024-11-06 17:30:00,2024-11-06 21:30:00,4,Ditolak,Lembur proyek 3
1216,11,2024-11-06,2024-11-06 17:30:00,2024-11-06 21:30:00,4,Disetujui,Lembur proyek 1
1217,14,2024-11-06,2024-11-06 17:30:00,2024-11-06 19:30:00,2,Disetujui,Lembur proyek 3
1218,16,2024-11-06,2024-11-06 17:30:00,2024-11-06 18:30:00,1,Ditolak,Lembur proyek 4
1219,17,2024-11-06,2024-11-06 17:30:00,2024-11-06 18:30:00,1,Ditolak,Lembur proyek 3
1220,18,2024-11-06,2024-11-06 17:30:00,2024-11-06 20:30:00,3,Ditolak,Lembur proyek 5
1221,21,2024-11-06,2024-11-06 17:30:00,2024-11-06 21:30:00,4,Disetujui,Lembur proyek 3
1222,23,2024-11-06,2024-11-06 17:30:00,2024-11-06 19:30:00,2,Ditolak,Lembur proyek 2
1223,30,2024-11-06,2024-11-06 17:30:00,2024-11-06 21:30:00,4,Ditolak,Lembur proyek 4
1224,33,2024-11-06,2024-11-06 17:30:00,2024-11-06 21:30:00,4,Ditolak,Lembur proyek 1
1225,46,2024-11-06,2024-11-06 17:30:00,2024-11-06 20:30:00,3,Ditolak,Lembur proyek 2
1226,50,2024-11-06,2024-11-06 17:30:00,2024-11-06 20:30:00,3,Disetujui,Lembur proyek 3
1227,22,2024-11-07,2024-11-07 17:30:00,2024-11-07 18:30:00,1,Disetujui,Lembur proyek 3
1228,23,2024-11-07,2024-11-07 17:30:00,2024-11-07 18:30:00,1,Ditolak,Lembur proyek 3
1229,24,2024-11-07,2024-11-07 17:30:00,2024-11-07 18:30:00,1,Ditolak,Lembur proyek 1
1230,32,2024-11-07,2024-11-07 17:30:00,2024-11-07 21:30:00,4,Ditolak,Lembur proyek 3
1231,34,2024-11-07,2024-11-07 17:30:00,2024-11-07 19:30:00,2,Ditolak,Lembur proyek 2
1232,36,2024-11-07,2024-11-07 17:30:00,2024-11-07 19:30:00,2,Ditolak,Lembur proyek 4
1233,39,2024-11-07,2024-11-07 17:30:00,2024-11-07 19:30:00,2,Disetujui,Lembur proyek 4
1234,42,2024-11-07,2024-11-07 17:30:00,2024-11-07 21:30:00,4,Ditolak,Lembur proyek 4
1235,47,2024-11-07,2024-11-07 17:30:00,2024-11-07 21:30:00,4,Disetujui,Lembur proyek 4
1236,50,2024-11-07,2024-11-07 17:30:00,2024-11-07 19:30:00,2,Ditolak,Lembur proyek 3
1237,3,2024-11-08,2024-11-08 17:30:00,2024-11-08 21:30:00,4,Ditolak,Lembur proyek 4
1238,5,2024-11-08,2024-11-08 17:30:00,2024-11-08 21:30:00,4,Disetujui,Lembur proyek 4
1239,7,2024-11-08,2024-11-08 17:30:00,2024-11-08 19:30:00,2,Ditolak,Lembur proyek 1
1240,8,2024-11-08,2024-11-08 17:30:00,2024-11-08 19:30:00,2,Disetujui,Lembur proyek 3
1241,9,2024-11-08,2024-11-08 17:30:00,2024-11-08 20:30:00,3,Ditolak,Lembur proyek 4
1242,16,2024-11-08,2024-11-08 17:30:00,2024-11-08 21:30:00,4,Disetujui,Lembur proyek 3
1243,21,2024-11-08,2024-11-08 17:30:00,2024-11-08 21:30:00,4,Disetujui,Lembur proyek 5
1244,31,2024-11-08,2024-11-08 17:30:00,2024-11-08 18:30:00,1,Ditolak,Lembur proyek 2
1245,32,2024-11-08,2024-11-08 17:30:00,2024-11-08 18:30:00,1,Ditolak,Lembur proyek 1
1246,41,2024-11-08,2024-11-08 17:30:00,2024-11-08 20:30:00,3,Ditolak,Lembur proyek 5
1247,45,2024-11-08,2024-11-08 17:30:00,2024-11-08 21:30:00,4,Ditolak,Lembur proyek 5
1248,1,2024-11-09,2024-11-09 17:30:00,2024-11-09 20:30:00,3,Disetujui,Lembur proyek 4
1249,15,2024-11-09,2024-11-09 17:30:00,2024-11-09 18:30:00,1,Ditolak,Lembur proyek 5
1250,18,2024-11-09,2024-11-09 17:30:00,2024-11-09 20:30:00,3,Ditolak,Lembur proyek 3
1251,19,2024-11-09,2024-11-09 17:30:00,2024-11-09 21:30:00,4,Ditolak,Lembur proyek 5
1252,35,2024-11-09,2024-11-09 17:30:00,2024-11-09 20:30:00,3,Ditolak,Lembur proyek 3
1253,41,2024-11-09,2024-11-09 17:30:00,2024-11-09 21:30:00,4,Disetujui,Lembur proyek 1
1254,42,2024-11-09,2024-11-09 17:30:00,2024-11-09 20:30:00,3,Disetujui,Lembur proyek 4
1255,6,2024-11-10,2024-11-10 17:30:00,2024-11-10 21:30:00,4,Disetujui,Lembur proyek 4
1256,9,2024-11-10,2024-11-10 17:30:00,2024-11-10 21:30:00,4,Disetujui,Lembur proyek 2
1257,12,2024-11-10,2024-11-10 17:30:00,2024-11-10 20:30:00,3,Ditolak,Lembur proyek 5
1258,19,2024-11-10,2024-11-10 17:30:00,2024-11-10 18:30:00,1,Ditolak,Lembur proyek 1
1259,20,2024-11-10,2024-11-10 17:30:00,2024-11-10 19:30:00,2,Ditolak,Lembur proyek 2
1260,22,2024-11-10,2024-11-10 17:30:00,2024-11-10 19:30:00,2,Disetujui,Lembur proyek 2
1261,27,2024-11-10,2024-11-10 17:30:00,2024-11-10 19:30:00,2,Ditolak,Lembur proyek 4
1262,31,2024-11-10,2024-11-10 17:30:00,2024-11-10 21:30:00,4,Ditolak,Lembur proyek 5
1263,49,2024-11-10,2024-11-10 17:30:00,2024-11-10 18:30:00,1,Ditolak,Lembur proyek 4
1264,4,2024-11-11,2024-11-11 17:30:00,2024-11-11 21:30:00,4,Disetujui,Lembur proyek 5
1265,10,2024-11-11,2024-11-11 17:30:00,2024-11-11 19:30:00,2,Ditolak,Lembur proyek 3
1266,11,2024-11-11,2024-11-11 17:30:00,2024-11-11 21:30:00,4,Disetujui,Lembur proyek 4
1267,14,2024-11-11,2024-11-11 17:30:00,2024-11-11 21:30:00,4,Disetujui,Lembur proyek 2
1268,17,2024-11-11,2024-11-11 17:30:00,2024-11-11 18:30:00,1,Disetujui,Lembur proyek 2
1269,22,2024-11-11,2024-11-11 17:30:00,2024-11-11 21:30:00,4,Disetujui,Lembur proyek 4
1270,25,2024-11-11,2024-11-11 17:30:00,2024-11-11 18:30:00,1,Disetujui,Lembur proyek 4
1271,31,2024-11-11,2024-11-11 17:30:00,2024-11-11 18:30:00,1,Ditolak,Lembur proyek 2
1272,38,2024-11-11,2024-11-11 17:30:00,2024-11-11 20:30:00,3,Disetujui,Lembur proyek 1
1273,44,2024-11-11,2024-11-11 17:30:00,2024-11-11 20:30:00,3,Disetujui,Lembur proyek 4
1274,49,2024-11-11,2024-11-11 17:30:00,2024-11-11 20:30:00,3,Ditolak,Lembur proyek 4
1275,50,2024-11-11,2024-11-11 17:30:00,2024-11-11 21:30:00,4,Ditolak,Lembur proyek 4
1276,11,2024-11-12,2024-11-12 17:30:00,2024-11-12 20:30:00,3,Disetujui,Lembur proyek 5
1277,35,2024-11-12,2024-11-12 17:30:00,2024-11-12 20:30:00,3,Disetujui,Lembur proyek 1
1278,36,2024-11-12,2024-11-12 17:30:00,2024-11-12 21:30:00,4,Disetujui,Lembur proyek 5
1279,49,2024-11-12,2024-11-12 17:30:00,2024-11-12 18:30:00,1,Disetujui,Lembur proyek 3
1280,5,2024-11-13,2024-11-13 17:30:00,2024-11-13 20:30:00,3,Ditolak,Lembur proyek 2
1281,13,2024-11-13,2024-11-13 17:30:00,2024-11-13 19:30:00,2,Ditolak,Lembur proyek 4
1282,16,2024-11-13,2024-11-13 17:30:00,2024-11-13 21:30:00,4,Ditolak,Lembur proyek 5
1283,20,2024-11-13,2024-11-13 17:30:00,2024-11-13 18:30:00,1,Ditolak,Lembur proyek 3
1284,1,2024-11-14,2024-11-14 17:30:00,2024-11-14 21:30:00,4,Ditolak,Lembur proyek 1
1285,6,2024-11-14,2024-11-14 17:30:00,2024-11-14 20:30:00,3,Ditolak,Lembur proyek 2
1286,7,2024-11-14,2024-11-14 17:30:00,2024-11-14 18:30:00,1,Disetujui,Lembur proyek 3
1287,8,2024-11-14,2024-11-14 17:30:00,2024-11-14 21:30:00,4,Ditolak,Lembur proyek 3
1288,9,2024-11-14,2024-11-14 17:30:00,2024-11-14 20:30:00,3,Ditolak,Lembur proyek 5
1289,12,2024-11-14,2024-11-14 17:30:00,2024-11-14 21:30:00,4,Disetujui,Lembur proyek 2
1290,13,2024-11-14,2024-11-14 17:30:00,2024-11-14 18:30:00,1,Disetujui,Lembur proyek 2
1291,17,2024-11-14,2024-11-14 17:30:00,2024-11-14 21:30:00,4,Ditolak,Lembur proyek 3
1292,28,2024-11-14,2024-11-14 17:30:00,2024-11-14 18:30:00,1,Disetujui,Lembur proyek 2
1293,38,2024-11-14,2024-11-14 17:30:00,2024-11-14 19:30:00,2,Ditolak,Lembur proyek 2
1294,41,2024-11-14,2024-11-14 17:30:00,2024-11-14 21:30:00,4,Ditolak,Lembur proyek 5
1295,47,2024-11-14,2024-11-14 17:30:00,2024-11-14 21:30:00,4,Disetujui,Lembur proyek 5
1296,1,2024-11-15,2024-11-15 17:30:00,2024-11-15 21:30:00,4,Ditolak,Lembur proyek 1
1297,5,2024-11-15,2024-11-15 17:30:00,2024-11-15 18:30:00,1,Ditolak,Lembur proyek 2
1298,7,2024-11-15,2024-11-15 17:30:00,2024-11-15 21:30:00,4,Disetujui,Lembur proyek 1
1299,17,2024-11-15,2024-11-15 17:30:00,2024-11-15 21:30:00,4,Disetujui,Lembur proyek 5
1300,18,2024-11-15,2024-11-15 17:30:00,2024-11-15 19:30:00,2,Ditolak,Lembur proyek 5
1301,19,2024-11-15,2024-11-15 17:30:00,2024-11-15 21:30:00,4,Ditolak,Lembur proyek 2
1302,22,2024-11-15,2024-11-15 17:30:00,2024-11-15 20:30:00,3,Ditolak,Lembur proyek 2
1303,23,2024-11-15,2024-11-15 17:30:00,2024-11-15 20:30:00,3,Ditolak,Lembur proyek 3
1304,24,2024-11-15,2024-11-15 17:30:00,2024-11-15 19:30:00,2,Ditolak,Lembur proyek 4
1305,25,2024-11-15,2024-11-15 17:30:00,2024-11-15 20:30:00,3,Ditolak,Lembur proyek 4
1306,31,2024-11-15,2024-11-15 17:30:00,2024-11-15 19:30:00,2,Disetujui,Lembur proyek 3
1307,32,2024-11-15,2024-11-15 17:30:00,2024-11-15 19:30:00,2,Disetujui,Lembur proyek 4
1308,34,2024-11-15,2024-11-15 17:30:00,2024-11-15 21:30:00,4,Ditolak,Lembur proyek 1
1309,41,2024-11-15,2024-11-15 17:30:00,2024-11-15 18:30:00,1,Ditolak,Lembur proyek 2
1310,46,2024-11-15,2024-11-15 17:30:00,2024-11-15 18:30:00,1,Ditolak,Lembur proyek 4
1311,47,2024-11-15,2024-11-15 17:30:00,2024-11-15 21:30:00,4,Ditolak,Lembur proyek 3
1312,49,2024-11-15,2024-11-15 17:30:00,2024-11-15 19:30:00,2,Ditolak,Lembur proyek 1
1313,50,2024-11-15,2024-11-15 17:30:00,2024-11-15 18:30:00,1,Ditolak,Lembur proyek 2
1314,8,2024-11-16,2024-11-16 17:30:00,2024-11-16 20:30:00,3,Disetujui,Lembur proyek 1
1315,11,2024-11-16,2024-11-16 17:30:00,2024-11-16 20:30:00,3,Ditolak,Lembur proyek 2
1316,18,2024-11-16,2024-11-16 17:30:00,2024-11-16 18:30:00,1,Ditolak,Lembur proyek 4
1317,19,2024-11-16,2024-11-16 17:30:00,2024-11-16 20:30:00,3,Ditolak,Lembur proyek 4
1318,20,2024-11-16,2024-11-16 17:30:00,2024-11-16 21:30:00,4,Ditolak,Lembur proyek 1
1319,21,2024-11-16,2024-11-16 17:30:00,2024-11-16 21:30:00,4,Disetujui,Lembur proyek 4
1320,23,2024-11-16,2024-11-16 17:30:00,2024-11-16 20:30:00,3,Ditolak,Lembur proyek 4
1321,26,2024-11-16,2024-11-16 17:30:00,2024-11-16 19:30:00,2,Ditolak,Lembur proyek 4
1322,30,2024-11-16,2024-11-16 17:30:00,2024-11-16 21:30:00,4,Disetujui,Lembur proyek 5
1323,32,2024-11-16,2024-11-16 17:30:00,2024-11-16 21:30:00,4,Disetujui,Lembur proyek 1
1324,35,2024-11-16,2024-11-16 17:30:00,2024-11-16 18:30:00,1,Ditolak,Lembur proyek 3
1325,36,2024-11-16,2024-11-16 17:30:00,2024-11-16 18:30:00,1,Ditolak,Lembur proyek 5
1326,49,2024-11-16,2024-11-16 17:30:00,2024-11-16 19:30:00,2,Disetujui,Lembur proyek 1
1327,50,2024-11-16,2024-11-16 17:30:00,2024-11-16 18:30:00,1,Ditolak,Lembur proyek 4
1328,10,2024-11-17,2024-11-17 17:30:00,2024-11-17 19:30:00,2,Ditolak,Lembur proyek 1
1329,11,2024-11-17,2024-11-17 17:30:00,2024-11-17 21:30:00,4,Disetujui,Lembur proyek 3
1330,16,2024-11-17,2024-11-17 17:30:00,2024-11-17 20:30:00,3,Disetujui,Lembur proyek 2
1331,18,2024-11-17,2024-11-17 17:30:00,2024-11-17 19:30:00,2,Ditolak,Lembur proyek 4
1332,22,2024-11-17,2024-11-17 17:30:00,2024-11-17 21:30:00,4,Disetujui,Lembur proyek 1
1333,23,2024-11-17,2024-11-17 17:30:00,2024-11-17 21:30:00,4,Disetujui,Lembur proyek 3
1334,24,2024-11-17,2024-11-17 17:30:00,2024-11-17 19:30:00,2,Disetujui,Lembur proyek 4
1335,29,2024-11-17,2024-11-17 17:30:00,2024-11-17 19:30:00,2,Ditolak,Lembur proyek 2
1336,30,2024-11-17,2024-11-17 17:30:00,2024-11-17 20:30:00,3,Ditolak,Lembur proyek 4
1337,46,2024-11-17,2024-11-17 17:30:00,2024-11-17 19:30:00,2,Ditolak,Lembur proyek 2
1338,48,2024-11-17,2024-11-17 17:30:00,2024-11-17 20:30:00,3,Ditolak,Lembur proyek 5
1339,49,2024-11-17,2024-11-17 17:30:00,2024-11-17 19:30:00,2,Ditolak,Lembur proyek 3
1340,1,2024-11-18,2024-11-18 17:30:00,2024-11-18 21:30:00,4,Disetujui,Lembur proyek 2
1341,15,2024-11-18,2024-11-18 17:30:00,2024-11-18 21:30:00,4,Disetujui,Lembur proyek 3
1342,16,2024-11-18,2024-11-18 17:30:00,2024-11-18 20:30:00,3,Ditolak,Lembur proyek 1
1343,25,2024-11-18,2024-11-18 17:30:00,2024-11-18 18:30:00,1,Ditolak,Lembur proyek 1
1344,30,2024-11-18,2024-11-18 17:30:00,2024-11-18 20:30:00,3,Disetujui,Lembur proyek 1
1345,32,2024-11-18,2024-11-18 17:30:00,2024-11-18 21:30:00,4,Ditolak,Lembur proyek 5
1346,42,2024-11-18,2024-11-18 17:30:00,2024-11-18 20:30:00,3,Ditolak,Lembur proyek 5
1347,50,2024-11-18,2024-11-18 17:30:00,2024-11-18 20:30:00,3,Disetujui,Lembur proyek 4
1348,5,2024-11-19,2024-11-19 17:30:00,2024-11-19 19:30:00,2,Disetujui,Lembur proyek 4
1349,6,2024-11-19,2024-11-19 17:30:00,2024-11-19 20:30:00,3,Disetujui,Lembur proyek 3
1350,11,2024-11-19,2024-11-19 17:30:00,2024-11-19 18:30:00,1,Disetujui,Lembur proyek 5
1351,15,2024-11-19,2024-11-19 17:30:00,2024-11-19 20:30:00,3,Disetujui,Lembur proyek 3
1352,19,2024-11-19,2024-11-19 17:30:00,2024-11-19 20:30:00,3,Disetujui,Lembur proyek 5
1353,20,2024-11-19,2024-11-19 17:30:00,2024-11-19 21:30:00,4,Disetujui,Lembur proyek 4
1354,24,2024-11-19,2024-11-19 17:30:00,2024-11-19 20:30:00,3,Ditolak,Lembur proyek 4
1355,27,2024-11-19,2024-11-19 17:30:00,2024-11-19 21:30:00,4,Ditolak,Lembur proyek 5
1356,40,2024-11-19,2024-11-19 17:30:00,2024-11-19 20:30:00,3,Disetujui,Lembur proyek 3
1357,49,2024-11-19,2024-11-19 17:30:00,2024-11-19 21:30:00,4,Disetujui,Lembur proyek 4
1358,3,2024-11-20,2024-11-20 17:30:00,2024-11-20 18:30:00,1,Ditolak,Lembur proyek 1
1359,4,2024-11-20,2024-11-20 17:30:00,2024-11-20 20:30:00,3,Disetujui,Lembur proyek 4
1360,6,2024-11-20,2024-11-20 17:30:00,2024-11-20 21:30:00,4,Ditolak,Lembur proyek 3
1361,18,2024-11-20,2024-11-20 17:30:00,2024-11-20 18:30:00,1,Ditolak,Lembur proyek 3
1362,25,2024-11-20,2024-11-20 17:30:00,2024-11-20 21:30:00,4,Disetujui,Lembur proyek 1
1363,29,2024-11-20,2024-11-20 17:30:00,2024-11-20 21:30:00,4,Disetujui,Lembur proyek 5
1364,32,2024-11-20,2024-11-20 17:30:00,2024-11-20 20:30:00,3,Ditolak,Lembur proyek 1
1365,34,2024-11-20,2024-11-20 17:30:00,2024-11-20 21:30:00,4,Disetujui,Lembur proyek 2
1366,41,2024-11-20,2024-11-20 17:30:00,2024-11-20 18:30:00,1,Ditolak,Lembur proyek 3
1367,42,2024-11-20,2024-11-20 17:30:00,2024-11-20 20:30:00,3,Disetujui,Lembur proyek 2
1368,43,2024-11-20,2024-11-20 17:30:00,2024-11-20 18:30:00,1,Disetujui,Lembur proyek 2
1369,8,2024-11-21,2024-11-21 17:30:00,2024-11-21 19:30:00,2,Ditolak,Lembur proyek 2
1370,14,2024-11-21,2024-11-21 17:30:00,2024-11-21 19:30:00,2,Disetujui,Lembur proyek 2
1371,17,2024-11-21,2024-11-21 17:30:00,2024-11-21 19:30:00,2,Ditolak,Lembur proyek 3
1372,23,2024-11-21,2024-11-21 17:30:00,2024-11-21 19:30:00,2,Ditolak,Lembur proyek 4
1373,26,2024-11-21,2024-11-21 17:30:00,2024-11-21 18:30:00,1,Disetujui,Lembur proyek 2
1374,37,2024-11-21,2024-11-21 17:30:00,2024-11-21 18:30:00,1,Ditolak,Lembur proyek 2
1375,39,2024-11-21,2024-11-21 17:30:00,2024-11-21 18:30:00,1,Disetujui,Lembur proyek 2
1376,47,2024-11-21,2024-11-21 17:30:00,2024-11-21 18:30:00,1,Disetujui,Lembur proyek 1
1377,49,2024-11-21,2024-11-21 17:30:00,2024-11-21 20:30:00,3,Ditolak,Lembur proyek 2
1378,50,2024-11-21,2024-11-21 17:30:00,2024-11-21 18:30:00,1,Ditolak,Lembur proyek 1
1379,2,2024-11-22,2024-11-22 17:30:00,2024-11-22 18:30:00,1,Disetujui,Lembur proyek 5
1380,7,2024-11-22,2024-11-22 17:30:00,2024-11-22 18:30:00,1,Disetujui,Lembur proyek 1
1381,8,2024-11-22,2024-11-22 17:30:00,2024-11-22 20:30:00,3,Disetujui,Lembur proyek 3
1382,10,2024-11-22,2024-11-22 17:30:00,2024-11-22 20:30:00,3,Disetujui,Lembur proyek 1
1383,15,2024-11-22,2024-11-22 17:30:00,2024-11-22 18:30:00,1,Disetujui,Lembur proyek 4
1384,26,2024-11-22,2024-11-22 17:30:00,2024-11-22 18:30:00,1,Disetujui,Lembur proyek 1
1385,44,2024-11-22,2024-11-22 17:30:00,2024-11-22 21:30:00,4,Ditolak,Lembur proyek 2
1386,45,2024-11-22,2024-11-22 17:30:00,2024-11-22 19:30:00,2,Ditolak,Lembur proyek 4
1387,7,2024-11-23,2024-11-23 17:30:00,2024-11-23 18:30:00,1,Ditolak,Lembur proyek 5
1388,12,2024-11-23,2024-11-23 17:30:00,2024-11-23 20:30:00,3,Disetujui,Lembur proyek 3
1389,20,2024-11-23,2024-11-23 17:30:00,2024-11-23 21:30:00,4,Ditolak,Lembur proyek 3
1390,22,2024-11-23,2024-11-23 17:30:00,2024-11-23 21:30:00,4,Disetujui,Lembur proyek 4
1391,24,2024-11-23,2024-11-23 17:30:00,2024-11-23 21:30:00,4,Disetujui,Lembur proyek 1
1392,34,2024-11-23,2024-11-23 17:30:00,2024-11-23 18:30:00,1,Ditolak,Lembur proyek 5
1393,35,2024-11-23,2024-11-23 17:30:00,2024-11-23 21:30:00,4,Disetujui,Lembur proyek 1
1394,37,2024-11-23,2024-11-23 17:30:00,2024-11-23 21:30:00,4,Disetujui,Lembur proyek 4
1395,46,2024-11-23,2024-11-23 17:30:00,2024-11-23 18:30:00,1,Ditolak,Lembur proyek 3
1396,47,2024-11-23,2024-11-23 17:30:00,2024-11-23 19:30:00,2,Ditolak,Lembur proyek 3
1397,8,2024-11-24,2024-11-24 17:30:00,2024-11-24 19:30:00,2,Disetujui,Lembur proyek 3
1398,9,2024-11-24,2024-11-24 17:30:00,2024-11-24 20:30:00,3,Disetujui,Lembur proyek 3
1399,10,2024-11-24,2024-11-24 17:30:00,2024-11-24 19:30:00,2,Disetujui,Lembur proyek 4
1400,12,2024-11-24,2024-11-24 17:30:00,2024-11-24 21:30:00,4,Disetujui,Lembur proyek 2
1401,15,2024-11-24,2024-11-24 17:30:00,2024-11-24 21:30:00,4,Disetujui,Lembur proyek 4
1402,20,2024-11-24,2024-11-24 17:30:00,2024-11-24 21:30:00,4,Ditolak,Lembur proyek 1
1403,21,2024-11-24,2024-11-24 17:30:00,2024-11-24 21:30:00,4,Ditolak,Lembur proyek 5
1404,27,2024-11-24,2024-11-24 17:30:00,2024-11-24 21:30:00,4,Ditolak,Lembur proyek 2
1405,28,2024-11-24,2024-11-24 17:30:00,2024-11-24 20:30:00,3,Disetujui,Lembur proyek 1
1406,40,2024-11-24,2024-11-24 17:30:00,2024-11-24 18:30:00,1,Ditolak,Lembur proyek 5
1407,42,2024-11-24,2024-11-24 17:30:00,2024-11-24 19:30:00,2,Ditolak,Lembur proyek 3
1408,44,2024-11-24,2024-11-24 17:30:00,2024-11-24 21:30:00,4,Disetujui,Lembur proyek 4
1409,49,2024-11-24,2024-11-24 17:30:00,2024-11-24 18:30:00,1,Disetujui,Lembur proyek 3
1410,50,2024-11-24,2024-11-24 17:30:00,2024-11-24 21:30:00,4,Disetujui,Lembur proyek 4
1411,3,2024-11-25,2024-11-25 17:30:00,2024-11-25 21:30:00,4,Disetujui,Lembur proyek 1
1412,6,2024-11-25,2024-11-25 17:30:00,2024-11-25 19:30:00,2,Disetujui,Lembur proyek 1
1413,10,2024-11-25,2024-11-25 17:30:00,2024-11-25 21:30:00,4,Ditolak,Lembur proyek 4
1414,18,2024-11-25,2024-11-25 17:30:00,2024-11-25 20:30:00,3,Ditolak,Lembur proyek 4
1415,23,2024-11-25,2024-11-25 17:30:00,2024-11-25 18:30:00,1,Ditolak,Lembur proyek 1
1416,27,2024-11-25,2024-11-25 17:30:00,2024-11-25 19:30:00,2,Ditolak,Lembur proyek 5
1417,32,2024-11-25,2024-11-25 17:30:00,2024-11-25 18:30:00,1,Ditolak,Lembur proyek 2
1418,34,2024-11-25,2024-11-25 17:30:00,2024-11-25 18:30:00,1,Ditolak,Lembur proyek 4
1419,44,2024-11-25,2024-11-25 17:30:00,2024-11-25 19:30:00,2,Ditolak,Lembur proyek 1
1420,45,2024-11-25,2024-11-25 17:30:00,2024-11-25 21:30:00,4,Ditolak,Lembur proyek 2
1421,47,2024-11-25,2024-11-25 17:30:00,2024-11-25 21:30:00,4,Ditolak,Lembur proyek 5
1422,49,2024-11-25,2024-11-25 17:30:00,2024-11-25 19:30:00,2,Disetujui,Lembur proyek 3
1423,2,2024-11-26,2024-11-26 17:30:00,2024-11-26 18:30:00,1,Ditolak,Lembur proyek 5
1424,4,2024-11-26,2024-11-26 17:30:00,2024-11-26 20:30:00,3,Ditolak,Lembur proyek 1
1425,5,2024-11-26,2024-11-26 17:30:00,2024-11-26 18:30:00,1,Disetujui,Lembur proyek 4
1426,8,2024-11-26,2024-11-26 17:30:00,2024-11-26 20:30:00,3,Disetujui,Lembur proyek 5
1427,10,2024-11-26,2024-11-26 17:30:00,2024-11-26 19:30:00,2,Ditolak,Lembur proyek 4
1428,11,2024-11-26,2024-11-26 17:30:00,2024-11-26 21:30:00,4,Disetujui,Lembur proyek 4
1429,13,2024-11-26,2024-11-26 17:30:00,2024-11-26 20:30:00,3,Disetujui,Lembur proyek 4
1430,19,2024-11-26,2024-11-26 17:30:00,2024-11-26 19:30:00,2,Ditolak,Lembur proyek 3
1431,20,2024-11-26,2024-11-26 17:30:00,2024-11-26 19:30:00,2,Ditolak,Lembur proyek 3
1432,26,2024-11-26,2024-11-26 17:30:00,2024-11-26 20:30:00,3,Disetujui,Lembur proyek 1
1433,30,2024-11-26,2024-11-26 17:30:00,2024-11-26 21:30:00,4,Disetujui,Lembur proyek 3
1434,40,2024-11-26,2024-11-26 17:30:00,2024-11-26 19:30:00,2,Ditolak,Lembur proyek 3
1435,41,2024-11-26,2024-11-26 17:30:00,2024-11-26 19:30:00,2,Ditolak,Lembur proyek 1
1436,13,2024-11-27,2024-11-27 17:30:00,2024-11-27 19:30:00,2,Ditolak,Lembur proyek 3
1437,15,2024-11-27,2024-11-27 17:30:00,2024-11-27 20:30:00,3,Ditolak,Lembur proyek 1
1438,20,2024-11-27,2024-11-27 17:30:00,2024-11-27 18:30:00,1,Disetujui,Lembur proyek 4
1439,23,2024-11-27,2024-11-27 17:30:00,2024-11-27 21:30:00,4,Ditolak,Lembur proyek 4
1440,28,2024-11-27,2024-11-27 17:30:00,2024-11-27 18:30:00,1,Disetujui,Lembur proyek 2
1441,29,2024-11-27,2024-11-27 17:30:00,2024-11-27 20:30:00,3,Ditolak,Lembur proyek 2
1442,34,2024-11-27,2024-11-27 17:30:00,2024-11-27 19:30:00,2,Ditolak,Lembur proyek 5
1443,36,2024-11-27,2024-11-27 17:30:00,2024-11-27 21:30:00,4,Ditolak,Lembur proyek 1
1444,39,2024-11-27,2024-11-27 17:30:00,2024-11-27 19:30:00,2,Disetujui,Lembur proyek 2
1445,40,2024-11-27,2024-11-27 17:30:00,2024-11-27 18:30:00,1,Disetujui,Lembur proyek 2
1446,43,2024-11-27,2024-11-27 17:30:00,2024-11-27 18:30:00,1,Disetujui,Lembur proyek 5
1447,50,2024-11-27,2024-11-27 17:30:00,2024-11-27 18:30:00,1,Disetujui,Lembur proyek 3
1448,6,2024-11-28,2024-11-28 17:30:00,2024-11-28 20:30:00,3,Ditolak,Lembur proyek 5
1449,13,2024-11-28,2024-11-28 17:30:00,2024-11-28 20:30:00,3,Ditolak,Lembur proyek 1
1450,14,2024-11-28,2024-11-28 17:30:00,2024-11-28 20:30:00,3,Ditolak,Lembur proyek 3
1451,16,2024-11-28,2024-11-28 17:30:00,2024-11-28 20:30:00,3,Ditolak,Lembur proyek 2
1452,17,2024-11-28,2024-11-28 17:30:00,2024-11-28 21:30:00,4,Disetujui,Lembur proyek 3
1453,20,2024-11-28,2024-11-28 17:30:00,2024-11-28 18:30:00,1,Ditolak,Lembur proyek 4
1454,23,2024-11-28,2024-11-28 17:30:00,2024-11-28 20:30:00,3,Ditolak,Lembur proyek 3
1455,25,2024-11-28,2024-11-28 17:30:00,2024-11-28 19:30:00,2,Ditolak,Lembur proyek 2
1456,26,2024-11-28,2024-11-28 17:30:00,2024-11-28 19:30:00,2,Ditolak,Lembur proyek 4
1457,31,2024-11-28,2024-11-28 17:30:00,2024-11-28 20:30:00,3,Ditolak,Lembur proyek 4
1458,32,2024-11-28,2024-11-28 17:30:00,2024-11-28 19:30:00,2,Disetujui,Lembur proyek 1
1459,34,2024-11-28,2024-11-28 17:30:00,2024-11-28 18:30:00,1,Ditolak,Lembur proyek 5
1460,2,2024-12-01,2024-12-01 17:30:00,2024-12-01 18:30:00,1,Ditolak,Lembur proyek 5
1461,4,2024-12-01,2024-12-01 17:30:00,2024-12-01 20:30:00,3,Disetujui,Lembur proyek 3
1462,7,2024-12-01,2024-12-01 17:30:00,2024-12-01 18:30:00,1,Disetujui,Lembur proyek 5
1463,9,2024-12-01,2024-12-01 17:30:00,2024-12-01 20:30:00,3,Ditolak,Lembur proyek 4
1464,21,2024-12-01,2024-12-01 17:30:00,2024-12-01 21:30:00,4,Disetujui,Lembur proyek 1
1465,31,2024-12-01,2024-12-01 17:30:00,2024-12-01 18:30:00,1,Disetujui,Lembur proyek 4
1466,1,2024-12-02,2024-12-02 17:30:00,2024-12-02 21:30:00,4,Disetujui,Lembur proyek 5
1467,5,2024-12-02,2024-12-02 17:30:00,2024-12-02 19:30:00,2,Disetujui,Lembur proyek 1
1468,7,2024-12-02,2024-12-02 17:30:00,2024-12-02 20:30:00,3,Disetujui,Lembur proyek 1
1469,20,2024-12-02,2024-12-02 17:30:00,2024-12-02 20:30:00,3,Ditolak,Lembur proyek 4
1470,21,2024-12-02,2024-12-02 17:30:00,2024-12-02 20:30:00,3,Ditolak,Lembur proyek 2
1471,24,2024-12-02,2024-12-02 17:30:00,2024-12-02 19:30:00,2,Ditolak,Lembur proyek 3
1472,25,2024-12-02,2024-12-02 17:30:00,2024-12-02 19:30:00,2,Disetujui,Lembur proyek 2
1473,31,2024-12-02,2024-12-02 17:30:00,2024-12-02 19:30:00,2,Disetujui,Lembur proyek 2
1474,36,2024-12-02,2024-12-02 17:30:00,2024-12-02 20:30:00,3,Disetujui,Lembur proyek 3
1475,42,2024-12-02,2024-12-02 17:30:00,2024-12-02 18:30:00,1,Disetujui,Lembur proyek 5
1476,44,2024-12-02,2024-12-02 17:30:00,2024-12-02 20:30:00,3,Disetujui,Lembur proyek 3
1477,46,2024-12-02,2024-12-02 17:30:00,2024-12-02 21:30:00,4,Disetujui,Lembur proyek 3
1478,47,2024-12-02,2024-12-02 17:30:00,2024-12-02 21:30:00,4,Ditolak,Lembur proyek 2
1479,13,2024-12-03,2024-12-03 17:30:00,2024-12-03 20:30:00,3,Ditolak,Lembur proyek 3
1480,22,2024-12-03,2024-12-03 17:30:00,2024-12-03 21:30:00,4,Disetujui,Lembur proyek 4
1481,26,2024-12-03,2024-12-03 17:30:00,2024-12-03 20:30:00,3,Disetujui,Lembur proyek 2
1482,29,2024-12-03,2024-12-03 17:30:00,2024-12-03 21:30:00,4,Disetujui,Lembur proyek 4
1483,32,2024-12-03,2024-12-03 17:30:00,2024-12-03 19:30:00,2,Disetujui,Lembur proyek 1
1484,33,2024-12-03,2024-12-03 17:30:00,2024-12-03 21:30:00,4,Ditolak,Lembur proyek 2
1485,35,2024-12-03,2024-12-03 17:30:00,2024-12-03 21:30:00,4,Ditolak,Lembur proyek 3
1486,36,2024-12-03,2024-12-03 17:30:00,2024-12-03 21:30:00,4,Ditolak,Lembur proyek 3
1487,37,2024-12-03,2024-12-03 17:30:00,2024-12-03 18:30:00,1,Ditolak,Lembur proyek 4
1488,39,2024-12-03,2024-12-03 17:30:00,2024-12-03 18:30:00,1,Ditolak,Lembur proyek 5
1489,44,2024-12-03,2024-12-03 17:30:00,2024-12-03 19:30:00,2,Ditolak,Lembur proyek 4
1490,16,2024-12-04,2024-12-04 17:30:00,2024-12-04 19:30:00,2,Disetujui,Lembur proyek 2
1491,23,2024-12-04,2024-12-04 17:30:00,2024-12-04 21:30:00,4,Ditolak,Lembur proyek 2
1492,27,2024-12-04,2024-12-04 17:30:00,2024-12-04 20:30:00,3,Ditolak,Lembur proyek 2
1493,28,2024-12-04,2024-12-04 17:30:00,2024-12-04 21:30:00,4,Ditolak,Lembur proyek 4
1494,36,2024-12-04,2024-12-04 17:30:00,2024-12-04 19:30:00,2,Ditolak,Lembur proyek 5
1495,50,2024-12-04,2024-12-04 17:30:00,2024-12-04 19:30:00,2,Disetujui,Lembur proyek 1
1496,1,2024-12-05,2024-12-05 17:30:00,2024-12-05 18:30:00,1,Ditolak,Lembur proyek 3
1497,7,2024-12-05,2024-12-05 17:30:00,2024-12-05 18:30:00,1,Disetujui,Lembur proyek 5
1498,21,2024-12-05,2024-12-05 17:30:00,2024-12-05 19:30:00,2,Ditolak,Lembur proyek 3
1499,22,2024-12-05,2024-12-05 17:30:00,2024-12-05 21:30:00,4,Disetujui,Lembur proyek 4
1500,31,2024-12-05,2024-12-05 17:30:00,2024-12-05 20:30:00,3,Disetujui,Lembur proyek 5
1501,37,2024-12-05,2024-12-05 17:30:00,2024-12-05 18:30:00,1,Ditolak,Lembur proyek 2
1502,45,2024-12-05,2024-12-05 17:30:00,2024-12-05 20:30:00,3,Disetujui,Lembur proyek 5
1503,46,2024-12-05,2024-12-05 17:30:00,2024-12-05 19:30:00,2,Disetujui,Lembur proyek 4
1504,4,2024-12-06,2024-12-06 17:30:00,2024-12-06 19:30:00,2,Disetujui,Lembur proyek 1
1505,9,2024-12-06,2024-12-06 17:30:00,2024-12-06 18:30:00,1,Disetujui,Lembur proyek 4
1506,10,2024-12-06,2024-12-06 17:30:00,2024-12-06 21:30:00,4,Ditolak,Lembur proyek 5
1507,13,2024-12-06,2024-12-06 17:30:00,2024-12-06 19:30:00,2,Disetujui,Lembur proyek 5
1508,15,2024-12-06,2024-12-06 17:30:00,2024-12-06 21:30:00,4,Ditolak,Lembur proyek 4
1509,18,2024-12-06,2024-12-06 17:30:00,2024-12-06 18:30:00,1,Ditolak,Lembur proyek 3
1510,21,2024-12-06,2024-12-06 17:30:00,2024-12-06 20:30:00,3,Disetujui,Lembur proyek 2
1511,22,2024-12-06,2024-12-06 17:30:00,2024-12-06 21:30:00,4,Ditolak,Lembur proyek 2
1512,25,2024-12-06,2024-12-06 17:30:00,2024-12-06 21:30:00,4,Disetujui,Lembur proyek 3
1513,27,2024-12-06,2024-12-06 17:30:00,2024-12-06 19:30:00,2,Disetujui,Lembur proyek 2
1514,28,2024-12-06,2024-12-06 17:30:00,2024-12-06 21:30:00,4,Ditolak,Lembur proyek 1
1515,32,2024-12-06,2024-12-06 17:30:00,2024-12-06 20:30:00,3,Disetujui,Lembur proyek 1
1516,34,2024-12-06,2024-12-06 17:30:00,2024-12-06 20:30:00,3,Disetujui,Lembur proyek 4
1517,36,2024-12-06,2024-12-06 17:30:00,2024-12-06 21:30:00,4,Disetujui,Lembur proyek 4
1518,40,2024-12-06,2024-12-06 17:30:00,2024-12-06 21:30:00,4,Disetujui,Lembur proyek 1
1519,41,2024-12-06,2024-12-06 17:30:00,2024-12-06 19:30:00,2,Ditolak,Lembur proyek 2
1520,43,2024-12-06,2024-12-06 17:30:00,2024-12-06 20:30:00,3,Ditolak,Lembur proyek 3
1521,50,2024-12-06,2024-12-06 17:30:00,2024-12-06 18:30:00,1,Disetujui,Lembur proyek 2
1522,2,2024-12-07,2024-12-07 17:30:00,2024-12-07 19:30:00,2,Disetujui,Lembur proyek 2
1523,3,2024-12-07,2024-12-07 17:30:00,2024-12-07 19:30:00,2,Ditolak,Lembur proyek 5
1524,6,2024-12-07,2024-12-07 17:30:00,2024-12-07 19:30:00,2,Disetujui,Lembur proyek 2
1525,7,2024-12-07,2024-12-07 17:30:00,2024-12-07 19:30:00,2,Disetujui,Lembur proyek 4
1526,12,2024-12-07,2024-12-07 17:30:00,2024-12-07 19:30:00,2,Disetujui,Lembur proyek 3
1527,22,2024-12-07,2024-12-07 17:30:00,2024-12-07 21:30:00,4,Ditolak,Lembur proyek 2
1528,28,2024-12-07,2024-12-07 17:30:00,2024-12-07 19:30:00,2,Disetujui,Lembur proyek 2
1529,33,2024-12-07,2024-12-07 17:30:00,2024-12-07 18:30:00,1,Disetujui,Lembur proyek 4
1530,41,2024-12-07,2024-12-07 17:30:00,2024-12-07 21:30:00,4,Ditolak,Lembur proyek 1
1531,44,2024-12-07,2024-12-07 17:30:00,2024-12-07 21:30:00,4,Ditolak,Lembur proyek 5
1532,49,2024-12-07,2024-12-07 17:30:00,2024-12-07 20:30:00,3,Disetujui,Lembur proyek 2
1533,2,2024-12-08,2024-12-08 17:30:00,2024-12-08 21:30:00,4,Ditolak,Lembur proyek 4
1534,5,2024-12-08,2024-12-08 17:30:00,2024-12-08 19:30:00,2,Ditolak,Lembur proyek 3
1535,6,2024-12-08,2024-12-08 17:30:00,2024-12-08 21:30:00,4,Ditolak,Lembur proyek 2
1536,8,2024-12-08,2024-12-08 17:30:00,2024-12-08 19:30:00,2,Disetujui,Lembur proyek 1
1537,13,2024-12-08,2024-12-08 17:30:00,2024-12-08 19:30:00,2,Disetujui,Lembur proyek 2
1538,18,2024-12-08,2024-12-08 17:30:00,2024-12-08 21:30:00,4,Ditolak,Lembur proyek 2
1539,19,2024-12-08,2024-12-08 17:30:00,2024-12-08 20:30:00,3,Disetujui,Lembur proyek 1
1540,22,2024-12-08,2024-12-08 17:30:00,2024-12-08 21:30:00,4,Disetujui,Lembur proyek 4
1541,26,2024-12-08,2024-12-08 17:30:00,2024-12-08 18:30:00,1,Disetujui,Lembur proyek 1
1542,30,2024-12-08,2024-12-08 17:30:00,2024-12-08 21:30:00,4,Ditolak,Lembur proyek 5
1543,31,2024-12-08,2024-12-08 17:30:00,2024-12-08 18:30:00,1,Disetujui,Lembur proyek 2
1544,32,2024-12-08,2024-12-08 17:30:00,2024-12-08 20:30:00,3,Disetujui,Lembur proyek 2
1545,39,2024-12-08,2024-12-08 17:30:00,2024-12-08 21:30:00,4,Disetujui,Lembur proyek 4
1546,49,2024-12-08,2024-12-08 17:30:00,2024-12-08 21:30:00,4,Ditolak,Lembur proyek 4
1547,4,2024-12-09,2024-12-09 17:30:00,2024-12-09 21:30:00,4,Ditolak,Lembur proyek 1
1548,7,2024-12-09,2024-12-09 17:30:00,2024-12-09 20:30:00,3,Ditolak,Lembur proyek 4
1549,8,2024-12-09,2024-12-09 17:30:00,2024-12-09 21:30:00,4,Disetujui,Lembur proyek 3
1550,16,2024-12-09,2024-12-09 17:30:00,2024-12-09 21:30:00,4,Disetujui,Lembur proyek 1
1551,23,2024-12-09,2024-12-09 17:30:00,2024-12-09 21:30:00,4,Ditolak,Lembur proyek 2
1552,28,2024-12-09,2024-12-09 17:30:00,2024-12-09 20:30:00,3,Disetujui,Lembur proyek 2
1553,30,2024-12-09,2024-12-09 17:30:00,2024-12-09 19:30:00,2,Disetujui,Lembur proyek 2
1554,34,2024-12-09,2024-12-09 17:30:00,2024-12-09 21:30:00,4,Disetujui,Lembur proyek 4
1555,38,2024-12-09,2024-12-09 17:30:00,2024-12-09 18:30:00,1,Disetujui,Lembur proyek 1
1556,45,2024-12-09,2024-12-09 17:30:00,2024-12-09 21:30:00,4,Disetujui,Lembur proyek 1
1557,13,2024-12-10,2024-12-10 17:30:00,2024-12-10 21:30:00,4,Disetujui,Lembur proyek 2
1558,14,2024-12-10,2024-12-10 17:30:00,2024-12-10 20:30:00,3,Ditolak,Lembur proyek 4
1559,15,2024-12-10,2024-12-10 17:30:00,2024-12-10 18:30:00,1,Ditolak,Lembur proyek 3
1560,16,2024-12-10,2024-12-10 17:30:00,2024-12-10 18:30:00,1,Disetujui,Lembur proyek 4
1561,24,2024-12-10,2024-12-10 17:30:00,2024-12-10 21:30:00,4,Disetujui,Lembur proyek 1
1562,26,2024-12-10,2024-12-10 17:30:00,2024-12-10 19:30:00,2,Disetujui,Lembur proyek 4
1563,42,2024-12-10,2024-12-10 17:30:00,2024-12-10 20:30:00,3,Disetujui,Lembur proyek 5
1564,45,2024-12-10,2024-12-10 17:30:00,2024-12-10 18:30:00,1,Ditolak,Lembur proyek 4
1565,50,2024-12-10,2024-12-10 17:30:00,2024-12-10 20:30:00,3,Disetujui,Lembur proyek 4
1566,2,2024-12-11,2024-12-11 17:30:00,2024-12-11 18:30:00,1,Ditolak,Lembur proyek 1
1567,4,2024-12-11,2024-12-11 17:30:00,2024-12-11 18:30:00,1,Disetujui,Lembur proyek 3
1568,12,2024-12-11,2024-12-11 17:30:00,2024-12-11 21:30:00,4,Disetujui,Lembur proyek 3
1569,14,2024-12-11,2024-12-11 17:30:00,2024-12-11 21:30:00,4,Ditolak,Lembur proyek 5
1570,17,2024-12-11,2024-12-11 17:30:00,2024-12-11 18:30:00,1,Disetujui,Lembur proyek 2
1571,18,2024-12-11,2024-12-11 17:30:00,2024-12-11 21:30:00,4,Ditolak,Lembur proyek 4
1572,31,2024-12-11,2024-12-11 17:30:00,2024-12-11 20:30:00,3,Disetujui,Lembur proyek 2
1573,32,2024-12-11,2024-12-11 17:30:00,2024-12-11 18:30:00,1,Ditolak,Lembur proyek 2
1574,36,2024-12-11,2024-12-11 17:30:00,2024-12-11 20:30:00,3,Disetujui,Lembur proyek 2
1575,37,2024-12-11,2024-12-11 17:30:00,2024-12-11 20:30:00,3,Ditolak,Lembur proyek 3
1576,45,2024-12-11,2024-12-11 17:30:00,2024-12-11 18:30:00,1,Ditolak,Lembur proyek 3
1577,5,2024-12-12,2024-12-12 17:30:00,2024-12-12 19:30:00,2,Disetujui,Lembur proyek 4
1578,9,2024-12-12,2024-12-12 17:30:00,2024-12-12 18:30:00,1,Ditolak,Lembur proyek 5
1579,17,2024-12-12,2024-12-12 17:30:00,2024-12-12 21:30:00,4,Disetujui,Lembur proyek 1
1580,19,2024-12-12,2024-12-12 17:30:00,2024-12-12 20:30:00,3,Ditolak,Lembur proyek 4
1581,25,2024-12-12,2024-12-12 17:30:00,2024-12-12 19:30:00,2,Disetujui,Lembur proyek 5
1582,30,2024-12-12,2024-12-12 17:30:00,2024-12-12 19:30:00,2,Disetujui,Lembur proyek 1
1583,35,2024-12-12,2024-12-12 17:30:00,2024-12-12 20:30:00,3,Ditolak,Lembur proyek 5
1584,38,2024-12-12,2024-12-12 17:30:00,2024-12-12 18:30:00,1,Ditolak,Lembur proyek 5
1585,43,2024-12-12,2024-12-12 17:30:00,2024-12-12 19:30:00,2,Disetujui,Lembur proyek 2
1586,2,2024-12-13,2024-12-13 17:30:00,2024-12-13 20:30:00,3,Ditolak,Lembur proyek 1
1587,3,2024-12-13,2024-12-13 17:30:00,2024-12-13 19:30:00,2,Ditolak,Lembur proyek 5
1588,4,2024-12-13,2024-12-13 17:30:00,2024-12-13 20:30:00,3,Disetujui,Lembur proyek 1
1589,7,2024-12-13,2024-12-13 17:30:00,2024-12-13 20:30:00,3,Ditolak,Lembur proyek 4
1590,8,2024-12-13,2024-12-13 17:30:00,2024-12-13 19:30:00,2,Ditolak,Lembur proyek 2
1591,12,2024-12-13,2024-12-13 17:30:00,2024-12-13 18:30:00,1,Ditolak,Lembur proyek 1
1592,13,2024-12-13,2024-12-13 17:30:00,2024-12-13 21:30:00,4,Disetujui,Lembur proyek 2
1593,19,2024-12-13,2024-12-13 17:30:00,2024-12-13 18:30:00,1,Disetujui,Lembur proyek 4
1594,22,2024-12-13,2024-12-13 17:30:00,2024-12-13 19:30:00,2,Disetujui,Lembur proyek 5
1595,25,2024-12-13,2024-12-13 17:30:00,2024-12-13 18:30:00,1,Ditolak,Lembur proyek 4
1596,28,2024-12-13,2024-12-13 17:30:00,2024-12-13 18:30:00,1,Ditolak,Lembur proyek 4
1597,29,2024-12-13,2024-12-13 17:30:00,2024-12-13 20:30:00,3,Disetujui,Lembur proyek 3
1598,31,2024-12-13,2024-12-13 17:30:00,2024-12-13 19:30:00,2,Ditolak,Lembur proyek 1
1599,38,2024-12-13,2024-12-13 17:30:00,2024-12-13 21:30:00,4,Ditolak,Lembur proyek 2
1600,40,2024-12-13,2024-12-13 17:30:00,2024-12-13 20:30:00,3,Ditolak,Lembur proyek 2
1601,45,2024-12-13,2024-12-13 17:30:00,2024-12-13 21:30:00,4,Disetujui,Lembur proyek 3
1602,47,2024-12-13,2024-12-13 17:30:00,2024-12-13 18:30:00,1,Ditolak,Lembur proyek 5
1603,49,2024-12-13,2024-12-13 17:30:00,2024-12-13 18:30:00,1,Disetujui,Lembur proyek 3
1604,3,2024-12-14,2024-12-14 17:30:00,2024-12-14 20:30:00,3,Ditolak,Lembur proyek 5
1605,7,2024-12-14,2024-12-14 17:30:00,2024-12-14 18:30:00,1,Disetujui,Lembur proyek 5
1606,11,2024-12-14,2024-12-14 17:30:00,2024-12-14 19:30:00,2,Disetujui,Lembur proyek 4
1607,17,2024-12-14,2024-12-14 17:30:00,2024-12-14 21:30:00,4,Disetujui,Lembur proyek 5
1608,19,2024-12-14,2024-12-14 17:30:00,2024-12-14 21:30:00,4,Disetujui,Lembur proyek 5
1609,24,2024-12-14,2024-12-14 17:30:00,2024-12-14 18:30:00,1,Ditolak,Lembur proyek 4
1610,25,2024-12-14,2024-12-14 17:30:00,2024-12-14 19:30:00,2,Ditolak,Lembur proyek 2
1611,28,2024-12-14,2024-12-14 17:30:00,2024-12-14 18:30:00,1,Ditolak,Lembur proyek 2
1612,35,2024-12-14,2024-12-14 17:30:00,2024-12-14 18:30:00,1,Disetujui,Lembur proyek 2
1613,41,2024-12-14,2024-12-14 17:30:00,2024-12-14 21:30:00,4,Disetujui,Lembur proyek 2
1614,48,2024-12-14,2024-12-14 17:30:00,2024-12-14 18:30:00,1,Disetujui,Lembur proyek 5
1615,3,2024-12-15,2024-12-15 17:30:00,2024-12-15 19:30:00,2,Ditolak,Lembur proyek 5
1616,5,2024-12-15,2024-12-15 17:30:00,2024-12-15 21:30:00,4,Disetujui,Lembur proyek 5
1617,11,2024-12-15,2024-12-15 17:30:00,2024-12-15 21:30:00,4,Ditolak,Lembur proyek 2
1618,12,2024-12-15,2024-12-15 17:30:00,2024-12-15 18:30:00,1,Disetujui,Lembur proyek 2
1619,13,2024-12-15,2024-12-15 17:30:00,2024-12-15 19:30:00,2,Ditolak,Lembur proyek 2
1620,15,2024-12-15,2024-12-15 17:30:00,2024-12-15 20:30:00,3,Ditolak,Lembur proyek 1
1621,19,2024-12-15,2024-12-15 17:30:00,2024-12-15 18:30:00,1,Ditolak,Lembur proyek 4
1622,20,2024-12-15,2024-12-15 17:30:00,2024-12-15 19:30:00,2,Disetujui,Lembur proyek 4
1623,24,2024-12-15,2024-12-15 17:30:00,2024-12-15 20:30:00,3,Ditolak,Lembur proyek 3
1624,25,2024-12-15,2024-12-15 17:30:00,2024-12-15 20:30:00,3,Ditolak,Lembur proyek 4
1625,36,2024-12-15,2024-12-15 17:30:00,2024-12-15 21:30:00,4,Ditolak,Lembur proyek 4
1626,37,2024-12-15,2024-12-15 17:30:00,2024-12-15 20:30:00,3,Disetujui,Lembur proyek 2
1627,38,2024-12-15,2024-12-15 17:30:00,2024-12-15 20:30:00,3,Disetujui,Lembur proyek 5
1628,1,2024-12-16,2024-12-16 17:30:00,2024-12-16 21:30:00,4,Ditolak,Lembur proyek 5
1629,2,2024-12-16,2024-12-16 17:30:00,2024-12-16 21:30:00,4,Disetujui,Lembur proyek 3
1630,4,2024-12-16,2024-12-16 17:30:00,2024-12-16 19:30:00,2,Disetujui,Lembur proyek 2
1631,6,2024-12-16,2024-12-16 17:30:00,2024-12-16 19:30:00,2,Disetujui,Lembur proyek 1
1632,7,2024-12-16,2024-12-16 17:30:00,2024-12-16 18:30:00,1,Disetujui,Lembur proyek 2
1633,8,2024-12-16,2024-12-16 17:30:00,2024-12-16 20:30:00,3,Disetujui,Lembur proyek 5
1634,10,2024-12-16,2024-12-16 17:30:00,2024-12-16 20:30:00,3,Disetujui,Lembur proyek 1
1635,12,2024-12-16,2024-12-16 17:30:00,2024-12-16 19:30:00,2,Ditolak,Lembur proyek 1
1636,17,2024-12-16,2024-12-16 17:30:00,2024-12-16 20:30:00,3,Disetujui,Lembur proyek 1
1637,22,2024-12-16,2024-12-16 17:30:00,2024-12-16 19:30:00,2,Disetujui,Lembur proyek 2
1638,28,2024-12-16,2024-12-16 17:30:00,2024-12-16 21:30:00,4,Disetujui,Lembur proyek 2
1639,29,2024-12-16,2024-12-16 17:30:00,2024-12-16 18:30:00,1,Disetujui,Lembur proyek 4
1640,38,2024-12-16,2024-12-16 17:30:00,2024-12-16 20:30:00,3,Ditolak,Lembur proyek 4
1641,40,2024-12-16,2024-12-16 17:30:00,2024-12-16 21:30:00,4,Disetujui,Lembur proyek 1
1642,41,2024-12-16,2024-12-16 17:30:00,2024-12-16 21:30:00,4,Disetujui,Lembur proyek 1
1643,44,2024-12-16,2024-12-16 17:30:00,2024-12-16 21:30:00,4,Disetujui,Lembur proyek 1
1644,48,2024-12-16,2024-12-16 17:30:00,2024-12-16 20:30:00,3,Disetujui,Lembur proyek 5
1645,6,2024-12-17,2024-12-17 17:30:00,2024-12-17 21:30:00,4,Disetujui,Lembur proyek 1
1646,8,2024-12-17,2024-12-17 17:30:00,2024-12-17 20:30:00,3,Ditolak,Lembur proyek 5
1647,14,2024-12-17,2024-12-17 17:30:00,2024-12-17 20:30:00,3,Disetujui,Lembur proyek 1
1648,16,2024-12-17,2024-12-17 17:30:00,2024-12-17 18:30:00,1,Ditolak,Lembur proyek 4
1649,20,2024-12-17,2024-12-17 17:30:00,2024-12-17 19:30:00,2,Disetujui,Lembur proyek 3
1650,21,2024-12-17,2024-12-17 17:30:00,2024-12-17 18:30:00,1,Ditolak,Lembur proyek 4
1651,24,2024-12-17,2024-12-17 17:30:00,2024-12-17 18:30:00,1,Ditolak,Lembur proyek 2
1652,27,2024-12-17,2024-12-17 17:30:00,2024-12-17 18:30:00,1,Disetujui,Lembur proyek 5
1653,43,2024-12-17,2024-12-17 17:30:00,2024-12-17 21:30:00,4,Ditolak,Lembur proyek 1
1654,49,2024-12-17,2024-12-17 17:30:00,2024-12-17 19:30:00,2,Disetujui,Lembur proyek 1
1655,1,2024-12-18,2024-12-18 17:30:00,2024-12-18 21:30:00,4,Disetujui,Lembur proyek 2
1656,2,2024-12-18,2024-12-18 17:30:00,2024-12-18 19:30:00,2,Ditolak,Lembur proyek 2
1657,4,2024-12-18,2024-12-18 17:30:00,2024-12-18 21:30:00,4,Disetujui,Lembur proyek 1
1658,8,2024-12-18,2024-12-18 17:30:00,2024-12-18 21:30:00,4,Disetujui,Lembur proyek 5
1659,13,2024-12-18,2024-12-18 17:30:00,2024-12-18 21:30:00,4,Ditolak,Lembur proyek 5
1660,26,2024-12-18,2024-12-18 17:30:00,2024-12-18 18:30:00,1,Disetujui,Lembur proyek 4
1661,30,2024-12-18,2024-12-18 17:30:00,2024-12-18 18:30:00,1,Ditolak,Lembur proyek 1
1662,37,2024-12-18,2024-12-18 17:30:00,2024-12-18 19:30:00,2,Ditolak,Lembur proyek 2
1663,41,2024-12-18,2024-12-18 17:30:00,2024-12-18 20:30:00,3,Disetujui,Lembur proyek 3
1664,44,2024-12-18,2024-12-18 17:30:00,2024-12-18 18:30:00,1,Disetujui,Lembur proyek 1
1665,48,2024-12-18,2024-12-18 17:30:00,2024-12-18 19:30:00,2,Ditolak,Lembur proyek 1
1666,2,2024-12-19,2024-12-19 17:30:00,2024-12-19 21:30:00,4,Ditolak,Lembur proyek 1
1667,3,2024-12-19,2024-12-19 17:30:00,2024-12-19 20:30:00,3,Disetujui,Lembur proyek 4
1668,14,2024-12-19,2024-12-19 17:30:00,2024-12-19 19:30:00,2,Ditolak,Lembur proyek 5
1669,16,2024-12-19,2024-12-19 17:30:00,2024-12-19 19:30:00,2,Disetujui,Lembur proyek 3
1670,18,2024-12-19,2024-12-19 17:30:00,2024-12-19 19:30:00,2,Ditolak,Lembur proyek 1
1671,19,2024-12-19,2024-12-19 17:30:00,2024-12-19 18:30:00,1,Disetujui,Lembur proyek 5
1672,28,2024-12-19,2024-12-19 17:30:00,2024-12-19 21:30:00,4,Ditolak,Lembur proyek 2
1673,29,2024-12-19,2024-12-19 17:30:00,2024-12-19 19:30:00,2,Ditolak,Lembur proyek 3
1674,30,2024-12-19,2024-12-19 17:30:00,2024-12-19 19:30:00,2,Ditolak,Lembur proyek 4
1675,42,2024-12-19,2024-12-19 17:30:00,2024-12-19 21:30:00,4,Disetujui,Lembur proyek 4
1676,48,2024-12-19,2024-12-19 17:30:00,2024-12-19 20:30:00,3,Ditolak,Lembur proyek 1
1677,1,2024-12-20,2024-12-20 17:30:00,2024-12-20 18:30:00,1,Disetujui,Lembur proyek 1
1678,8,2024-12-20,2024-12-20 17:30:00,2024-12-20 19:30:00,2,Ditolak,Lembur proyek 3
1679,10,2024-12-20,2024-12-20 17:30:00,2024-12-20 20:30:00,3,Ditolak,Lembur proyek 1
1680,23,2024-12-20,2024-12-20 17:30:00,2024-12-20 21:30:00,4,Disetujui,Lembur proyek 2
1681,25,2024-12-20,2024-12-20 17:30:00,2024-12-20 21:30:00,4,Ditolak,Lembur proyek 1
1682,30,2024-12-20,2024-12-20 17:30:00,2024-12-20 21:30:00,4,Disetujui,Lembur proyek 2
1683,36,2024-12-20,2024-12-20 17:30:00,2024-12-20 21:30:00,4,Disetujui,Lembur proyek 4
1684,37,2024-12-20,2024-12-20 17:30:00,2024-12-20 20:30:00,3,Ditolak,Lembur proyek 5
1685,9,2024-12-21,2024-12-21 17:30:00,2024-12-21 20:30:00,3,Ditolak,Lembur proyek 1
1686,22,2024-12-21,2024-12-21 17:30:00,2024-12-21 18:30:00,1,Ditolak,Lembur proyek 2
1687,28,2024-12-21,2024-12-21 17:30:00,2024-12-21 21:30:00,4,Disetujui,Lembur proyek 1
1688,33,2024-12-21,2024-12-21 17:30:00,2024-12-21 21:30:00,4,Ditolak,Lembur proyek 5
1689,41,2024-12-21,2024-12-21 17:30:00,2024-12-21 18:30:00,1,Ditolak,Lembur proyek 5
1690,45,2024-12-21,2024-12-21 17:30:00,2024-12-21 20:30:00,3,Ditolak,Lembur proyek 1
1691,49,2024-12-21,2024-12-21 17:30:00,2024-12-21 18:30:00,1,Disetujui,Lembur proyek 5
1692,5,2024-12-22,2024-12-22 17:30:00,2024-12-22 19:30:00,2,Disetujui,Lembur proyek 5
1693,10,2024-12-22,2024-12-22 17:30:00,2024-12-22 18:30:00,1,Ditolak,Lembur proyek 5
1694,13,2024-12-22,2024-12-22 17:30:00,2024-12-22 18:30:00,1,Ditolak,Lembur proyek 1
1695,19,2024-12-22,2024-12-22 17:30:00,2024-12-22 19:30:00,2,Ditolak,Lembur proyek 3
1696,33,2024-12-22,2024-12-22 17:30:00,2024-12-22 19:30:00,2,Disetujui,Lembur proyek 3
1697,35,2024-12-22,2024-12-22 17:30:00,2024-12-22 21:30:00,4,Ditolak,Lembur proyek 2
1698,36,2024-12-22,2024-12-22 17:30:00,2024-12-22 18:30:00,1,Ditolak,Lembur proyek 5
1699,37,2024-12-22,2024-12-22 17:30:00,2024-12-22 21:30:00,4,Ditolak,Lembur proyek 1
1700,38,2024-12-22,2024-12-22 17:30:00,2024-12-22 18:30:00,1,Disetujui,Lembur proyek 5
1701,42,2024-12-22,2024-12-22 17:30:00,2024-12-22 18:30:00,1,Disetujui,Lembur proyek 1
1702,46,2024-12-22,2024-12-22 17:30:00,2024-12-22 20:30:00,3,Ditolak,Lembur proyek 3
1703,49,2024-12-22,2024-12-22 17:30:00,2024-12-22 21:30:00,4,Disetujui,Lembur proyek 3
1704,2,2024-12-23,2024-12-23 17:30:00,2024-12-23 19:30:00,2,Ditolak,Lembur proyek 4
1705,5,2024-12-23,2024-12-23 17:30:00,2024-12-23 18:30:00,1,Disetujui,Lembur proyek 3
1706,6,2024-12-23,2024-12-23 17:30:00,2024-12-23 20:30:00,3,Disetujui,Lembur proyek 4
1707,31,2024-12-23,2024-12-23 17:30:00,2024-12-23 20:30:00,3,Ditolak,Lembur proyek 3
1708,32,2024-12-23,2024-12-23 17:30:00,2024-12-23 19:30:00,2,Ditolak,Lembur proyek 3
1709,33,2024-12-23,2024-12-23 17:30:00,2024-12-23 21:30:00,4,Disetujui,Lembur proyek 1
1710,38,2024-12-23,2024-12-23 17:30:00,2024-12-23 19:30:00,2,Disetujui,Lembur proyek 5
1711,42,2024-12-23,2024-12-23 17:30:00,2024-12-23 21:30:00,4,Disetujui,Lembur proyek 5
1712,10,2024-12-24,2024-12-24 17:30:00,2024-12-24 21:30:00,4,Ditolak,Lembur proyek 1
1713,18,2024-12-24,2024-12-24 17:30:00,2024-12-24 21:30:00,4,Disetujui,Lembur proyek 2
1714,22,2024-12-24,2024-12-24 17:30:00,2024-12-24 18:30:00,1,Ditolak,Lembur proyek 3
1715,27,2024-12-24,2024-12-24 17:30:00,2024-12-24 18:30:00,1,Ditolak,Lembur proyek 1
1716,30,2024-12-24,2024-12-24 17:30:00,2024-12-24 20:30:00,3,Disetujui,Lembur proyek 3
1717,32,2024-12-24,2024-12-24 17:30:00,2024-12-24 19:30:00,2,Ditolak,Lembur proyek 4
1718,39,2024-12-24,2024-12-24 17:30:00,2024-12-24 18:30:00,1,Ditolak,Lembur proyek 1
1719,42,2024-12-24,2024-12-24 17:30:00,2024-12-24 20:30:00,3,Ditolak,Lembur proyek 4
1720,43,2024-12-24,2024-12-24 17:30:00,2024-12-24 21:30:00,4,Ditolak,Lembur proyek 5
1721,45,2024-12-24,2024-12-24 17:30:00,2024-12-24 21:30:00,4,Disetujui,Lembur proyek 4
1722,46,2024-12-24,2024-12-24 17:30:00,2024-12-24 18:30:00,1,Disetujui,Lembur proyek 5
1723,48,2024-12-24,2024-12-24 17:30:00,2024-12-24 18:30:00,1,Disetujui,Lembur proyek 4
1724,50,2024-12-24,2024-12-24 17:30:00,2024-12-24 21:30:00,4,Ditolak,Lembur proyek 2
1725,13,2024-12-25,2024-12-25 17:30:00,2024-12-25 18:30:00,1,Disetujui,Lembur proyek 2
1726,15,2024-12-25,2024-12-25 17:30:00,2024-12-25 21:30:00,4,Disetujui,Lembur proyek 3
1727,16,2024-12-25,2024-12-25 17:30:00,2024-12-25 19:30:00,2,Disetujui,Lembur proyek 3
1728,17,2024-12-25,2024-12-25 17:30:00,2024-12-25 20:30:00,3,Disetujui,Lembur proyek 4
1729,25,2024-12-25,2024-12-25 17:30:00,2024-12-25 19:30:00,2,Ditolak,Lembur proyek 2
1730,29,2024-12-25,2024-12-25 17:30:00,2024-12-25 20:30:00,3,Disetujui,Lembur proyek 1
1731,30,2024-12-25,2024-12-25 17:30:00,2024-12-25 19:30:00,2,Ditolak,Lembur proyek 4
1732,34,2024-12-25,2024-12-25 17:30:00,2024-12-25 21:30:00,4,Ditolak,Lembur proyek 2
1733,36,2024-12-25,2024-12-25 17:30:00,2024-12-25 18:30:00,1,Ditolak,Lembur proyek 3
1734,43,2024-12-25,2024-12-25 17:30:00,2024-12-25 19:30:00,2,Ditolak,Lembur proyek 2
1735,46,2024-12-25,2024-12-25 17:30:00,2024-12-25 19:30:00,2,Disetujui,Lembur proyek 1
1736,48,2024-12-25,2024-12-25 17:30:00,2024-12-25 19:30:00,2,Disetujui,Lembur proyek 3
1737,49,2024-12-25,2024-12-25 17:30:00,2024-12-25 18:30:00,1,Disetujui,Lembur proyek 4
1738,13,2024-12-26,2024-12-26 17:30:00,2024-12-26 19:30:00,2,Ditolak,Lembur proyek 5
1739,14,2024-12-26,2024-12-26 17:30:00,2024-12-26 21:30:00,4,Disetujui,Lembur proyek 5
1740,27,2024-12-26,2024-12-26 17:30:00,2024-12-26 21:30:00,4,Disetujui,Lembur proyek 3
1741,37,2024-12-26,2024-12-26 17:30:00,2024-12-26 21:30:00,4,Disetujui,Lembur proyek 5
1742,39,2024-12-26,2024-12-26 17:30:00,2024-12-26 19:30:00,2,Ditolak,Lembur proyek 4
1743,47,2024-12-26,2024-12-26 17:30:00,2024-12-26 20:30:00,3,Ditolak,Lembur proyek 2
1744,11,2024-12-27,2024-12-27 17:30:00,2024-12-27 21:30:00,4,Disetujui,Lembur proyek 5
1745,20,2024-12-27,2024-12-27 17:30:00,2024-12-27 21:30:00,4,Disetujui,Lembur proyek 2
1746,22,2024-12-27,2024-12-27 17:30:00,2024-12-27 20:30:00,3,Disetujui,Lembur proyek 5
1747,37,2024-12-27,2024-12-27 17:30:00,2024-12-27 21:30:00,4,Ditolak,Lembur proyek 1
1748,40,2024-12-27,2024-12-27 17:30:00,2024-12-27 18:30:00,1,Ditolak,Lembur proyek 4
1749,41,2024-12-27,2024-12-27 17:30:00,2024-12-27 20:30:00,3,Ditolak,Lembur proyek 1
1750,47,2024-12-27,2024-12-27 17:30:00,2024-12-27 19:30:00,2,Disetujui,Lembur proyek 2
1751,9,2024-12-28,2024-12-28 17:30:00,2024-12-28 19:30:00,2,Ditolak,Lembur proyek 4
1752,16,2024-12-28,2024-12-28 17:30:00,2024-12-28 19:30:00,2,Ditolak,Lembur proyek 4
1753,27,2024-12-28,2024-12-28 17:30:00,2024-12-28 21:30:00,4,Disetujui,Lembur proyek 4
1754,37,2024-12-28,2024-12-28 17:30:00,2024-12-28 18:30:00,1,Disetujui,Lembur proyek 3
1755,44,2024-12-28,2024-12-28 17:30:00,2024-12-28 20:30:00,3,Disetujui,Lembur proyek 5
1756,46,2024-12-28,2024-12-28 17:30:00,2024-12-28 18:30:00,1,Disetujui,Lembur proyek 2
1757,47,2024-12-28,2024-12-28 17:30:00,2024-12-28 19:30:00,2,Disetujui,Lembur proyek 1
1758,48,2024-12-28,2024-12-28 17:30:00,2024-12-28 18:30:00,1,Ditolak,Lembur proyek 1
1759,49,2024-12-28,2024-12-28 17:30:00,2024-12-28 21:30:00,4,Ditolak,Lembur proyek 2
1760,4,2025-01-01,2025-01-01 17:30:00,2025-01-01 18:30:00,1,Disetujui,Lembur proyek 2
1761,8,2025-01-01,2025-01-01 17:30:00,2025-01-01 19:30:00,2,Disetujui,Lembur proyek 2
1762,10,2025-01-01,2025-01-01 17:30:00,2025-01-01 19:30:00,2,Disetujui,Lembur proyek 1
1763,11,2025-01-01,2025-01-01 17:30:00,2025-01-01 21:30:00,4,Ditolak,Lembur proyek 5
1764,21,2025-01-01,2025-01-01 17:30:00,2025-01-01 18:30:00,1,Disetujui,Lembur proyek 5
1765,22,2025-01-01,2025-01-01 17:30:00,2025-01-01 21:30:00,4,Ditolak,Lembur proyek 3
1766,28,2025-01-01,2025-01-01 17:30:00,2025-01-01 19:30:00,2,Disetujui,Lembur proyek 2
1767,30,2025-01-01,2025-01-01 17:30:00,2025-01-01 19:30:00,2,Ditolak,Lembur proyek 3
1768,37,2025-01-01,2025-01-01 17:30:00,2025-01-01 19:30:00,2,Disetujui,Lembur proyek 3
1769,4,2025-01-02,2025-01-02 17:30:00,2025-01-02 18:30:00,1,Ditolak,Lembur proyek 4
1770,6,2025-01-02,2025-01-02 17:30:00,2025-01-02 19:30:00,2,Ditolak,Lembur proyek 1
1771,14,2025-01-02,2025-01-02 17:30:00,2025-01-02 19:30:00,2,Disetujui,Lembur proyek 2
1772,24,2025-01-02,2025-01-02 17:30:00,2025-01-02 21:30:00,4,Disetujui,Lembur proyek 3
1773,28,2025-01-02,2025-01-02 17:30:00,2025-01-02 21:30:00,4,Ditolak,Lembur proyek 4
1774,29,2025-01-02,2025-01-02 17:30:00,2025-01-02 19:30:00,2,Ditolak,Lembur proyek 2
1775,31,2025-01-02,2025-01-02 17:30:00,2025-01-02 21:30:00,4,Disetujui,Lembur proyek 5
1776,32,2025-01-02,2025-01-02 17:30:00,2025-01-02 19:30:00,2,Ditolak,Lembur proyek 4
1777,33,2025-01-02,2025-01-02 17:30:00,2025-01-02 20:30:00,3,Ditolak,Lembur proyek 3
1778,34,2025-01-02,2025-01-02 17:30:00,2025-01-02 18:30:00,1,Disetujui,Lembur proyek 2
1779,35,2025-01-02,2025-01-02 17:30:00,2025-01-02 21:30:00,4,Disetujui,Lembur proyek 2
1780,38,2025-01-02,2025-01-02 17:30:00,2025-01-02 21:30:00,4,Disetujui,Lembur proyek 5
1781,50,2025-01-02,2025-01-02 17:30:00,2025-01-02 20:30:00,3,Ditolak,Lembur proyek 5
1782,8,2025-01-03,2025-01-03 17:30:00,2025-01-03 18:30:00,1,Disetujui,Lembur proyek 2
1783,15,2025-01-03,2025-01-03 17:30:00,2025-01-03 20:30:00,3,Disetujui,Lembur proyek 3
1784,16,2025-01-03,2025-01-03 17:30:00,2025-01-03 19:30:00,2,Disetujui,Lembur proyek 2
1785,18,2025-01-03,2025-01-03 17:30:00,2025-01-03 20:30:00,3,Disetujui,Lembur proyek 3
1786,21,2025-01-03,2025-01-03 17:30:00,2025-01-03 18:30:00,1,Ditolak,Lembur proyek 2
1787,22,2025-01-03,2025-01-03 17:30:00,2025-01-03 21:30:00,4,Ditolak,Lembur proyek 1
1788,28,2025-01-03,2025-01-03 17:30:00,2025-01-03 19:30:00,2,Disetujui,Lembur proyek 3
1789,29,2025-01-03,2025-01-03 17:30:00,2025-01-03 19:30:00,2,Ditolak,Lembur proyek 2
1790,37,2025-01-03,2025-01-03 17:30:00,2025-01-03 19:30:00,2,Ditolak,Lembur proyek 1
1791,46,2025-01-03,2025-01-03 17:30:00,2025-01-03 20:30:00,3,Disetujui,Lembur proyek 4
1792,47,2025-01-03,2025-01-03 17:30:00,2025-01-03 18:30:00,1,Ditolak,Lembur proyek 4
1793,48,2025-01-03,2025-01-03 17:30:00,2025-01-03 18:30:00,1,Disetujui,Lembur proyek 4
1794,2,2025-01-04,2025-01-04 17:30:00,2025-01-04 19:30:00,2,Disetujui,Lembur proyek 5
1795,7,2025-01-04,2025-01-04 17:30:00,2025-01-04 18:30:00,1,Ditolak,Lembur proyek 3
1796,9,2025-01-04,2025-01-04 17:30:00,2025-01-04 21:30:00,4,Disetujui,Lembur proyek 5
1797,10,2025-01-04,2025-01-04 17:30:00,2025-01-04 20:30:00,3,Ditolak,Lembur proyek 1
1798,12,2025-01-04,2025-01-04 17:30:00,2025-01-04 21:30:00,4,Disetujui,Lembur proyek 2
1799,14,2025-01-04,2025-01-04 17:30:00,2025-01-04 20:30:00,3,Disetujui,Lembur proyek 4
1800,16,2025-01-04,2025-01-04 17:30:00,2025-01-04 20:30:00,3,Disetujui,Lembur proyek 2
1801,17,2025-01-04,2025-01-04 17:30:00,2025-01-04 18:30:00,1,Ditolak,Lembur proyek 2
1802,21,2025-01-04,2025-01-04 17:30:00,2025-01-04 18:30:00,1,Ditolak,Lembur proyek 4
1803,22,2025-01-04,2025-01-04 17:30:00,2025-01-04 19:30:00,2,Disetujui,Lembur proyek 2
1804,24,2025-01-04,2025-01-04 17:30:00,2025-01-04 19:30:00,2,Disetujui,Lembur proyek 4
1805,29,2025-01-04,2025-01-04 17:30:00,2025-01-04 20:30:00,3,Ditolak,Lembur proyek 1
1806,34,2025-01-04,2025-01-04 17:30:00,2025-01-04 18:30:00,1,Disetujui,Lembur proyek 1
1807,46,2025-01-04,2025-01-04 17:30:00,2025-01-04 18:30:00,1,Disetujui,Lembur proyek 5
1808,48,2025-01-04,2025-01-04 17:30:00,2025-01-04 19:30:00,2,Ditolak,Lembur proyek 2
1809,1,2025-01-05,2025-01-05 17:30:00,2025-01-05 18:30:00,1,Ditolak,Lembur proyek 5
1810,2,2025-01-05,2025-01-05 17:30:00,2025-01-05 19:30:00,2,Ditolak,Lembur proyek 1
1811,3,2025-01-05,2025-01-05 17:30:00,2025-01-05 21:30:00,4,Ditolak,Lembur proyek 2
1812,10,2025-01-05,2025-01-05 17:30:00,2025-01-05 18:30:00,1,Disetujui,Lembur proyek 2
1813,12,2025-01-05,2025-01-05 17:30:00,2025-01-05 21:30:00,4,Disetujui,Lembur proyek 2
1814,19,2025-01-05,2025-01-05 17:30:00,2025-01-05 18:30:00,1,Disetujui,Lembur proyek 3
1815,20,2025-01-05,2025-01-05 17:30:00,2025-01-05 19:30:00,2,Disetujui,Lembur proyek 3
1816,27,2025-01-05,2025-01-05 17:30:00,2025-01-05 18:30:00,1,Ditolak,Lembur proyek 4
1817,30,2025-01-05,2025-01-05 17:30:00,2025-01-05 19:30:00,2,Disetujui,Lembur proyek 2
1818,32,2025-01-05,2025-01-05 17:30:00,2025-01-05 20:30:00,3,Disetujui,Lembur proyek 2
1819,39,2025-01-05,2025-01-05 17:30:00,2025-01-05 19:30:00,2,Disetujui,Lembur proyek 3
1820,40,2025-01-05,2025-01-05 17:30:00,2025-01-05 21:30:00,4,Ditolak,Lembur proyek 3
1821,43,2025-01-05,2025-01-05 17:30:00,2025-01-05 21:30:00,4,Ditolak,Lembur proyek 2
1822,2,2025-01-06,2025-01-06 17:30:00,2025-01-06 21:30:00,4,Disetujui,Lembur proyek 1
1823,3,2025-01-06,2025-01-06 17:30:00,2025-01-06 18:30:00,1,Disetujui,Lembur proyek 4
1824,4,2025-01-06,2025-01-06 17:30:00,2025-01-06 20:30:00,3,Ditolak,Lembur proyek 5
1825,15,2025-01-06,2025-01-06 17:30:00,2025-01-06 20:30:00,3,Disetujui,Lembur proyek 4
1826,23,2025-01-06,2025-01-06 17:30:00,2025-01-06 19:30:00,2,Disetujui,Lembur proyek 2
1827,25,2025-01-06,2025-01-06 17:30:00,2025-01-06 21:30:00,4,Disetujui,Lembur proyek 5
1828,27,2025-01-06,2025-01-06 17:30:00,2025-01-06 19:30:00,2,Ditolak,Lembur proyek 2
1829,32,2025-01-06,2025-01-06 17:30:00,2025-01-06 20:30:00,3,Disetujui,Lembur proyek 2
1830,40,2025-01-06,2025-01-06 17:30:00,2025-01-06 21:30:00,4,Disetujui,Lembur proyek 2
1831,45,2025-01-06,2025-01-06 17:30:00,2025-01-06 20:30:00,3,Disetujui,Lembur proyek 1
1832,48,2025-01-06,2025-01-06 17:30:00,2025-01-06 19:30:00,2,Ditolak,Lembur proyek 1
1833,7,2025-01-07,2025-01-07 17:30:00,2025-01-07 21:30:00,4,Ditolak,Lembur proyek 4
1834,8,2025-01-07,2025-01-07 17:30:00,2025-01-07 21:30:00,4,Ditolak,Lembur proyek 5
1835,15,2025-01-07,2025-01-07 17:30:00,2025-01-07 20:30:00,3,Disetujui,Lembur proyek 3
1836,21,2025-01-07,2025-01-07 17:30:00,2025-01-07 18:30:00,1,Ditolak,Lembur proyek 4
1837,1,2025-01-08,2025-01-08 17:30:00,2025-01-08 20:30:00,3,Disetujui,Lembur proyek 1
1838,16,2025-01-08,2025-01-08 17:30:00,2025-01-08 21:30:00,4,Ditolak,Lembur proyek 2
1839,22,2025-01-08,2025-01-08 17:30:00,2025-01-08 18:30:00,1,Ditolak,Lembur proyek 5
1840,29,2025-01-08,2025-01-08 17:30:00,2025-01-08 20:30:00,3,Ditolak,Lembur proyek 2
1841,32,2025-01-08,2025-01-08 17:30:00,2025-01-08 21:30:00,4,Ditolak,Lembur proyek 3
1842,34,2025-01-08,2025-01-08 17:30:00,2025-01-08 21:30:00,4,Disetujui,Lembur proyek 1
1843,35,2025-01-08,2025-01-08 17:30:00,2025-01-08 20:30:00,3,Disetujui,Lembur proyek 2
1844,36,2025-01-08,2025-01-08 17:30:00,2025-01-08 21:30:00,4,Disetujui,Lembur proyek 5
1845,37,2025-01-08,2025-01-08 17:30:00,2025-01-08 20:30:00,3,Ditolak,Lembur proyek 4
1846,40,2025-01-08,2025-01-08 17:30:00,2025-01-08 18:30:00,1,Disetujui,Lembur proyek 3
1847,1,2025-01-09,2025-01-09 17:30:00,2025-01-09 19:30:00,2,Disetujui,Lembur proyek 1
1848,6,2025-01-09,2025-01-09 17:30:00,2025-01-09 20:30:00,3,Ditolak,Lembur proyek 1
1849,7,2025-01-09,2025-01-09 17:30:00,2025-01-09 20:30:00,3,Disetujui,Lembur proyek 1
1850,8,2025-01-09,2025-01-09 17:30:00,2025-01-09 18:30:00,1,Disetujui,Lembur proyek 4
1851,10,2025-01-09,2025-01-09 17:30:00,2025-01-09 19:30:00,2,Ditolak,Lembur proyek 4
1852,12,2025-01-09,2025-01-09 17:30:00,2025-01-09 21:30:00,4,Disetujui,Lembur proyek 4
1853,14,2025-01-09,2025-01-09 17:30:00,2025-01-09 20:30:00,3,Ditolak,Lembur proyek 1
1854,15,2025-01-09,2025-01-09 17:30:00,2025-01-09 21:30:00,4,Ditolak,Lembur proyek 3
1855,21,2025-01-09,2025-01-09 17:30:00,2025-01-09 19:30:00,2,Ditolak,Lembur proyek 3
1856,28,2025-01-09,2025-01-09 17:30:00,2025-01-09 18:30:00,1,Disetujui,Lembur proyek 2
1857,29,2025-01-09,2025-01-09 17:30:00,2025-01-09 18:30:00,1,Disetujui,Lembur proyek 3
1858,33,2025-01-09,2025-01-09 17:30:00,2025-01-09 18:30:00,1,Ditolak,Lembur proyek 1
1859,37,2025-01-09,2025-01-09 17:30:00,2025-01-09 19:30:00,2,Ditolak,Lembur proyek 2
1860,38,2025-01-09,2025-01-09 17:30:00,2025-01-09 21:30:00,4,Disetujui,Lembur proyek 4
1861,44,2025-01-09,2025-01-09 17:30:00,2025-01-09 20:30:00,3,Disetujui,Lembur proyek 2
1862,47,2025-01-09,2025-01-09 17:30:00,2025-01-09 19:30:00,2,Disetujui,Lembur proyek 2
1863,4,2025-01-10,2025-01-10 17:30:00,2025-01-10 18:30:00,1,Ditolak,Lembur proyek 5
1864,5,2025-01-10,2025-01-10 17:30:00,2025-01-10 19:30:00,2,Disetujui,Lembur proyek 5
1865,7,2025-01-10,2025-01-10 17:30:00,2025-01-10 20:30:00,3,Ditolak,Lembur proyek 2
1866,13,2025-01-10,2025-01-10 17:30:00,2025-01-10 20:30:00,3,Disetujui,Lembur proyek 2
1867,18,2025-01-10,2025-01-10 17:30:00,2025-01-10 21:30:00,4,Disetujui,Lembur proyek 3
1868,19,2025-01-10,2025-01-10 17:30:00,2025-01-10 18:30:00,1,Disetujui,Lembur proyek 1
1869,28,2025-01-10,2025-01-10 17:30:00,2025-01-10 19:30:00,2,Disetujui,Lembur proyek 3
1870,31,2025-01-10,2025-01-10 17:30:00,2025-01-10 19:30:00,2,Disetujui,Lembur proyek 2
1871,32,2025-01-10,2025-01-10 17:30:00,2025-01-10 19:30:00,2,Ditolak,Lembur proyek 5
1872,38,2025-01-10,2025-01-10 17:30:00,2025-01-10 19:30:00,2,Ditolak,Lembur proyek 5
1873,41,2025-01-10,2025-01-10 17:30:00,2025-01-10 18:30:00,1,Ditolak,Lembur proyek 5
1874,47,2025-01-10,2025-01-10 17:30:00,2025-01-10 19:30:00,2,Ditolak,Lembur proyek 2
1875,5,2025-01-11,2025-01-11 17:30:00,2025-01-11 18:30:00,1,Ditolak,Lembur proyek 5
1876,6,2025-01-11,2025-01-11 17:30:00,2025-01-11 18:30:00,1,Disetujui,Lembur proyek 5
1877,22,2025-01-11,2025-01-11 17:30:00,2025-01-11 21:30:00,4,Disetujui,Lembur proyek 3
1878,31,2025-01-11,2025-01-11 17:30:00,2025-01-11 21:30:00,4,Disetujui,Lembur proyek 1
1879,36,2025-01-11,2025-01-11 17:30:00,2025-01-11 21:30:00,4,Disetujui,Lembur proyek 2
1880,37,2025-01-11,2025-01-11 17:30:00,2025-01-11 20:30:00,3,Ditolak,Lembur proyek 5
1881,39,2025-01-11,2025-01-11 17:30:00,2025-01-11 18:30:00,1,Disetujui,Lembur proyek 2
1882,46,2025-01-11,2025-01-11 17:30:00,2025-01-11 18:30:00,1,Ditolak,Lembur proyek 4
1883,47,2025-01-11,2025-01-11 17:30:00,2025-01-11 21:30:00,4,Disetujui,Lembur proyek 5
1884,2,2025-01-12,2025-01-12 17:30:00,2025-01-12 19:30:00,2,Ditolak,Lembur proyek 1
1885,3,2025-01-12,2025-01-12 17:30:00,2025-01-12 20:30:00,3,Ditolak,Lembur proyek 3
1886,7,2025-01-12,2025-01-12 17:30:00,2025-01-12 18:30:00,1,Disetujui,Lembur proyek 3
1887,9,2025-01-12,2025-01-12 17:30:00,2025-01-12 18:30:00,1,Ditolak,Lembur proyek 2
1888,11,2025-01-12,2025-01-12 17:30:00,2025-01-12 19:30:00,2,Disetujui,Lembur proyek 1
1889,21,2025-01-12,2025-01-12 17:30:00,2025-01-12 18:30:00,1,Ditolak,Lembur proyek 2
1890,23,2025-01-12,2025-01-12 17:30:00,2025-01-12 20:30:00,3,Disetujui,Lembur proyek 2
1891,29,2025-01-12,2025-01-12 17:30:00,2025-01-12 18:30:00,1,Disetujui,Lembur proyek 4
1892,34,2025-01-12,2025-01-12 17:30:00,2025-01-12 19:30:00,2,Disetujui,Lembur proyek 4
1893,39,2025-01-12,2025-01-12 17:30:00,2025-01-12 21:30:00,4,Disetujui,Lembur proyek 4
1894,42,2025-01-12,2025-01-12 17:30:00,2025-01-12 19:30:00,2,Ditolak,Lembur proyek 5
1895,9,2025-01-13,2025-01-13 17:30:00,2025-01-13 20:30:00,3,Ditolak,Lembur proyek 5
1896,12,2025-01-13,2025-01-13 17:30:00,2025-01-13 20:30:00,3,Disetujui,Lembur proyek 1
1897,18,2025-01-13,2025-01-13 17:30:00,2025-01-13 19:30:00,2,Disetujui,Lembur proyek 4
1898,25,2025-01-13,2025-01-13 17:30:00,2025-01-13 21:30:00,4,Ditolak,Lembur proyek 2
1899,28,2025-01-13,2025-01-13 17:30:00,2025-01-13 18:30:00,1,Ditolak,Lembur proyek 5
1900,39,2025-01-13,2025-01-13 17:30:00,2025-01-13 18:30:00,1,Ditolak,Lembur proyek 2
1901,41,2025-01-13,2025-01-13 17:30:00,2025-01-13 20:30:00,3,Ditolak,Lembur proyek 1
1902,42,2025-01-13,2025-01-13 17:30:00,2025-01-13 19:30:00,2,Ditolak,Lembur proyek 4
1903,48,2025-01-13,2025-01-13 17:30:00,2025-01-13 20:30:00,3,Ditolak,Lembur proyek 3
1904,50,2025-01-13,2025-01-13 17:30:00,2025-01-13 19:30:00,2,Disetujui,Lembur proyek 4
1905,8,2025-01-14,2025-01-14 17:30:00,2025-01-14 18:30:00,1,Ditolak,Lembur proyek 4
1906,10,2025-01-14,2025-01-14 17:30:00,2025-01-14 19:30:00,2,Ditolak,Lembur proyek 4
1907,13,2025-01-14,2025-01-14 17:30:00,2025-01-14 21:30:00,4,Ditolak,Lembur proyek 2
1908,32,2025-01-14,2025-01-14 17:30:00,2025-01-14 18:30:00,1,Disetujui,Lembur proyek 1
1909,33,2025-01-14,2025-01-14 17:30:00,2025-01-14 18:30:00,1,Ditolak,Lembur proyek 4
1910,44,2025-01-14,2025-01-14 17:30:00,2025-01-14 18:30:00,1,Ditolak,Lembur proyek 1
1911,50,2025-01-14,2025-01-14 17:30:00,2025-01-14 18:30:00,1,Ditolak,Lembur proyek 1
1912,19,2025-01-15,2025-01-15 17:30:00,2025-01-15 20:30:00,3,Disetujui,Lembur proyek 2
1913,36,2025-01-15,2025-01-15 17:30:00,2025-01-15 19:30:00,2,Ditolak,Lembur proyek 3
1914,37,2025-01-15,2025-01-15 17:30:00,2025-01-15 20:30:00,3,Ditolak,Lembur proyek 2
1915,43,2025-01-15,2025-01-15 17:30:00,2025-01-15 18:30:00,1,Disetujui,Lembur proyek 5
1916,44,2025-01-15,2025-01-15 17:30:00,2025-01-15 21:30:00,4,Ditolak,Lembur proyek 3
1917,50,2025-01-15,2025-01-15 17:30:00,2025-01-15 19:30:00,2,Disetujui,Lembur proyek 1
1918,4,2025-01-16,2025-01-16 17:30:00,2025-01-16 18:30:00,1,Disetujui,Lembur proyek 2
1919,13,2025-01-16,2025-01-16 17:30:00,2025-01-16 21:30:00,4,Disetujui,Lembur proyek 1
1920,19,2025-01-16,2025-01-16 17:30:00,2025-01-16 20:30:00,3,Disetujui,Lembur proyek 1
1921,20,2025-01-16,2025-01-16 17:30:00,2025-01-16 21:30:00,4,Ditolak,Lembur proyek 4
1922,29,2025-01-16,2025-01-16 17:30:00,2025-01-16 20:30:00,3,Disetujui,Lembur proyek 1
1923,32,2025-01-16,2025-01-16 17:30:00,2025-01-16 21:30:00,4,Disetujui,Lembur proyek 2
1924,42,2025-01-16,2025-01-16 17:30:00,2025-01-16 19:30:00,2,Disetujui,Lembur proyek 5
1925,43,2025-01-16,2025-01-16 17:30:00,2025-01-16 21:30:00,4,Disetujui,Lembur proyek 5
1926,44,2025-01-16,2025-01-16 17:30:00,2025-01-16 18:30:00,1,Disetujui,Lembur proyek 4
1927,1,2025-01-17,2025-01-17 17:30:00,2025-01-17 18:30:00,1,Ditolak,Lembur proyek 1
1928,2,2025-01-17,2025-01-17 17:30:00,2025-01-17 19:30:00,2,Disetujui,Lembur proyek 2
1929,3,2025-01-17,2025-01-17 17:30:00,2025-01-17 19:30:00,2,Ditolak,Lembur proyek 3
1930,4,2025-01-17,2025-01-17 17:30:00,2025-01-17 18:30:00,1,Ditolak,Lembur proyek 5
1931,8,2025-01-17,2025-01-17 17:30:00,2025-01-17 19:30:00,2,Disetujui,Lembur proyek 2
1932,9,2025-01-17,2025-01-17 17:30:00,2025-01-17 21:30:00,4,Ditolak,Lembur proyek 5
1933,21,2025-01-17,2025-01-17 17:30:00,2025-01-17 20:30:00,3,Ditolak,Lembur proyek 3
1934,35,2025-01-17,2025-01-17 17:30:00,2025-01-17 18:30:00,1,Ditolak,Lembur proyek 5
1935,46,2025-01-17,2025-01-17 17:30:00,2025-01-17 18:30:00,1,Ditolak,Lembur proyek 2
1936,49,2025-01-17,2025-01-17 17:30:00,2025-01-17 19:30:00,2,Disetujui,Lembur proyek 5
1937,12,2025-01-18,2025-01-18 17:30:00,2025-01-18 21:30:00,4,Ditolak,Lembur proyek 2
1938,17,2025-01-18,2025-01-18 17:30:00,2025-01-18 19:30:00,2,Ditolak,Lembur proyek 2
1939,22,2025-01-18,2025-01-18 17:30:00,2025-01-18 20:30:00,3,Ditolak,Lembur proyek 3
1940,30,2025-01-18,2025-01-18 17:30:00,2025-01-18 21:30:00,4,Disetujui,Lembur proyek 1
1941,34,2025-01-18,2025-01-18 17:30:00,2025-01-18 21:30:00,4,Ditolak,Lembur proyek 3
1942,38,2025-01-18,2025-01-18 17:30:00,2025-01-18 21:30:00,4,Disetujui,Lembur proyek 3
1943,41,2025-01-18,2025-01-18 17:30:00,2025-01-18 18:30:00,1,Disetujui,Lembur proyek 4
1944,46,2025-01-18,2025-01-18 17:30:00,2025-01-18 19:30:00,2,Ditolak,Lembur proyek 3
1945,50,2025-01-18,2025-01-18 17:30:00,2025-01-18 20:30:00,3,Disetujui,Lembur proyek 1
1946,2,2025-01-19,2025-01-19 17:30:00,2025-01-19 21:30:00,4,Ditolak,Lembur proyek 4
1947,4,2025-01-19,2025-01-19 17:30:00,2025-01-19 21:30:00,4,Ditolak,Lembur proyek 5
1948,10,2025-01-19,2025-01-19 17:30:00,2025-01-19 21:30:00,4,Ditolak,Lembur proyek 2
1949,17,2025-01-19,2025-01-19 17:30:00,2025-01-19 18:30:00,1,Disetujui,Lembur proyek 1
1950,18,2025-01-19,2025-01-19 17:30:00,2025-01-19 20:30:00,3,Ditolak,Lembur proyek 4
1951,22,2025-01-19,2025-01-19 17:30:00,2025-01-19 20:30:00,3,Disetujui,Lembur proyek 3
1952,24,2025-01-19,2025-01-19 17:30:00,2025-01-19 18:30:00,1,Ditolak,Lembur proyek 5
1953,26,2025-01-19,2025-01-19 17:30:00,2025-01-19 18:30:00,1,Disetujui,Lembur proyek 3
1954,29,2025-01-19,2025-01-19 17:30:00,2025-01-19 19:30:00,2,Disetujui,Lembur proyek 4
1955,40,2025-01-19,2025-01-19 17:30:00,2025-01-19 19:30:00,2,Ditolak,Lembur proyek 1
1956,42,2025-01-19,2025-01-19 17:30:00,2025-01-19 21:30:00,4,Disetujui,Lembur proyek 4
1957,46,2025-01-19,2025-01-19 17:30:00,2025-01-19 19:30:00,2,Ditolak,Lembur proyek 1
1958,48,2025-01-19,2025-01-19 17:30:00,2025-01-19 21:30:00,4,Ditolak,Lembur proyek 1
1959,2,2025-01-20,2025-01-20 17:30:00,2025-01-20 18:30:00,1,Disetujui,Lembur proyek 4
1960,5,2025-01-20,2025-01-20 17:30:00,2025-01-20 20:30:00,3,Disetujui,Lembur proyek 2
1961,8,2025-01-20,2025-01-20 17:30:00,2025-01-20 21:30:00,4,Ditolak,Lembur proyek 1
1962,16,2025-01-20,2025-01-20 17:30:00,2025-01-20 18:30:00,1,Disetujui,Lembur proyek 5
1963,18,2025-01-20,2025-01-20 17:30:00,2025-01-20 20:30:00,3,Disetujui,Lembur proyek 1
1964,21,2025-01-20,2025-01-20 17:30:00,2025-01-20 21:30:00,4,Ditolak,Lembur proyek 4
1965,33,2025-01-20,2025-01-20 17:30:00,2025-01-20 20:30:00,3,Ditolak,Lembur proyek 4
1966,43,2025-01-20,2025-01-20 17:30:00,2025-01-20 18:30:00,1,Disetujui,Lembur proyek 4
1967,46,2025-01-20,2025-01-20 17:30:00,2025-01-20 18:30:00,1,Disetujui,Lembur proyek 4
1968,2,2025-01-21,2025-01-21 17:30:00,2025-01-21 18:30:00,1,Disetujui,Lembur proyek 1
1969,3,2025-01-21,2025-01-21 17:30:00,2025-01-21 21:30:00,4,Ditolak,Lembur proyek 3
1970,12,2025-01-21,2025-01-21 17:30:00,2025-01-21 18:30:00,1,Disetujui,Lembur proyek 5
1971,17,2025-01-21,2025-01-21 17:30:00,2025-01-21 18:30:00,1,Ditolak,Lembur proyek 2
1972,25,2025-01-21,2025-01-21 17:30:00,2025-01-21 19:30:00,2,Ditolak,Lembur proyek 5
1973,27,2025-01-21,2025-01-21 17:30:00,2025-01-21 20:30:00,3,Ditolak,Lembur proyek 1
1974,31,2025-01-21,2025-01-21 17:30:00,2025-01-21 20:30:00,3,Disetujui,Lembur proyek 5
1975,32,2025-01-21,2025-01-21 17:30:00,2025-01-21 19:30:00,2,Ditolak,Lembur proyek 1
1976,33,2025-01-21,2025-01-21 17:30:00,2025-01-21 20:30:00,3,Ditolak,Lembur proyek 4
1977,46,2025-01-21,2025-01-21 17:30:00,2025-01-21 19:30:00,2,Disetujui,Lembur proyek 2
1978,2,2025-01-22,2025-01-22 17:30:00,2025-01-22 21:30:00,4,Disetujui,Lembur proyek 1
1979,13,2025-01-22,2025-01-22 17:30:00,2025-01-22 21:30:00,4,Disetujui,Lembur proyek 4
1980,20,2025-01-22,2025-01-22 17:30:00,2025-01-22 20:30:00,3,Ditolak,Lembur proyek 4
1981,24,2025-01-22,2025-01-22 17:30:00,2025-01-22 20:30:00,3,Ditolak,Lembur proyek 5
1982,25,2025-01-22,2025-01-22 17:30:00,2025-01-22 21:30:00,4,Ditolak,Lembur proyek 5
1983,28,2025-01-22,2025-01-22 17:30:00,2025-01-22 18:30:00,1,Ditolak,Lembur proyek 2
1984,30,2025-01-22,2025-01-22 17:30:00,2025-01-22 20:30:00,3,Disetujui,Lembur proyek 1
1985,32,2025-01-22,2025-01-22 17:30:00,2025-01-22 18:30:00,1,Ditolak,Lembur proyek 5
1986,35,2025-01-22,2025-01-22 17:30:00,2025-01-22 21:30:00,4,Disetujui,Lembur proyek 5
1987,38,2025-01-22,2025-01-22 17:30:00,2025-01-22 21:30:00,4,Disetujui,Lembur proyek 5
1988,41,2025-01-22,2025-01-22 17:30:00,2025-01-22 21:30:00,4,Ditolak,Lembur proyek 1
1989,46,2025-01-22,2025-01-22 17:30:00,2025-01-22 21:30:00,4,Disetujui,Lembur proyek 4
1990,47,2025-01-22,2025-01-22 17:30:00,2025-01-22 18:30:00,1,Disetujui,Lembur proyek 5
1991,49,2025-01-22,2025-01-22 17:30:00,2025-01-22 18:30:00,1,Ditolak,Lembur proyek 5
1992,10,2025-01-23,2025-01-23 17:30:00,2025-01-23 18:30:00,1,Ditolak,Lembur proyek 2
1993,14,2025-01-23,2025-01-23 17:30:00,2025-01-23 19:30:00,2,Ditolak,Lembur proyek 2
1994,17,2025-01-23,2025-01-23 17:30:00,2025-01-23 21:30:00,4,Ditolak,Lembur proyek 1
1995,19,2025-01-23,2025-01-23 17:30:00,2025-01-23 19:30:00,2,Ditolak,Lembur proyek 2
1996,22,2025-01-23,2025-01-23 17:30:00,2025-01-23 20:30:00,3,Ditolak,Lembur proyek 2
1997,33,2025-01-23,2025-01-23 17:30:00,2025-01-23 21:30:00,4,Ditolak,Lembur proyek 2
1998,35,2025-01-23,2025-01-23 17:30:00,2025-01-23 21:30:00,4,Ditolak,Lembur proyek 2
1999,39,2025-01-23,2025-01-23 17:30:00,2025-01-23 18:30:00,1,Disetujui,Lembur proyek 2
2000,41,2025-01-23,2025-01-23 17:30:00,2025-01-23 18:30:00,1,Disetujui,Lembur proyek 2
2001,49,2025-01-23,2025-01-23 17:30:00,2025-01-23 19:30:00,2,Disetujui,Lembur proyek 3
2002,10,2025-01-24,2025-01-24 17:30:00,2025-01-24 20:30:00,3,Ditolak,Lembur proyek 3
2003,11,2025-01-24,2025-01-24 17:30:00,2025-01-24 20:30:00,3,Disetujui,Lembur proyek 2
2004,17,2025-01-24,2025-01-24 17:30:00,2025-01-24 21:30:00,4,Ditolak,Lembur proyek 1
2005,22,2025-01-24,2025-01-24 17:30:00,2025-01-24 18:30:00,1,Disetujui,Lembur proyek 2
2006,35,2025-01-24,2025-01-24 17:30:00,2025-01-24 19:30:00,2,Disetujui,Lembur proyek 4
2007,37,2025-01-24,2025-01-24 17:30:00,2025-01-24 18:30:00,1,Disetujui,Lembur proyek 2
2008,38,2025-01-24,2025-01-24 17:30:00,2025-01-24 18:30:00,1,Ditolak,Lembur proyek 5
2009,43,2025-01-24,2025-01-24 17:30:00,2025-01-24 19:30:00,2,Disetujui,Lembur proyek 1
2010,45,2025-01-24,2025-01-24 17:30:00,2025-01-24 18:30:00,1,Disetujui,Lembur proyek 3
2011,16,2025-01-25,2025-01-25 17:30:00,2025-01-25 19:30:00,2,Ditolak,Lembur proyek 4
2012,20,2025-01-25,2025-01-25 17:30:00,2025-01-25 19:30:00,2,Ditolak,Lembur proyek 2
2013,22,2025-01-25,2025-01-25 17:30:00,2025-01-25 18:30:00,1,Disetujui,Lembur proyek 1
2014,24,2025-01-25,2025-01-25 17:30:00,2025-01-25 19:30:00,2,Disetujui,Lembur proyek 4
2015,35,2025-01-25,2025-01-25 17:30:00,2025-01-25 19:30:00,2,Ditolak,Lembur proyek 2
2016,39,2025-01-25,2025-01-25 17:30:00,2025-01-25 18:30:00,1,Ditolak,Lembur proyek 2
2017,41,2025-01-25,2025-01-25 17:30:00,2025-01-25 19:30:00,2,Ditolak,Lembur proyek 1
2018,50,2025-01-25,2025-01-25 17:30:00,2025-01-25 18:30:00,1,Ditolak,Lembur proyek 1
2019,2,2025-01-26,2025-01-26 17:30:00,2025-01-26 21:30:00,4,Disetujui,Lembur proyek 4
2020,8,2025-01-26,2025-01-26 17:30:00,2025-01-26 18:30:00,1,Ditolak,Lembur proyek 5
2021,12,2025-01-26,2025-01-26 17:30:00,2025-01-26 20:30:00,3,Disetujui,Lembur proyek 3
2022,13,2025-01-26,2025-01-26 17:30:00,2025-01-26 19:30:00,2,Disetujui,Lembur proyek 5
2023,17,2025-01-26,2025-01-26 17:30:00,2025-01-26 19:30:00,2,Ditolak,Lembur proyek 5
2024,22,2025-01-26,2025-01-26 17:30:00,2025-01-26 21:30:00,4,Ditolak,Lembur proyek 4
2025,23,2025-01-26,2025-01-26 17:30:00,2025-01-26 18:30:00,1,Ditolak,Lembur proyek 4
2026,34,2025-01-26,2025-01-26 17:30:00,2025-01-26 21:30:00,4,Ditolak,Lembur proyek 1
2027,36,2025-01-26,2025-01-26 17:30:00,2025-01-26 19:30:00,2,Ditolak,Lembur proyek 2
2028,41,2025-01-26,2025-01-26 17:30:00,2025-01-26 18:30:00,1,Disetujui,Lembur proyek 2
2029,1,2025-01-27,2025-01-27 17:30:00,2025-01-27 18:30:00,1,Ditolak,Lembur proyek 2
2030,7,2025-01-27,2025-01-27 17:30:00,2025-01-27 19:30:00,2,Ditolak,Lembur proyek 4
2031,21,2025-01-27,2025-01-27 17:30:00,2025-01-27 18:30:00,1,Ditolak,Lembur proyek 2
2032,23,2025-01-27,2025-01-27 17:30:00,2025-01-27 21:30:00,4,Ditolak,Lembur proyek 2
2033,26,2025-01-27,2025-01-27 17:30:00,2025-01-27 19:30:00,2,Ditolak,Lembur proyek 3
2034,27,2025-01-27,2025-01-27 17:30:00,2025-01-27 21:30:00,4,Disetujui,Lembur proyek 1
2035,30,2025-01-27,2025-01-27 17:30:00,2025-01-27 20:30:00,3,Ditolak,Lembur proyek 4
2036,31,2025-01-27,2025-01-27 17:30:00,2025-01-27 18:30:00,1,Ditolak,Lembur proyek 1
2037,33,2025-01-27,2025-01-27 17:30:00,2025-01-27 20:30:00,3,Disetujui,Lembur proyek 3
2038,34,2025-01-27,2025-01-27 17:30:00,2025-01-27 21:30:00,4,Disetujui,Lembur proyek 3
2039,38,2025-01-27,2025-01-27 17:30:00,2025-01-27 19:30:00,2,Disetujui,Lembur proyek 2
2040,40,2025-01-27,2025-01-27 17:30:00,2025-01-27 18:30:00,1,Ditolak,Lembur proyek 4
2041,41,2025-01-27,2025-01-27 17:30:00,2025-01-27 20:30:00,3,Disetujui,Lembur proyek 3
2042,44,2025-01-27,2025-01-27 17:30:00,2025-01-27 21:30:00,4,Disetujui,Lembur proyek 4
2043,46,2025-01-27,2025-01-27 17:30:00,2025-01-27 20:30:00,3,Disetujui,Lembur proyek 4
2044,47,2025-01-27,2025-01-27 17:30:00,2025-01-27 20:30:00,3,Disetujui,Lembur proyek 4
2045,49,2025-01-27,2025-01-27 17:30:00,2025-01-27 18:30:00,1,Ditolak,Lembur proyek 5
2046,3,2025-01-28,2025-01-28 17:30:00,2025-01-28 20:30:00,3,Disetujui,Lembur proyek 2
2047,7,2025-01-28,2025-01-28 17:30:00,2025-01-28 20:30:00,3,Disetujui,Lembur proyek 5
2048,10,2025-01-28,2025-01-28 17:30:00,2025-01-28 21:30:00,4,Ditolak,Lembur proyek 5
2049,22,2025-01-28,2025-01-28 17:30:00,2025-01-28 19:30:00,2,Ditolak,Lembur proyek 3
2050,42,2025-01-28,2025-01-28 17:30:00,2025-01-28 20:30:00,3,Ditolak,Lembur proyek 4
2051,48,2025-01-28,2025-01-28 17:30:00,2025-01-28 18:30:00,1,Disetujui,Lembur proyek 1
2052,26,2025-02-01,2025-02-01 17:30:00,2025-02-01 19:30:00,2,Disetujui,Lembur proyek 4
2053,28,2025-02-01,2025-02-01 17:30:00,2025-02-01 21:30:00,4,Disetujui,Lembur proyek 1
2054,32,2025-02-01,2025-02-01 17:30:00,2025-02-01 21:30:00,4,Ditolak,Lembur proyek 1
2055,34,2025-02-01,2025-02-01 17:30:00,2025-02-01 20:30:00,3,Ditolak,Lembur proyek 5
2056,39,2025-02-01,2025-02-01 17:30:00,2025-02-01 21:30:00,4,Ditolak,Lembur proyek 3
2057,43,2025-02-01,2025-02-01 17:30:00,2025-02-01 21:30:00,4,Ditolak,Lembur proyek 1
2058,45,2025-02-01,2025-02-01 17:30:00,2025-02-01 20:30:00,3,Disetujui,Lembur proyek 5
2059,48,2025-02-01,2025-02-01 17:30:00,2025-02-01 21:30:00,4,Ditolak,Lembur proyek 2
2060,5,2025-02-02,2025-02-02 17:30:00,2025-02-02 19:30:00,2,Disetujui,Lembur proyek 4
2061,9,2025-02-02,2025-02-02 17:30:00,2025-02-02 20:30:00,3,Disetujui,Lembur proyek 5
2062,16,2025-02-02,2025-02-02 17:30:00,2025-02-02 20:30:00,3,Ditolak,Lembur proyek 3
2063,17,2025-02-02,2025-02-02 17:30:00,2025-02-02 18:30:00,1,Disetujui,Lembur proyek 4
2064,18,2025-02-02,2025-02-02 17:30:00,2025-02-02 21:30:00,4,Disetujui,Lembur proyek 1
2065,20,2025-02-02,2025-02-02 17:30:00,2025-02-02 21:30:00,4,Disetujui,Lembur proyek 1
2066,21,2025-02-02,2025-02-02 17:30:00,2025-02-02 21:30:00,4,Disetujui,Lembur proyek 2
2067,22,2025-02-02,2025-02-02 17:30:00,2025-02-02 20:30:00,3,Disetujui,Lembur proyek 5
2068,40,2025-02-02,2025-02-02 17:30:00,2025-02-02 20:30:00,3,Disetujui,Lembur proyek 4
2069,44,2025-02-02,2025-02-02 17:30:00,2025-02-02 18:30:00,1,Ditolak,Lembur proyek 5
2070,48,2025-02-02,2025-02-02 17:30:00,2025-02-02 18:30:00,1,Disetujui,Lembur proyek 4
2071,4,2025-02-03,2025-02-03 17:30:00,2025-02-03 19:30:00,2,Ditolak,Lembur proyek 5
2072,17,2025-02-03,2025-02-03 17:30:00,2025-02-03 20:30:00,3,Disetujui,Lembur proyek 5
2073,27,2025-02-03,2025-02-03 17:30:00,2025-02-03 20:30:00,3,Disetujui,Lembur proyek 3
2074,39,2025-02-03,2025-02-03 17:30:00,2025-02-03 18:30:00,1,Ditolak,Lembur proyek 1
2075,40,2025-02-03,2025-02-03 17:30:00,2025-02-03 18:30:00,1,Disetujui,Lembur proyek 2
2076,41,2025-02-03,2025-02-03 17:30:00,2025-02-03 18:30:00,1,Ditolak,Lembur proyek 1
2077,46,2025-02-03,2025-02-03 17:30:00,2025-02-03 19:30:00,2,Disetujui,Lembur proyek 4
2078,6,2025-02-04,2025-02-04 17:30:00,2025-02-04 18:30:00,1,Disetujui,Lembur proyek 5
2079,8,2025-02-04,2025-02-04 17:30:00,2025-02-04 19:30:00,2,Disetujui,Lembur proyek 1
2080,10,2025-02-04,2025-02-04 17:30:00,2025-02-04 21:30:00,4,Ditolak,Lembur proyek 3
2081,14,2025-02-04,2025-02-04 17:30:00,2025-02-04 19:30:00,2,Ditolak,Lembur proyek 4
2082,18,2025-02-04,2025-02-04 17:30:00,2025-02-04 19:30:00,2,Disetujui,Lembur proyek 2
2083,20,2025-02-04,2025-02-04 17:30:00,2025-02-04 21:30:00,4,Ditolak,Lembur proyek 4
2084,23,2025-02-04,2025-02-04 17:30:00,2025-02-04 19:30:00,2,Ditolak,Lembur proyek 1
2085,37,2025-02-04,2025-02-04 17:30:00,2025-02-04 20:30:00,3,Ditolak,Lembur proyek 4
2086,41,2025-02-04,2025-02-04 17:30:00,2025-02-04 18:30:00,1,Disetujui,Lembur proyek 2
2087,49,2025-02-04,2025-02-04 17:30:00,2025-02-04 20:30:00,3,Disetujui,Lembur proyek 4
2088,50,2025-02-04,2025-02-04 17:30:00,2025-02-04 20:30:00,3,Disetujui,Lembur proyek 1
2089,3,2025-02-05,2025-02-05 17:30:00,2025-02-05 18:30:00,1,Disetujui,Lembur proyek 1
2090,15,2025-02-05,2025-02-05 17:30:00,2025-02-05 19:30:00,2,Disetujui,Lembur proyek 1
2091,17,2025-02-05,2025-02-05 17:30:00,2025-02-05 20:30:00,3,Disetujui,Lembur proyek 3
2092,26,2025-02-05,2025-02-05 17:30:00,2025-02-05 18:30:00,1,Disetujui,Lembur proyek 4
2093,29,2025-02-05,2025-02-05 17:30:00,2025-02-05 21:30:00,4,Disetujui,Lembur proyek 2
2094,31,2025-02-05,2025-02-05 17:30:00,2025-02-05 20:30:00,3,Disetujui,Lembur proyek 3
2095,40,2025-02-05,2025-02-05 17:30:00,2025-02-05 20:30:00,3,Disetujui,Lembur proyek 1
2096,16,2025-02-06,2025-02-06 17:30:00,2025-02-06 18:30:00,1,Ditolak,Lembur proyek 4
2097,18,2025-02-06,2025-02-06 17:30:00,2025-02-06 21:30:00,4,Ditolak,Lembur proyek 5
2098,24,2025-02-06,2025-02-06 17:30:00,2025-02-06 19:30:00,2,Ditolak,Lembur proyek 1
2099,44,2025-02-06,2025-02-06 17:30:00,2025-02-06 21:30:00,4,Disetujui,Lembur proyek 1
2100,45,2025-02-06,2025-02-06 17:30:00,2025-02-06 20:30:00,3,Disetujui,Lembur proyek 4
2101,49,2025-02-06,2025-02-06 17:30:00,2025-02-06 21:30:00,4,Ditolak,Lembur proyek 1
2102,4,2025-02-07,2025-02-07 17:30:00,2025-02-07 19:30:00,2,Disetujui,Lembur proyek 4
2103,8,2025-02-07,2025-02-07 17:30:00,2025-02-07 18:30:00,1,Disetujui,Lembur proyek 1
2104,14,2025-02-07,2025-02-07 17:30:00,2025-02-07 20:30:00,3,Disetujui,Lembur proyek 4
2105,15,2025-02-07,2025-02-07 17:30:00,2025-02-07 19:30:00,2,Disetujui,Lembur proyek 4
2106,17,2025-02-07,2025-02-07 17:30:00,2025-02-07 18:30:00,1,Disetujui,Lembur proyek 3
2107,25,2025-02-07,2025-02-07 17:30:00,2025-02-07 18:30:00,1,Ditolak,Lembur proyek 1
2108,27,2025-02-07,2025-02-07 17:30:00,2025-02-07 21:30:00,4,Disetujui,Lembur proyek 2
2109,30,2025-02-07,2025-02-07 17:30:00,2025-02-07 21:30:00,4,Disetujui,Lembur proyek 5
2110,37,2025-02-07,2025-02-07 17:30:00,2025-02-07 20:30:00,3,Disetujui,Lembur proyek 5
2111,39,2025-02-07,2025-02-07 17:30:00,2025-02-07 18:30:00,1,Ditolak,Lembur proyek 5
2112,44,2025-02-07,2025-02-07 17:30:00,2025-02-07 19:30:00,2,Disetujui,Lembur proyek 5
2113,49,2025-02-07,2025-02-07 17:30:00,2025-02-07 18:30:00,1,Disetujui,Lembur proyek 2
2114,13,2025-02-08,2025-02-08 17:30:00,2025-02-08 21:30:00,4,Disetujui,Lembur proyek 2
2115,14,2025-02-08,2025-02-08 17:30:00,2025-02-08 19:30:00,2,Ditolak,Lembur proyek 3
2116,18,2025-02-08,2025-02-08 17:30:00,2025-02-08 19:30:00,2,Ditolak,Lembur proyek 3
2117,19,2025-02-08,2025-02-08 17:30:00,2025-02-08 20:30:00,3,Disetujui,Lembur proyek 1
2118,24,2025-02-08,2025-02-08 17:30:00,2025-02-08 18:30:00,1,Disetujui,Lembur proyek 3
2119,26,2025-02-08,2025-02-08 17:30:00,2025-02-08 21:30:00,4,Disetujui,Lembur proyek 3
2120,28,2025-02-08,2025-02-08 17:30:00,2025-02-08 19:30:00,2,Ditolak,Lembur proyek 1
2121,36,2025-02-08,2025-02-08 17:30:00,2025-02-08 21:30:00,4,Ditolak,Lembur proyek 3
2122,40,2025-02-08,2025-02-08 17:30:00,2025-02-08 19:30:00,2,Ditolak,Lembur proyek 1
2123,46,2025-02-08,2025-02-08 17:30:00,2025-02-08 19:30:00,2,Ditolak,Lembur proyek 4
2124,49,2025-02-08,2025-02-08 17:30:00,2025-02-08 19:30:00,2,Disetujui,Lembur proyek 4
2125,1,2025-02-09,2025-02-09 17:30:00,2025-02-09 18:30:00,1,Disetujui,Lembur proyek 3
2126,10,2025-02-09,2025-02-09 17:30:00,2025-02-09 18:30:00,1,Disetujui,Lembur proyek 3
2127,13,2025-02-09,2025-02-09 17:30:00,2025-02-09 21:30:00,4,Disetujui,Lembur proyek 4
2128,16,2025-02-09,2025-02-09 17:30:00,2025-02-09 21:30:00,4,Disetujui,Lembur proyek 2
2129,17,2025-02-09,2025-02-09 17:30:00,2025-02-09 21:30:00,4,Ditolak,Lembur proyek 1
2130,21,2025-02-09,2025-02-09 17:30:00,2025-02-09 21:30:00,4,Ditolak,Lembur proyek 3
2131,28,2025-02-09,2025-02-09 17:30:00,2025-02-09 21:30:00,4,Disetujui,Lembur proyek 3
2132,30,2025-02-09,2025-02-09 17:30:00,2025-02-09 20:30:00,3,Disetujui,Lembur proyek 5
2133,31,2025-02-09,2025-02-09 17:30:00,2025-02-09 21:30:00,4,Disetujui,Lembur proyek 1
2134,33,2025-02-09,2025-02-09 17:30:00,2025-02-09 19:30:00,2,Disetujui,Lembur proyek 2
2135,34,2025-02-09,2025-02-09 17:30:00,2025-02-09 19:30:00,2,Ditolak,Lembur proyek 5
2136,43,2025-02-09,2025-02-09 17:30:00,2025-02-09 21:30:00,4,Ditolak,Lembur proyek 3
2137,45,2025-02-09,2025-02-09 17:30:00,2025-02-09 20:30:00,3,Disetujui,Lembur proyek 1
2138,47,2025-02-09,2025-02-09 17:30:00,2025-02-09 19:30:00,2,Ditolak,Lembur proyek 3
2139,50,2025-02-09,2025-02-09 17:30:00,2025-02-09 18:30:00,1,Disetujui,Lembur proyek 4
2140,14,2025-02-10,2025-02-10 17:30:00,2025-02-10 18:30:00,1,Disetujui,Lembur proyek 4
2141,15,2025-02-10,2025-02-10 17:30:00,2025-02-10 19:30:00,2,Ditolak,Lembur proyek 5
2142,17,2025-02-10,2025-02-10 17:30:00,2025-02-10 19:30:00,2,Ditolak,Lembur proyek 5
2143,22,2025-02-10,2025-02-10 17:30:00,2025-02-10 21:30:00,4,Disetujui,Lembur proyek 1
2144,24,2025-02-10,2025-02-10 17:30:00,2025-02-10 19:30:00,2,Disetujui,Lembur proyek 5
2145,25,2025-02-10,2025-02-10 17:30:00,2025-02-10 21:30:00,4,Ditolak,Lembur proyek 1
2146,37,2025-02-10,2025-02-10 17:30:00,2025-02-10 21:30:00,4,Disetujui,Lembur proyek 2
2147,44,2025-02-10,2025-02-10 17:30:00,2025-02-10 21:30:00,4,Disetujui,Lembur proyek 1
2148,46,2025-02-10,2025-02-10 17:30:00,2025-02-10 20:30:00,3,Disetujui,Lembur proyek 2
2149,50,2025-02-10,2025-02-10 17:30:00,2025-02-10 19:30:00,2,Ditolak,Lembur proyek 5
2150,5,2025-02-11,2025-02-11 17:30:00,2025-02-11 20:30:00,3,Disetujui,Lembur proyek 1
2151,18,2025-02-11,2025-02-11 17:30:00,2025-02-11 21:30:00,4,Ditolak,Lembur proyek 3
2152,25,2025-02-11,2025-02-11 17:30:00,2025-02-11 21:30:00,4,Disetujui,Lembur proyek 5
2153,27,2025-02-11,2025-02-11 17:30:00,2025-02-11 21:30:00,4,Ditolak,Lembur proyek 3
2154,29,2025-02-11,2025-02-11 17:30:00,2025-02-11 20:30:00,3,Disetujui,Lembur proyek 2
2155,45,2025-02-11,2025-02-11 17:30:00,2025-02-11 18:30:00,1,Ditolak,Lembur proyek 1
2156,48,2025-02-11,2025-02-11 17:30:00,2025-02-11 20:30:00,3,Disetujui,Lembur proyek 1
2157,4,2025-02-12,2025-02-12 17:30:00,2025-02-12 20:30:00,3,Ditolak,Lembur proyek 4
2158,7,2025-02-12,2025-02-12 17:30:00,2025-02-12 19:30:00,2,Ditolak,Lembur proyek 2
2159,11,2025-02-12,2025-02-12 17:30:00,2025-02-12 18:30:00,1,Disetujui,Lembur proyek 4
2160,12,2025-02-12,2025-02-12 17:30:00,2025-02-12 19:30:00,2,Disetujui,Lembur proyek 4
2161,13,2025-02-12,2025-02-12 17:30:00,2025-02-12 19:30:00,2,Ditolak,Lembur proyek 2
2162,22,2025-02-12,2025-02-12 17:30:00,2025-02-12 18:30:00,1,Disetujui,Lembur proyek 2
2163,25,2025-02-12,2025-02-12 17:30:00,2025-02-12 20:30:00,3,Disetujui,Lembur proyek 5
2164,30,2025-02-12,2025-02-12 17:30:00,2025-02-12 20:30:00,3,Ditolak,Lembur proyek 3
2165,31,2025-02-12,2025-02-12 17:30:00,2025-02-12 20:30:00,3,Disetujui,Lembur proyek 4
2166,33,2025-02-12,2025-02-12 17:30:00,2025-02-12 18:30:00,1,Disetujui,Lembur proyek 2
2167,34,2025-02-12,2025-02-12 17:30:00,2025-02-12 19:30:00,2,Ditolak,Lembur proyek 3
2168,42,2025-02-12,2025-02-12 17:30:00,2025-02-12 19:30:00,2,Disetujui,Lembur proyek 1
2169,45,2025-02-12,2025-02-12 17:30:00,2025-02-12 20:30:00,3,Ditolak,Lembur proyek 1
2170,1,2025-02-13,2025-02-13 17:30:00,2025-02-13 21:30:00,4,Disetujui,Lembur proyek 1
2171,6,2025-02-13,2025-02-13 17:30:00,2025-02-13 19:30:00,2,Ditolak,Lembur proyek 3
2172,13,2025-02-13,2025-02-13 17:30:00,2025-02-13 18:30:00,1,Ditolak,Lembur proyek 2
2173,17,2025-02-13,2025-02-13 17:30:00,2025-02-13 18:30:00,1,Ditolak,Lembur proyek 2
2174,18,2025-02-13,2025-02-13 17:30:00,2025-02-13 21:30:00,4,Disetujui,Lembur proyek 4
2175,22,2025-02-13,2025-02-13 17:30:00,2025-02-13 21:30:00,4,Ditolak,Lembur proyek 2
2176,23,2025-02-13,2025-02-13 17:30:00,2025-02-13 19:30:00,2,Ditolak,Lembur proyek 2
2177,28,2025-02-13,2025-02-13 17:30:00,2025-02-13 20:30:00,3,Disetujui,Lembur proyek 2
2178,29,2025-02-13,2025-02-13 17:30:00,2025-02-13 18:30:00,1,Ditolak,Lembur proyek 2
2179,30,2025-02-13,2025-02-13 17:30:00,2025-02-13 19:30:00,2,Ditolak,Lembur proyek 3
2180,36,2025-02-13,2025-02-13 17:30:00,2025-02-13 18:30:00,1,Disetujui,Lembur proyek 2
2181,41,2025-02-13,2025-02-13 17:30:00,2025-02-13 20:30:00,3,Disetujui,Lembur proyek 2
2182,46,2025-02-13,2025-02-13 17:30:00,2025-02-13 19:30:00,2,Ditolak,Lembur proyek 1
2183,1,2025-02-14,2025-02-14 17:30:00,2025-02-14 20:30:00,3,Ditolak,Lembur proyek 2
2184,13,2025-02-14,2025-02-14 17:30:00,2025-02-14 20:30:00,3,Disetujui,Lembur proyek 3
2185,15,2025-02-14,2025-02-14 17:30:00,2025-02-14 20:30:00,3,Ditolak,Lembur proyek 1
2186,17,2025-02-14,2025-02-14 17:30:00,2025-02-14 18:30:00,1,Ditolak,Lembur proyek 1
2187,27,2025-02-14,2025-02-14 17:30:00,2025-02-14 20:30:00,3,Disetujui,Lembur proyek 2
2188,32,2025-02-14,2025-02-14 17:30:00,2025-02-14 18:30:00,1,Disetujui,Lembur proyek 3
2189,41,2025-02-14,2025-02-14 17:30:00,2025-02-14 20:30:00,3,Ditolak,Lembur proyek 4
2190,46,2025-02-14,2025-02-14 17:30:00,2025-02-14 19:30:00,2,Ditolak,Lembur proyek 3
2191,47,2025-02-14,2025-02-14 17:30:00,2025-02-14 21:30:00,4,Disetujui,Lembur proyek 4
2192,1,2025-02-15,2025-02-15 17:30:00,2025-02-15 19:30:00,2,Ditolak,Lembur proyek 1
2193,2,2025-02-15,2025-02-15 17:30:00,2025-02-15 20:30:00,3,Ditolak,Lembur proyek 4
2194,20,2025-02-15,2025-02-15 17:30:00,2025-02-15 18:30:00,1,Disetujui,Lembur proyek 4
2195,38,2025-02-15,2025-02-15 17:30:00,2025-02-15 18:30:00,1,Ditolak,Lembur proyek 5
2196,43,2025-02-15,2025-02-15 17:30:00,2025-02-15 20:30:00,3,Disetujui,Lembur proyek 1
2197,45,2025-02-15,2025-02-15 17:30:00,2025-02-15 19:30:00,2,Disetujui,Lembur proyek 5
2198,47,2025-02-15,2025-02-15 17:30:00,2025-02-15 21:30:00,4,Disetujui,Lembur proyek 2
2199,9,2025-02-16,2025-02-16 17:30:00,2025-02-16 19:30:00,2,Ditolak,Lembur proyek 4
2200,15,2025-02-16,2025-02-16 17:30:00,2025-02-16 21:30:00,4,Disetujui,Lembur proyek 4
2201,17,2025-02-16,2025-02-16 17:30:00,2025-02-16 20:30:00,3,Ditolak,Lembur proyek 5
2202,19,2025-02-16,2025-02-16 17:30:00,2025-02-16 18:30:00,1,Ditolak,Lembur proyek 2
2203,28,2025-02-16,2025-02-16 17:30:00,2025-02-16 20:30:00,3,Ditolak,Lembur proyek 2
2204,33,2025-02-16,2025-02-16 17:30:00,2025-02-16 18:30:00,1,Disetujui,Lembur proyek 4
2205,35,2025-02-16,2025-02-16 17:30:00,2025-02-16 19:30:00,2,Ditolak,Lembur proyek 3
2206,44,2025-02-16,2025-02-16 17:30:00,2025-02-16 18:30:00,1,Ditolak,Lembur proyek 3
2207,47,2025-02-16,2025-02-16 17:30:00,2025-02-16 21:30:00,4,Disetujui,Lembur proyek 3
2208,6,2025-02-17,2025-02-17 17:30:00,2025-02-17 20:30:00,3,Disetujui,Lembur proyek 3
2209,8,2025-02-17,2025-02-17 17:30:00,2025-02-17 19:30:00,2,Ditolak,Lembur proyek 3
2210,9,2025-02-17,2025-02-17 17:30:00,2025-02-17 20:30:00,3,Disetujui,Lembur proyek 3
2211,12,2025-02-17,2025-02-17 17:30:00,2025-02-17 20:30:00,3,Disetujui,Lembur proyek 1
2212,15,2025-02-17,2025-02-17 17:30:00,2025-02-17 19:30:00,2,Disetujui,Lembur proyek 3
2213,31,2025-02-17,2025-02-17 17:30:00,2025-02-17 19:30:00,2,Ditolak,Lembur proyek 1
2214,37,2025-02-17,2025-02-17 17:30:00,2025-02-17 21:30:00,4,Ditolak,Lembur proyek 2
2215,39,2025-02-17,2025-02-17 17:30:00,2025-02-17 18:30:00,1,Ditolak,Lembur proyek 1
2216,41,2025-02-17,2025-02-17 17:30:00,2025-02-17 20:30:00,3,Disetujui,Lembur proyek 2
2217,1,2025-02-18,2025-02-18 17:30:00,2025-02-18 18:30:00,1,Ditolak,Lembur proyek 1
2218,18,2025-02-18,2025-02-18 17:30:00,2025-02-18 20:30:00,3,Disetujui,Lembur proyek 1
2219,24,2025-02-18,2025-02-18 17:30:00,2025-02-18 18:30:00,1,Ditolak,Lembur proyek 5
2220,25,2025-02-18,2025-02-18 17:30:00,2025-02-18 19:30:00,2,Ditolak,Lembur proyek 4
2221,32,2025-02-18,2025-02-18 17:30:00,2025-02-18 21:30:00,4,Ditolak,Lembur proyek 1
2222,38,2025-02-18,2025-02-18 17:30:00,2025-02-18 19:30:00,2,Ditolak,Lembur proyek 2
2223,40,2025-02-18,2025-02-18 17:30:00,2025-02-18 21:30:00,4,Ditolak,Lembur proyek 5
2224,44,2025-02-18,2025-02-18 17:30:00,2025-02-18 21:30:00,4,Disetujui,Lembur proyek 1
2225,45,2025-02-18,2025-02-18 17:30:00,2025-02-18 19:30:00,2,Ditolak,Lembur proyek 2
2226,48,2025-02-18,2025-02-18 17:30:00,2025-02-18 19:30:00,2,Disetujui,Lembur proyek 1
2227,1,2025-02-19,2025-02-19 17:30:00,2025-02-19 18:30:00,1,Ditolak,Lembur proyek 3
2228,4,2025-02-19,2025-02-19 17:30:00,2025-02-19 19:30:00,2,Disetujui,Lembur proyek 3
2229,5,2025-02-19,2025-02-19 17:30:00,2025-02-19 21:30:00,4,Disetujui,Lembur proyek 1
2230,12,2025-02-19,2025-02-19 17:30:00,2025-02-19 20:30:00,3,Disetujui,Lembur proyek 2
2231,26,2025-02-19,2025-02-19 17:30:00,2025-02-19 21:30:00,4,Disetujui,Lembur proyek 4
2232,35,2025-02-19,2025-02-19 17:30:00,2025-02-19 20:30:00,3,Disetujui,Lembur proyek 4
2233,38,2025-02-19,2025-02-19 17:30:00,2025-02-19 19:30:00,2,Disetujui,Lembur proyek 3
2234,48,2025-02-19,2025-02-19 17:30:00,2025-02-19 21:30:00,4,Disetujui,Lembur proyek 4
2235,20,2025-02-20,2025-02-20 17:30:00,2025-02-20 21:30:00,4,Disetujui,Lembur proyek 4
2236,21,2025-02-20,2025-02-20 17:30:00,2025-02-20 19:30:00,2,Disetujui,Lembur proyek 5
2237,33,2025-02-20,2025-02-20 17:30:00,2025-02-20 20:30:00,3,Ditolak,Lembur proyek 5
2238,38,2025-02-20,2025-02-20 17:30:00,2025-02-20 20:30:00,3,Ditolak,Lembur proyek 5
2239,40,2025-02-20,2025-02-20 17:30:00,2025-02-20 18:30:00,1,Disetujui,Lembur proyek 5
2240,45,2025-02-20,2025-02-20 17:30:00,2025-02-20 19:30:00,2,Disetujui,Lembur proyek 5
2241,2,2025-02-21,2025-02-21 17:30:00,2025-02-21 21:30:00,4,Disetujui,Lembur proyek 3
2242,7,2025-02-21,2025-02-21 17:30:00,2025-02-21 21:30:00,4,Disetujui,Lembur proyek 1
2243,10,2025-02-21,2025-02-21 17:30:00,2025-02-21 21:30:00,4,Ditolak,Lembur proyek 4
2244,13,2025-02-21,2025-02-21 17:30:00,2025-02-21 21:30:00,4,Disetujui,Lembur proyek 2
2245,14,2025-02-21,2025-02-21 17:30:00,2025-02-21 20:30:00,3,Disetujui,Lembur proyek 5
2246,23,2025-02-21,2025-02-21 17:30:00,2025-02-21 20:30:00,3,Ditolak,Lembur proyek 3
2247,27,2025-02-21,2025-02-21 17:30:00,2025-02-21 21:30:00,4,Ditolak,Lembur proyek 1
2248,32,2025-02-21,2025-02-21 17:30:00,2025-02-21 18:30:00,1,Disetujui,Lembur proyek 2
2249,34,2025-02-21,2025-02-21 17:30:00,2025-02-21 20:30:00,3,Disetujui,Lembur proyek 3
2250,41,2025-02-21,2025-02-21 17:30:00,2025-02-21 18:30:00,1,Ditolak,Lembur proyek 5
2251,2,2025-02-22,2025-02-22 17:30:00,2025-02-22 18:30:00,1,Ditolak,Lembur proyek 5
2252,4,2025-02-22,2025-02-22 17:30:00,2025-02-22 21:30:00,4,Ditolak,Lembur proyek 1
2253,7,2025-02-22,2025-02-22 17:30:00,2025-02-22 19:30:00,2,Ditolak,Lembur proyek 4
2254,26,2025-02-22,2025-02-22 17:30:00,2025-02-22 18:30:00,1,Ditolak,Lembur proyek 1
2255,28,2025-02-22,2025-02-22 17:30:00,2025-02-22 20:30:00,3,Disetujui,Lembur proyek 5
2256,32,2025-02-22,2025-02-22 17:30:00,2025-02-22 20:30:00,3,Ditolak,Lembur proyek 4
2257,34,2025-02-22,2025-02-22 17:30:00,2025-02-22 20:30:00,3,Disetujui,Lembur proyek 3
2258,45,2025-02-22,2025-02-22 17:30:00,2025-02-22 19:30:00,2,Disetujui,Lembur proyek 1
2259,7,2025-02-23,2025-02-23 17:30:00,2025-02-23 20:30:00,3,Ditolak,Lembur proyek 1
2260,16,2025-02-23,2025-02-23 17:30:00,2025-02-23 19:30:00,2,Ditolak,Lembur proyek 5
2261,20,2025-02-23,2025-02-23 17:30:00,2025-02-23 20:30:00,3,Ditolak,Lembur proyek 2
2262,25,2025-02-23,2025-02-23 17:30:00,2025-02-23 18:30:00,1,Ditolak,Lembur proyek 3
2263,27,2025-02-23,2025-02-23 17:30:00,2025-02-23 21:30:00,4,Disetujui,Lembur proyek 3
2264,32,2025-02-23,2025-02-23 17:30:00,2025-02-23 19:30:00,2,Ditolak,Lembur proyek 2
2265,34,2025-02-23,2025-02-23 17:30:00,2025-02-23 20:30:00,3,Ditolak,Lembur proyek 5
2266,35,2025-02-23,2025-02-23 17:30:00,2025-02-23 21:30:00,4,Disetujui,Lembur proyek 1
2267,40,2025-02-23,2025-02-23 17:30:00,2025-02-23 19:30:00,2,Ditolak,Lembur proyek 2
2268,42,2025-02-23,2025-02-23 17:30:00,2025-02-23 18:30:00,1,Disetujui,Lembur proyek 3
2269,43,2025-02-23,2025-02-23 17:30:00,2025-02-23 19:30:00,2,Ditolak,Lembur proyek 4
2270,44,2025-02-23,2025-02-23 17:30:00,2025-02-23 21:30:00,4,Ditolak,Lembur proyek 5
2271,4,2025-02-24,2025-02-24 17:30:00,2025-02-24 20:30:00,3,Disetujui,Lembur proyek 5
2272,6,2025-02-24,2025-02-24 17:30:00,2025-02-24 19:30:00,2,Ditolak,Lembur proyek 3
2273,7,2025-02-24,2025-02-24 17:30:00,2025-02-24 21:30:00,4,Disetujui,Lembur proyek 3
2274,8,2025-02-24,2025-02-24 17:30:00,2025-02-24 19:30:00,2,Disetujui,Lembur proyek 2
2275,11,2025-02-24,2025-02-24 17:30:00,2025-02-24 19:30:00,2,Ditolak,Lembur proyek 2
2276,12,2025-02-24,2025-02-24 17:30:00,2025-02-24 20:30:00,3,Ditolak,Lembur proyek 1
2277,13,2025-02-24,2025-02-24 17:30:00,2025-02-24 20:30:00,3,Disetujui,Lembur proyek 2
2278,17,2025-02-24,2025-02-24 17:30:00,2025-02-24 18:30:00,1,Ditolak,Lembur proyek 3
2279,18,2025-02-24,2025-02-24 17:30:00,2025-02-24 21:30:00,4,Ditolak,Lembur proyek 1
2280,19,2025-02-24,2025-02-24 17:30:00,2025-02-24 21:30:00,4,Disetujui,Lembur proyek 5
2281,20,2025-02-24,2025-02-24 17:30:00,2025-02-24 19:30:00,2,Disetujui,Lembur proyek 4
2282,24,2025-02-24,2025-02-24 17:30:00,2025-02-24 18:30:00,1,Disetujui,Lembur proyek 2
2283,27,2025-02-24,2025-02-24 17:30:00,2025-02-24 18:30:00,1,Ditolak,Lembur proyek 4
2284,31,2025-02-24,2025-02-24 17:30:00,2025-02-24 19:30:00,2,Disetujui,Lembur proyek 2
2285,32,2025-02-24,2025-02-24 17:30:00,2025-02-24 18:30:00,1,Ditolak,Lembur proyek 1
2286,35,2025-02-24,2025-02-24 17:30:00,2025-02-24 18:30:00,1,Disetujui,Lembur proyek 4
2287,37,2025-02-24,2025-02-24 17:30:00,2025-02-24 21:30:00,4,Ditolak,Lembur proyek 1
2288,38,2025-02-24,2025-02-24 17:30:00,2025-02-24 20:30:00,3,Ditolak,Lembur proyek 1
2289,40,2025-02-24,2025-02-24 17:30:00,2025-02-24 19:30:00,2,Disetujui,Lembur proyek 3
2290,41,2025-02-24,2025-02-24 17:30:00,2025-02-24 18:30:00,1,Disetujui,Lembur proyek 4
2291,42,2025-02-24,2025-02-24 17:30:00,2025-02-24 20:30:00,3,Disetujui,Lembur proyek 4
2292,44,2025-02-24,2025-02-24 17:30:00,2025-02-24 18:30:00,1,Disetujui,Lembur proyek 2
2293,45,2025-02-24,2025-02-24 17:30:00,2025-02-24 19:30:00,2,Ditolak,Lembur proyek 1
2294,6,2025-02-25,2025-02-25 17:30:00,2025-02-25 19:30:00,2,Ditolak,Lembur proyek 2
2295,9,2025-02-25,2025-02-25 17:30:00,2025-02-25 19:30:00,2,Disetujui,Lembur proyek 1
2296,11,2025-02-25,2025-02-25 17:30:00,2025-02-25 19:30:00,2,Disetujui,Lembur proyek 1
2297,22,2025-02-25,2025-02-25 17:30:00,2025-02-25 18:30:00,1,Disetujui,Lembur proyek 4
2298,25,2025-02-25,2025-02-25 17:30:00,2025-02-25 20:30:00,3,Ditolak,Lembur proyek 5
2299,29,2025-02-25,2025-02-25 17:30:00,2025-02-25 19:30:00,2,Ditolak,Lembur proyek 3
2300,33,2025-02-25,2025-02-25 17:30:00,2025-02-25 18:30:00,1,Ditolak,Lembur proyek 3
2301,36,2025-02-25,2025-02-25 17:30:00,2025-02-25 18:30:00,1,Ditolak,Lembur proyek 2
2302,43,2025-02-25,2025-02-25 17:30:00,2025-02-25 21:30:00,4,Disetujui,Lembur proyek 4
2303,46,2025-02-25,2025-02-25 17:30:00,2025-02-25 19:30:00,2,Disetujui,Lembur proyek 2
2304,5,2025-02-26,2025-02-26 17:30:00,2025-02-26 20:30:00,3,Ditolak,Lembur proyek 2
2305,10,2025-02-26,2025-02-26 17:30:00,2025-02-26 21:30:00,4,Ditolak,Lembur proyek 2
2306,11,2025-02-26,2025-02-26 17:30:00,2025-02-26 19:30:00,2,Disetujui,Lembur proyek 4
2307,13,2025-02-26,2025-02-26 17:30:00,2025-02-26 19:30:00,2,Disetujui,Lembur proyek 1
2308,21,2025-02-26,2025-02-26 17:30:00,2025-02-26 18:30:00,1,Disetujui,Lembur proyek 1
2309,22,2025-02-26,2025-02-26 17:30:00,2025-02-26 21:30:00,4,Disetujui,Lembur proyek 5
2310,38,2025-02-26,2025-02-26 17:30:00,2025-02-26 18:30:00,1,Ditolak,Lembur proyek 5
2311,39,2025-02-26,2025-02-26 17:30:00,2025-02-26 20:30:00,3,Ditolak,Lembur proyek 3
2312,40,2025-02-26,2025-02-26 17:30:00,2025-02-26 20:30:00,3,Disetujui,Lembur proyek 5
2313,47,2025-02-26,2025-02-26 17:30:00,2025-02-26 19:30:00,2,Disetujui,Lembur proyek 3
2314,3,2025-02-27,2025-02-27 17:30:00,2025-02-27 18:30:00,1,Ditolak,Lembur proyek 1
2315,4,2025-02-27,2025-02-27 17:30:00,2025-02-27 21:30:00,4,Ditolak,Lembur proyek 5
2316,7,2025-02-27,2025-02-27 17:30:00,2025-02-27 18:30:00,1,Ditolak,Lembur proyek 1
2317,15,2025-02-27,2025-02-27 17:30:00,2025-02-27 20:30:00,3,Disetujui,Lembur proyek 1
2318,16,2025-02-27,2025-02-27 17:30:00,2025-02-27 21:30:00,4,Disetujui,Lembur proyek 3
2319,18,2025-02-27,2025-02-27 17:30:00,2025-02-27 20:30:00,3,Ditolak,Lembur proyek 3
2320,19,2025-02-27,2025-02-27 17:30:00,2025-02-27 20:30:00,3,Disetujui,Lembur proyek 4
2321,23,2025-02-27,2025-02-27 17:30:00,2025-02-27 18:30:00,1,Ditolak,Lembur proyek 3
2322,29,2025-02-27,2025-02-27 17:30:00,2025-02-27 18:30:00,1,Ditolak,Lembur proyek 2
2323,38,2025-02-27,2025-02-27 17:30:00,2025-02-27 21:30:00,4,Disetujui,Lembur proyek 4
2324,42,2025-02-27,2025-02-27 17:30:00,2025-02-27 19:30:00,2,Disetujui,Lembur proyek 2
2325,19,2025-02-28,2025-02-28 17:30:00,2025-02-28 18:30:00,1,Ditolak,Lembur proyek 4
2326,25,2025-02-28,2025-02-28 17:30:00,2025-02-28 21:30:00,4,Ditolak,Lembur proyek 4
2327,27,2025-02-28,2025-02-28 17:30:00,2025-02-28 21:30:00,4,Ditolak,Lembur proyek 5
2328,43,2025-02-28,2025-02-28 17:30:00,2025-02-28 18:30:00,1,Ditolak,Lembur proyek 3
2329,47,2025-02-28,2025-02-28 17:30:00,2025-02-28 21:30:00,4,Disetujui,Lembur proyek 2
2330,49,2025-02-28,2025-02-28 17:30:00,2025-02-28 18:30:00,1,Disetujui,Lembur proyek 2
2331,4,2025-03-01,2025-03-01 17:30:00,2025-03-01 18:30:00,1,Ditolak,Lembur proyek 4
2332,7,2025-03-01,2025-03-01 17:30:00,2025-03-01 19:30:00,2,Ditolak,Lembur proyek 4
2333,22,2025-03-01,2025-03-01 17:30:00,2025-03-01 20:30:00,3,Ditolak,Lembur proyek 1
2334,27,2025-03-01,2025-03-01 17:30:00,2025-03-01 21:30:00,4,Ditolak,Lembur proyek 5
2335,32,2025-03-01,2025-03-01 17:30:00,2025-03-01 18:30:00,1,Disetujui,Lembur proyek 1
2336,33,2025-03-01,2025-03-01 17:30:00,2025-03-01 20:30:00,3,Ditolak,Lembur proyek 5
2337,40,2025-03-01,2025-03-01 17:30:00,2025-03-01 18:30:00,1,Ditolak,Lembur proyek 5
2338,44,2025-03-01,2025-03-01 17:30:00,2025-03-01 20:30:00,3,Disetujui,Lembur proyek 4
2339,46,2025-03-01,2025-03-01 17:30:00,2025-03-01 20:30:00,3,Ditolak,Lembur proyek 4
2340,3,2025-03-02,2025-03-02 17:30:00,2025-03-02 21:30:00,4,Ditolak,Lembur proyek 1
2341,13,2025-03-02,2025-03-02 17:30:00,2025-03-02 20:30:00,3,Disetujui,Lembur proyek 1
2342,16,2025-03-02,2025-03-02 17:30:00,2025-03-02 18:30:00,1,Disetujui,Lembur proyek 2
2343,19,2025-03-02,2025-03-02 17:30:00,2025-03-02 18:30:00,1,Ditolak,Lembur proyek 5
2344,24,2025-03-02,2025-03-02 17:30:00,2025-03-02 21:30:00,4,Ditolak,Lembur proyek 2
2345,36,2025-03-02,2025-03-02 17:30:00,2025-03-02 21:30:00,4,Disetujui,Lembur proyek 5
2346,38,2025-03-02,2025-03-02 17:30:00,2025-03-02 20:30:00,3,Ditolak,Lembur proyek 2
2347,39,2025-03-02,2025-03-02 17:30:00,2025-03-02 19:30:00,2,Ditolak,Lembur proyek 3
2348,41,2025-03-02,2025-03-02 17:30:00,2025-03-02 18:30:00,1,Ditolak,Lembur proyek 2
2349,44,2025-03-02,2025-03-02 17:30:00,2025-03-02 20:30:00,3,Disetujui,Lembur proyek 5
2350,47,2025-03-02,2025-03-02 17:30:00,2025-03-02 20:30:00,3,Ditolak,Lembur proyek 5
2351,2,2025-03-03,2025-03-03 17:30:00,2025-03-03 20:30:00,3,Ditolak,Lembur proyek 5
2352,10,2025-03-03,2025-03-03 17:30:00,2025-03-03 21:30:00,4,Disetujui,Lembur proyek 1
2353,13,2025-03-03,2025-03-03 17:30:00,2025-03-03 18:30:00,1,Ditolak,Lembur proyek 1
2354,16,2025-03-03,2025-03-03 17:30:00,2025-03-03 21:30:00,4,Disetujui,Lembur proyek 4
2355,24,2025-03-03,2025-03-03 17:30:00,2025-03-03 21:30:00,4,Disetujui,Lembur proyek 1
2356,30,2025-03-03,2025-03-03 17:30:00,2025-03-03 18:30:00,1,Ditolak,Lembur proyek 4
2357,33,2025-03-03,2025-03-03 17:30:00,2025-03-03 21:30:00,4,Ditolak,Lembur proyek 3
2358,36,2025-03-03,2025-03-03 17:30:00,2025-03-03 18:30:00,1,Ditolak,Lembur proyek 3
2359,38,2025-03-03,2025-03-03 17:30:00,2025-03-03 20:30:00,3,Ditolak,Lembur proyek 3
2360,46,2025-03-03,2025-03-03 17:30:00,2025-03-03 19:30:00,2,Ditolak,Lembur proyek 5
2361,47,2025-03-03,2025-03-03 17:30:00,2025-03-03 20:30:00,3,Ditolak,Lembur proyek 1
2362,1,2025-03-04,2025-03-04 17:30:00,2025-03-04 21:30:00,4,Ditolak,Lembur proyek 2
2363,2,2025-03-04,2025-03-04 17:30:00,2025-03-04 20:30:00,3,Ditolak,Lembur proyek 2
2364,6,2025-03-04,2025-03-04 17:30:00,2025-03-04 19:30:00,2,Disetujui,Lembur proyek 1
2365,13,2025-03-04,2025-03-04 17:30:00,2025-03-04 21:30:00,4,Disetujui,Lembur proyek 3
2366,15,2025-03-04,2025-03-04 17:30:00,2025-03-04 20:30:00,3,Ditolak,Lembur proyek 5
2367,20,2025-03-04,2025-03-04 17:30:00,2025-03-04 19:30:00,2,Ditolak,Lembur proyek 2
2368,22,2025-03-04,2025-03-04 17:30:00,2025-03-04 19:30:00,2,Disetujui,Lembur proyek 3
2369,27,2025-03-04,2025-03-04 17:30:00,2025-03-04 20:30:00,3,Disetujui,Lembur proyek 3
2370,31,2025-03-04,2025-03-04 17:30:00,2025-03-04 19:30:00,2,Ditolak,Lembur proyek 5
2371,32,2025-03-04,2025-03-04 17:30:00,2025-03-04 21:30:00,4,Disetujui,Lembur proyek 5
2372,38,2025-03-04,2025-03-04 17:30:00,2025-03-04 21:30:00,4,Ditolak,Lembur proyek 2
2373,43,2025-03-04,2025-03-04 17:30:00,2025-03-04 18:30:00,1,Ditolak,Lembur proyek 2
2374,47,2025-03-04,2025-03-04 17:30:00,2025-03-04 19:30:00,2,Disetujui,Lembur proyek 1
2375,9,2025-03-05,2025-03-05 17:30:00,2025-03-05 18:30:00,1,Disetujui,Lembur proyek 2
2376,11,2025-03-05,2025-03-05 17:30:00,2025-03-05 19:30:00,2,Disetujui,Lembur proyek 3
2377,12,2025-03-05,2025-03-05 17:30:00,2025-03-05 20:30:00,3,Ditolak,Lembur proyek 5
2378,14,2025-03-05,2025-03-05 17:30:00,2025-03-05 19:30:00,2,Ditolak,Lembur proyek 4
2379,17,2025-03-05,2025-03-05 17:30:00,2025-03-05 21:30:00,4,Disetujui,Lembur proyek 3
2380,28,2025-03-05,2025-03-05 17:30:00,2025-03-05 18:30:00,1,Ditolak,Lembur proyek 2
2381,31,2025-03-05,2025-03-05 17:30:00,2025-03-05 20:30:00,3,Ditolak,Lembur proyek 3
2382,43,2025-03-05,2025-03-05 17:30:00,2025-03-05 20:30:00,3,Ditolak,Lembur proyek 1
2383,45,2025-03-05,2025-03-05 17:30:00,2025-03-05 21:30:00,4,Ditolak,Lembur proyek 2
2384,47,2025-03-05,2025-03-05 17:30:00,2025-03-05 19:30:00,2,Disetujui,Lembur proyek 5
2385,48,2025-03-05,2025-03-05 17:30:00,2025-03-05 21:30:00,4,Ditolak,Lembur proyek 1
2386,50,2025-03-05,2025-03-05 17:30:00,2025-03-05 20:30:00,3,Ditolak,Lembur proyek 3
2387,4,2025-03-06,2025-03-06 17:30:00,2025-03-06 19:30:00,2,Ditolak,Lembur proyek 1
2388,6,2025-03-06,2025-03-06 17:30:00,2025-03-06 20:30:00,3,Ditolak,Lembur proyek 3
2389,8,2025-03-06,2025-03-06 17:30:00,2025-03-06 19:30:00,2,Disetujui,Lembur proyek 4
2390,12,2025-03-06,2025-03-06 17:30:00,2025-03-06 18:30:00,1,Disetujui,Lembur proyek 5
2391,19,2025-03-06,2025-03-06 17:30:00,2025-03-06 20:30:00,3,Disetujui,Lembur proyek 1
2392,21,2025-03-06,2025-03-06 17:30:00,2025-03-06 19:30:00,2,Disetujui,Lembur proyek 3
2393,29,2025-03-06,2025-03-06 17:30:00,2025-03-06 20:30:00,3,Disetujui,Lembur proyek 4
2394,30,2025-03-06,2025-03-06 17:30:00,2025-03-06 18:30:00,1,Disetujui,Lembur proyek 4
2395,32,2025-03-06,2025-03-06 17:30:00,2025-03-06 18:30:00,1,Ditolak,Lembur proyek 2
2396,33,2025-03-06,2025-03-06 17:30:00,2025-03-06 21:30:00,4,Disetujui,Lembur proyek 1
2397,39,2025-03-06,2025-03-06 17:30:00,2025-03-06 21:30:00,4,Ditolak,Lembur proyek 1
2398,40,2025-03-06,2025-03-06 17:30:00,2025-03-06 19:30:00,2,Ditolak,Lembur proyek 3
2399,5,2025-03-07,2025-03-07 17:30:00,2025-03-07 18:30:00,1,Ditolak,Lembur proyek 4
2400,8,2025-03-07,2025-03-07 17:30:00,2025-03-07 19:30:00,2,Disetujui,Lembur proyek 4
2401,10,2025-03-07,2025-03-07 17:30:00,2025-03-07 21:30:00,4,Disetujui,Lembur proyek 1
2402,15,2025-03-07,2025-03-07 17:30:00,2025-03-07 21:30:00,4,Ditolak,Lembur proyek 5
2403,50,2025-03-07,2025-03-07 17:30:00,2025-03-07 19:30:00,2,Disetujui,Lembur proyek 3
2404,1,2025-03-08,2025-03-08 17:30:00,2025-03-08 19:30:00,2,Ditolak,Lembur proyek 1
2405,9,2025-03-08,2025-03-08 17:30:00,2025-03-08 18:30:00,1,Ditolak,Lembur proyek 5
2406,17,2025-03-08,2025-03-08 17:30:00,2025-03-08 18:30:00,1,Ditolak,Lembur proyek 2
2407,34,2025-03-08,2025-03-08 17:30:00,2025-03-08 18:30:00,1,Disetujui,Lembur proyek 5
2408,43,2025-03-08,2025-03-08 17:30:00,2025-03-08 18:30:00,1,Disetujui,Lembur proyek 4
2409,49,2025-03-08,2025-03-08 17:30:00,2025-03-08 21:30:00,4,Disetujui,Lembur proyek 4
2410,1,2025-03-09,2025-03-09 17:30:00,2025-03-09 19:30:00,2,Disetujui,Lembur proyek 4
2411,9,2025-03-09,2025-03-09 17:30:00,2025-03-09 18:30:00,1,Disetujui,Lembur proyek 2
2412,18,2025-03-09,2025-03-09 17:30:00,2025-03-09 20:30:00,3,Ditolak,Lembur proyek 2
2413,19,2025-03-09,2025-03-09 17:30:00,2025-03-09 19:30:00,2,Ditolak,Lembur proyek 4
2414,32,2025-03-09,2025-03-09 17:30:00,2025-03-09 19:30:00,2,Ditolak,Lembur proyek 1
2415,33,2025-03-09,2025-03-09 17:30:00,2025-03-09 21:30:00,4,Disetujui,Lembur proyek 3
2416,35,2025-03-09,2025-03-09 17:30:00,2025-03-09 18:30:00,1,Disetujui,Lembur proyek 1
2417,41,2025-03-09,2025-03-09 17:30:00,2025-03-09 18:30:00,1,Disetujui,Lembur proyek 2
2418,47,2025-03-09,2025-03-09 17:30:00,2025-03-09 21:30:00,4,Disetujui,Lembur proyek 4
2419,50,2025-03-09,2025-03-09 17:30:00,2025-03-09 20:30:00,3,Ditolak,Lembur proyek 2
2420,4,2025-03-10,2025-03-10 17:30:00,2025-03-10 19:30:00,2,Disetujui,Lembur proyek 3
2421,8,2025-03-10,2025-03-10 17:30:00,2025-03-10 20:30:00,3,Ditolak,Lembur proyek 3
2422,9,2025-03-10,2025-03-10 17:30:00,2025-03-10 21:30:00,4,Disetujui,Lembur proyek 4
2423,19,2025-03-10,2025-03-10 17:30:00,2025-03-10 21:30:00,4,Disetujui,Lembur proyek 5
2424,24,2025-03-10,2025-03-10 17:30:00,2025-03-10 21:30:00,4,Disetujui,Lembur proyek 5
2425,30,2025-03-10,2025-03-10 17:30:00,2025-03-10 20:30:00,3,Ditolak,Lembur proyek 2
2426,33,2025-03-10,2025-03-10 17:30:00,2025-03-10 19:30:00,2,Disetujui,Lembur proyek 1
2427,35,2025-03-10,2025-03-10 17:30:00,2025-03-10 18:30:00,1,Disetujui,Lembur proyek 3
2428,36,2025-03-10,2025-03-10 17:30:00,2025-03-10 18:30:00,1,Disetujui,Lembur proyek 5
2429,37,2025-03-10,2025-03-10 17:30:00,2025-03-10 19:30:00,2,Disetujui,Lembur proyek 1
2430,2,2025-03-11,2025-03-11 17:30:00,2025-03-11 18:30:00,1,Ditolak,Lembur proyek 4
2431,4,2025-03-11,2025-03-11 17:30:00,2025-03-11 20:30:00,3,Disetujui,Lembur proyek 1
2432,8,2025-03-11,2025-03-11 17:30:00,2025-03-11 21:30:00,4,Ditolak,Lembur proyek 1
2433,11,2025-03-11,2025-03-11 17:30:00,2025-03-11 21:30:00,4,Ditolak,Lembur proyek 2
2434,18,2025-03-11,2025-03-11 17:30:00,2025-03-11 18:30:00,1,Disetujui,Lembur proyek 3
2435,26,2025-03-11,2025-03-11 17:30:00,2025-03-11 20:30:00,3,Disetujui,Lembur proyek 5
2436,35,2025-03-11,2025-03-11 17:30:00,2025-03-11 20:30:00,3,Ditolak,Lembur proyek 3
2437,37,2025-03-11,2025-03-11 17:30:00,2025-03-11 18:30:00,1,Disetujui,Lembur proyek 3
2438,40,2025-03-11,2025-03-11 17:30:00,2025-03-11 19:30:00,2,Disetujui,Lembur proyek 3
2439,43,2025-03-11,2025-03-11 17:30:00,2025-03-11 19:30:00,2,Disetujui,Lembur proyek 2
2440,49,2025-03-11,2025-03-11 17:30:00,2025-03-11 19:30:00,2,Ditolak,Lembur proyek 2
2441,1,2025-03-12,2025-03-12 17:30:00,2025-03-12 18:30:00,1,Disetujui,Lembur proyek 5
2442,4,2025-03-12,2025-03-12 17:30:00,2025-03-12 21:30:00,4,Ditolak,Lembur proyek 2
2443,12,2025-03-12,2025-03-12 17:30:00,2025-03-12 18:30:00,1,Disetujui,Lembur proyek 3
2444,13,2025-03-12,2025-03-12 17:30:00,2025-03-12 20:30:00,3,Disetujui,Lembur proyek 4
2445,15,2025-03-12,2025-03-12 17:30:00,2025-03-12 21:30:00,4,Ditolak,Lembur proyek 4
2446,20,2025-03-12,2025-03-12 17:30:00,2025-03-12 20:30:00,3,Disetujui,Lembur proyek 2
2447,22,2025-03-12,2025-03-12 17:30:00,2025-03-12 19:30:00,2,Ditolak,Lembur proyek 3
2448,32,2025-03-12,2025-03-12 17:30:00,2025-03-12 19:30:00,2,Ditolak,Lembur proyek 1
2449,40,2025-03-12,2025-03-12 17:30:00,2025-03-12 20:30:00,3,Ditolak,Lembur proyek 4
2450,43,2025-03-12,2025-03-12 17:30:00,2025-03-12 18:30:00,1,Ditolak,Lembur proyek 4
2451,46,2025-03-12,2025-03-12 17:30:00,2025-03-12 20:30:00,3,Ditolak,Lembur proyek 1
2452,47,2025-03-12,2025-03-12 17:30:00,2025-03-12 21:30:00,4,Ditolak,Lembur proyek 3
2453,6,2025-03-13,2025-03-13 17:30:00,2025-03-13 19:30:00,2,Ditolak,Lembur proyek 5
2454,7,2025-03-13,2025-03-13 17:30:00,2025-03-13 19:30:00,2,Ditolak,Lembur proyek 3
2455,10,2025-03-13,2025-03-13 17:30:00,2025-03-13 21:30:00,4,Ditolak,Lembur proyek 2
2456,11,2025-03-13,2025-03-13 17:30:00,2025-03-13 19:30:00,2,Disetujui,Lembur proyek 2
2457,13,2025-03-13,2025-03-13 17:30:00,2025-03-13 20:30:00,3,Ditolak,Lembur proyek 1
2458,14,2025-03-13,2025-03-13 17:30:00,2025-03-13 18:30:00,1,Disetujui,Lembur proyek 1
2459,15,2025-03-13,2025-03-13 17:30:00,2025-03-13 20:30:00,3,Ditolak,Lembur proyek 5
2460,16,2025-03-13,2025-03-13 17:30:00,2025-03-13 21:30:00,4,Ditolak,Lembur proyek 5
2461,18,2025-03-13,2025-03-13 17:30:00,2025-03-13 21:30:00,4,Ditolak,Lembur proyek 5
2462,21,2025-03-13,2025-03-13 17:30:00,2025-03-13 19:30:00,2,Disetujui,Lembur proyek 4
2463,23,2025-03-13,2025-03-13 17:30:00,2025-03-13 19:30:00,2,Ditolak,Lembur proyek 5
2464,25,2025-03-13,2025-03-13 17:30:00,2025-03-13 19:30:00,2,Ditolak,Lembur proyek 5
2465,26,2025-03-13,2025-03-13 17:30:00,2025-03-13 20:30:00,3,Ditolak,Lembur proyek 2
2466,27,2025-03-13,2025-03-13 17:30:00,2025-03-13 21:30:00,4,Disetujui,Lembur proyek 2
2467,28,2025-03-13,2025-03-13 17:30:00,2025-03-13 19:30:00,2,Disetujui,Lembur proyek 3
2468,30,2025-03-13,2025-03-13 17:30:00,2025-03-13 21:30:00,4,Disetujui,Lembur proyek 3
2469,37,2025-03-13,2025-03-13 17:30:00,2025-03-13 18:30:00,1,Disetujui,Lembur proyek 3
2470,47,2025-03-13,2025-03-13 17:30:00,2025-03-13 18:30:00,1,Disetujui,Lembur proyek 1
2471,48,2025-03-13,2025-03-13 17:30:00,2025-03-13 19:30:00,2,Disetujui,Lembur proyek 5
2472,2,2025-03-14,2025-03-14 17:30:00,2025-03-14 21:30:00,4,Disetujui,Lembur proyek 4
2473,4,2025-03-14,2025-03-14 17:30:00,2025-03-14 19:30:00,2,Disetujui,Lembur proyek 2
2474,16,2025-03-14,2025-03-14 17:30:00,2025-03-14 18:30:00,1,Ditolak,Lembur proyek 3
2475,19,2025-03-14,2025-03-14 17:30:00,2025-03-14 19:30:00,2,Disetujui,Lembur proyek 1
2476,20,2025-03-14,2025-03-14 17:30:00,2025-03-14 18:30:00,1,Disetujui,Lembur proyek 3
2477,37,2025-03-14,2025-03-14 17:30:00,2025-03-14 19:30:00,2,Ditolak,Lembur proyek 5
2478,3,2025-03-15,2025-03-15 17:30:00,2025-03-15 19:30:00,2,Disetujui,Lembur proyek 4
2479,11,2025-03-15,2025-03-15 17:30:00,2025-03-15 20:30:00,3,Ditolak,Lembur proyek 4
2480,12,2025-03-15,2025-03-15 17:30:00,2025-03-15 20:30:00,3,Disetujui,Lembur proyek 3
2481,13,2025-03-15,2025-03-15 17:30:00,2025-03-15 19:30:00,2,Disetujui,Lembur proyek 5
2482,31,2025-03-15,2025-03-15 17:30:00,2025-03-15 19:30:00,2,Disetujui,Lembur proyek 3
2483,39,2025-03-15,2025-03-15 17:30:00,2025-03-15 20:30:00,3,Ditolak,Lembur proyek 1
2484,46,2025-03-15,2025-03-15 17:30:00,2025-03-15 20:30:00,3,Ditolak,Lembur proyek 2
2485,49,2025-03-15,2025-03-15 17:30:00,2025-03-15 21:30:00,4,Disetujui,Lembur proyek 1
2486,1,2025-03-16,2025-03-16 17:30:00,2025-03-16 18:30:00,1,Disetujui,Lembur proyek 2
2487,15,2025-03-16,2025-03-16 17:30:00,2025-03-16 21:30:00,4,Disetujui,Lembur proyek 2
2488,18,2025-03-16,2025-03-16 17:30:00,2025-03-16 19:30:00,2,Disetujui,Lembur proyek 4
2489,25,2025-03-16,2025-03-16 17:30:00,2025-03-16 19:30:00,2,Ditolak,Lembur proyek 2
2490,27,2025-03-16,2025-03-16 17:30:00,2025-03-16 20:30:00,3,Disetujui,Lembur proyek 5
2491,43,2025-03-16,2025-03-16 17:30:00,2025-03-16 18:30:00,1,Ditolak,Lembur proyek 3
2492,45,2025-03-16,2025-03-16 17:30:00,2025-03-16 20:30:00,3,Disetujui,Lembur proyek 3
2493,48,2025-03-16,2025-03-16 17:30:00,2025-03-16 18:30:00,1,Disetujui,Lembur proyek 5
2494,7,2025-03-17,2025-03-17 17:30:00,2025-03-17 18:30:00,1,Disetujui,Lembur proyek 4
2495,11,2025-03-17,2025-03-17 17:30:00,2025-03-17 20:30:00,3,Ditolak,Lembur proyek 4
2496,14,2025-03-17,2025-03-17 17:30:00,2025-03-17 19:30:00,2,Ditolak,Lembur proyek 4
2497,36,2025-03-17,2025-03-17 17:30:00,2025-03-17 19:30:00,2,Ditolak,Lembur proyek 5
2498,40,2025-03-17,2025-03-17 17:30:00,2025-03-17 18:30:00,1,Disetujui,Lembur proyek 2
2499,45,2025-03-17,2025-03-17 17:30:00,2025-03-17 18:30:00,1,Ditolak,Lembur proyek 5
2500,49,2025-03-17,2025-03-17 17:30:00,2025-03-17 18:30:00,1,Disetujui,Lembur proyek 4
2501,4,2025-03-18,2025-03-18 17:30:00,2025-03-18 21:30:00,4,Disetujui,Lembur proyek 1
2502,6,2025-03-18,2025-03-18 17:30:00,2025-03-18 18:30:00,1,Disetujui,Lembur proyek 3
2503,7,2025-03-18,2025-03-18 17:30:00,2025-03-18 20:30:00,3,Disetujui,Lembur proyek 2
2504,9,2025-03-18,2025-03-18 17:30:00,2025-03-18 21:30:00,4,Ditolak,Lembur proyek 1
2505,13,2025-03-18,2025-03-18 17:30:00,2025-03-18 21:30:00,4,Ditolak,Lembur proyek 5
2506,19,2025-03-18,2025-03-18 17:30:00,2025-03-18 19:30:00,2,Disetujui,Lembur proyek 5
2507,20,2025-03-18,2025-03-18 17:30:00,2025-03-18 21:30:00,4,Ditolak,Lembur proyek 3
2508,37,2025-03-18,2025-03-18 17:30:00,2025-03-18 18:30:00,1,Ditolak,Lembur proyek 1
2509,39,2025-03-18,2025-03-18 17:30:00,2025-03-18 19:30:00,2,Disetujui,Lembur proyek 4
2510,40,2025-03-18,2025-03-18 17:30:00,2025-03-18 20:30:00,3,Disetujui,Lembur proyek 2
2511,41,2025-03-18,2025-03-18 17:30:00,2025-03-18 20:30:00,3,Disetujui,Lembur proyek 5
2512,42,2025-03-18,2025-03-18 17:30:00,2025-03-18 20:30:00,3,Disetujui,Lembur proyek 4
2513,46,2025-03-18,2025-03-18 17:30:00,2025-03-18 21:30:00,4,Disetujui,Lembur proyek 2
2514,47,2025-03-18,2025-03-18 17:30:00,2025-03-18 19:30:00,2,Ditolak,Lembur proyek 2
2515,50,2025-03-18,2025-03-18 17:30:00,2025-03-18 18:30:00,1,Disetujui,Lembur proyek 5
2516,5,2025-03-19,2025-03-19 17:30:00,2025-03-19 19:30:00,2,Disetujui,Lembur proyek 1
2517,7,2025-03-19,2025-03-19 17:30:00,2025-03-19 21:30:00,4,Ditolak,Lembur proyek 5
2518,10,2025-03-19,2025-03-19 17:30:00,2025-03-19 20:30:00,3,Ditolak,Lembur proyek 1
2519,15,2025-03-19,2025-03-19 17:30:00,2025-03-19 18:30:00,1,Ditolak,Lembur proyek 5
2520,16,2025-03-19,2025-03-19 17:30:00,2025-03-19 18:30:00,1,Ditolak,Lembur proyek 4
2521,21,2025-03-19,2025-03-19 17:30:00,2025-03-19 18:30:00,1,Ditolak,Lembur proyek 4
2522,26,2025-03-19,2025-03-19 17:30:00,2025-03-19 19:30:00,2,Ditolak,Lembur proyek 4
2523,33,2025-03-19,2025-03-19 17:30:00,2025-03-19 20:30:00,3,Disetujui,Lembur proyek 2
2524,34,2025-03-19,2025-03-19 17:30:00,2025-03-19 20:30:00,3,Disetujui,Lembur proyek 2
2525,35,2025-03-19,2025-03-19 17:30:00,2025-03-19 20:30:00,3,Disetujui,Lembur proyek 4
2526,48,2025-03-19,2025-03-19 17:30:00,2025-03-19 18:30:00,1,Ditolak,Lembur proyek 4
2527,6,2025-03-20,2025-03-20 17:30:00,2025-03-20 19:30:00,2,Ditolak,Lembur proyek 5
2528,16,2025-03-20,2025-03-20 17:30:00,2025-03-20 19:30:00,2,Ditolak,Lembur proyek 1
2529,27,2025-03-20,2025-03-20 17:30:00,2025-03-20 21:30:00,4,Disetujui,Lembur proyek 3
2530,39,2025-03-20,2025-03-20 17:30:00,2025-03-20 18:30:00,1,Disetujui,Lembur proyek 3
2531,46,2025-03-20,2025-03-20 17:30:00,2025-03-20 18:30:00,1,Disetujui,Lembur proyek 1
2532,8,2025-03-21,2025-03-21 17:30:00,2025-03-21 19:30:00,2,Ditolak,Lembur proyek 4
2533,43,2025-03-21,2025-03-21 17:30:00,2025-03-21 21:30:00,4,Ditolak,Lembur proyek 1
2534,3,2025-03-22,2025-03-22 17:30:00,2025-03-22 18:30:00,1,Ditolak,Lembur proyek 5
2535,7,2025-03-22,2025-03-22 17:30:00,2025-03-22 20:30:00,3,Disetujui,Lembur proyek 4
2536,10,2025-03-22,2025-03-22 17:30:00,2025-03-22 19:30:00,2,Disetujui,Lembur proyek 3
2537,13,2025-03-22,2025-03-22 17:30:00,2025-03-22 21:30:00,4,Disetujui,Lembur proyek 2
2538,14,2025-03-22,2025-03-22 17:30:00,2025-03-22 20:30:00,3,Ditolak,Lembur proyek 4
2539,15,2025-03-22,2025-03-22 17:30:00,2025-03-22 20:30:00,3,Ditolak,Lembur proyek 1
2540,22,2025-03-22,2025-03-22 17:30:00,2025-03-22 21:30:00,4,Ditolak,Lembur proyek 4
2541,30,2025-03-22,2025-03-22 17:30:00,2025-03-22 21:30:00,4,Ditolak,Lembur proyek 4
2542,37,2025-03-22,2025-03-22 17:30:00,2025-03-22 21:30:00,4,Disetujui,Lembur proyek 3
2543,42,2025-03-22,2025-03-22 17:30:00,2025-03-22 18:30:00,1,Disetujui,Lembur proyek 2
2544,49,2025-03-22,2025-03-22 17:30:00,2025-03-22 20:30:00,3,Ditolak,Lembur proyek 3
2545,4,2025-03-23,2025-03-23 17:30:00,2025-03-23 18:30:00,1,Ditolak,Lembur proyek 3
2546,17,2025-03-23,2025-03-23 17:30:00,2025-03-23 18:30:00,1,Ditolak,Lembur proyek 1
2547,25,2025-03-23,2025-03-23 17:30:00,2025-03-23 18:30:00,1,Disetujui,Lembur proyek 1
2548,27,2025-03-23,2025-03-23 17:30:00,2025-03-23 18:30:00,1,Ditolak,Lembur proyek 4
2549,29,2025-03-23,2025-03-23 17:30:00,2025-03-23 20:30:00,3,Ditolak,Lembur proyek 2
2550,44,2025-03-23,2025-03-23 17:30:00,2025-03-23 19:30:00,2,Disetujui,Lembur proyek 1
2551,46,2025-03-23,2025-03-23 17:30:00,2025-03-23 21:30:00,4,Ditolak,Lembur proyek 2
2552,49,2025-03-23,2025-03-23 17:30:00,2025-03-23 19:30:00,2,Ditolak,Lembur proyek 1
2553,2,2025-03-24,2025-03-24 17:30:00,2025-03-24 21:30:00,4,Ditolak,Lembur proyek 3
2554,8,2025-03-24,2025-03-24 17:30:00,2025-03-24 19:30:00,2,Disetujui,Lembur proyek 4
2555,10,2025-03-24,2025-03-24 17:30:00,2025-03-24 21:30:00,4,Disetujui,Lembur proyek 1
2556,11,2025-03-24,2025-03-24 17:30:00,2025-03-24 19:30:00,2,Ditolak,Lembur proyek 2
2557,19,2025-03-24,2025-03-24 17:30:00,2025-03-24 18:30:00,1,Disetujui,Lembur proyek 1
2558,25,2025-03-24,2025-03-24 17:30:00,2025-03-24 18:30:00,1,Ditolak,Lembur proyek 3
2559,30,2025-03-24,2025-03-24 17:30:00,2025-03-24 20:30:00,3,Disetujui,Lembur proyek 5
2560,36,2025-03-24,2025-03-24 17:30:00,2025-03-24 20:30:00,3,Disetujui,Lembur proyek 3
2561,39,2025-03-24,2025-03-24 17:30:00,2025-03-24 21:30:00,4,Ditolak,Lembur proyek 5
2562,8,2025-03-25,2025-03-25 17:30:00,2025-03-25 19:30:00,2,Disetujui,Lembur proyek 5
2563,22,2025-03-25,2025-03-25 17:30:00,2025-03-25 20:30:00,3,Disetujui,Lembur proyek 1
2564,28,2025-03-25,2025-03-25 17:30:00,2025-03-25 18:30:00,1,Disetujui,Lembur proyek 4
2565,30,2025-03-25,2025-03-25 17:30:00,2025-03-25 18:30:00,1,Disetujui,Lembur proyek 1
2566,44,2025-03-25,2025-03-25 17:30:00,2025-03-25 18:30:00,1,Ditolak,Lembur proyek 2
2567,45,2025-03-25,2025-03-25 17:30:00,2025-03-25 21:30:00,4,Disetujui,Lembur proyek 2
2568,49,2025-03-25,2025-03-25 17:30:00,2025-03-25 19:30:00,2,Disetujui,Lembur proyek 2
2569,1,2025-03-26,2025-03-26 17:30:00,2025-03-26 20:30:00,3,Disetujui,Lembur proyek 5
2570,3,2025-03-26,2025-03-26 17:30:00,2025-03-26 21:30:00,4,Ditolak,Lembur proyek 2
2571,14,2025-03-26,2025-03-26 17:30:00,2025-03-26 19:30:00,2,Disetujui,Lembur proyek 2
2572,18,2025-03-26,2025-03-26 17:30:00,2025-03-26 19:30:00,2,Ditolak,Lembur proyek 5
2573,29,2025-03-26,2025-03-26 17:30:00,2025-03-26 21:30:00,4,Disetujui,Lembur proyek 5
2574,34,2025-03-26,2025-03-26 17:30:00,2025-03-26 18:30:00,1,Ditolak,Lembur proyek 3
2575,35,2025-03-26,2025-03-26 17:30:00,2025-03-26 21:30:00,4,Disetujui,Lembur proyek 3
2576,39,2025-03-26,2025-03-26 17:30:00,2025-03-26 21:30:00,4,Disetujui,Lembur proyek 4
2577,43,2025-03-26,2025-03-26 17:30:00,2025-03-26 21:30:00,4,Disetujui,Lembur proyek 1
2578,44,2025-03-26,2025-03-26 17:30:00,2025-03-26 21:30:00,4,Ditolak,Lembur proyek 3
2579,47,2025-03-26,2025-03-26 17:30:00,2025-03-26 18:30:00,1,Disetujui,Lembur proyek 2
2580,4,2025-03-27,2025-03-27 17:30:00,2025-03-27 19:30:00,2,Disetujui,Lembur proyek 1
2581,8,2025-03-27,2025-03-27 17:30:00,2025-03-27 19:30:00,2,Ditolak,Lembur proyek 1
2582,11,2025-03-27,2025-03-27 17:30:00,2025-03-27 21:30:00,4,Disetujui,Lembur proyek 2
2583,14,2025-03-27,2025-03-27 17:30:00,2025-03-27 18:30:00,1,Ditolak,Lembur proyek 4
2584,18,2025-03-27,2025-03-27 17:30:00,2025-03-27 20:30:00,3,Disetujui,Lembur proyek 5
2585,23,2025-03-27,2025-03-27 17:30:00,2025-03-27 21:30:00,4,Ditolak,Lembur proyek 1
2586,24,2025-03-27,2025-03-27 17:30:00,2025-03-27 19:30:00,2,Disetujui,Lembur proyek 3
2587,26,2025-03-27,2025-03-27 17:30:00,2025-03-27 21:30:00,4,Disetujui,Lembur proyek 4
2588,38,2025-03-27,2025-03-27 17:30:00,2025-03-27 18:30:00,1,Ditolak,Lembur proyek 5
2589,41,2025-03-27,2025-03-27 17:30:00,2025-03-27 20:30:00,3,Disetujui,Lembur proyek 4
2590,50,2025-03-27,2025-03-27 17:30:00,2025-03-27 21:30:00,4,Ditolak,Lembur proyek 4
2591,27,2025-03-28,2025-03-28 17:30:00,2025-03-28 18:30:00,1,Disetujui,Lembur proyek 3
2592,29,2025-03-28,2025-03-28 17:30:00,2025-03-28 20:30:00,3,Ditolak,Lembur proyek 4
2593,37,2025-03-28,2025-03-28 17:30:00,2025-03-28 21:30:00,4,Disetujui,Lembur proyek 2
2594,38,2025-03-28,2025-03-28 17:30:00,2025-03-28 18:30:00,1,Ditolak,Lembur proyek 3
2595,41,2025-03-28,2025-03-28 17:30:00,2025-03-28 20:30:00,3,Ditolak,Lembur proyek 5
2596,42,2025-03-28,2025-03-28 17:30:00,2025-03-28 18:30:00,1,Disetujui,Lembur proyek 5
2597,43,2025-03-28,2025-03-28 17:30:00,2025-03-28 20:30:00,3,Disetujui,Lembur proyek 1
2598,4,2025-04-01,2025-04-01 17:30:00,2025-04-01 18:30:00,1,Disetujui,Lembur proyek 3
2599,10,2025-04-01,2025-04-01 17:30:00,2025-04-01 21:30:00,4,Ditolak,Lembur proyek 5
2600,13,2025-04-01,2025-04-01 17:30:00,2025-04-01 21:30:00,4,Disetujui,Lembur proyek 5
2601,15,2025-04-01,2025-04-01 17:30:00,2025-04-01 21:30:00,4,Disetujui,Lembur proyek 3
2602,19,2025-04-01,2025-04-01 17:30:00,2025-04-01 19:30:00,2,Ditolak,Lembur proyek 1
2603,31,2025-04-01,2025-04-01 17:30:00,2025-04-01 18:30:00,1,Disetujui,Lembur proyek 5
2604,37,2025-04-01,2025-04-01 17:30:00,2025-04-01 18:30:00,1,Ditolak,Lembur proyek 3
2605,38,2025-04-01,2025-04-01 17:30:00,2025-04-01 19:30:00,2,Disetujui,Lembur proyek 1
2606,42,2025-04-01,2025-04-01 17:30:00,2025-04-01 20:30:00,3,Disetujui,Lembur proyek 2
2607,43,2025-04-01,2025-04-01 17:30:00,2025-04-01 20:30:00,3,Ditolak,Lembur proyek 2
2608,48,2025-04-01,2025-04-01 17:30:00,2025-04-01 18:30:00,1,Disetujui,Lembur proyek 3
2609,10,2025-04-02,2025-04-02 17:30:00,2025-04-02 19:30:00,2,Disetujui,Lembur proyek 2
2610,14,2025-04-02,2025-04-02 17:30:00,2025-04-02 21:30:00,4,Disetujui,Lembur proyek 5
2611,17,2025-04-02,2025-04-02 17:30:00,2025-04-02 20:30:00,3,Disetujui,Lembur proyek 3
2612,19,2025-04-02,2025-04-02 17:30:00,2025-04-02 20:30:00,3,Disetujui,Lembur proyek 3
2613,22,2025-04-02,2025-04-02 17:30:00,2025-04-02 20:30:00,3,Ditolak,Lembur proyek 1
2614,30,2025-04-02,2025-04-02 17:30:00,2025-04-02 20:30:00,3,Disetujui,Lembur proyek 2
2615,31,2025-04-02,2025-04-02 17:30:00,2025-04-02 18:30:00,1,Disetujui,Lembur proyek 4
2616,35,2025-04-02,2025-04-02 17:30:00,2025-04-02 19:30:00,2,Disetujui,Lembur proyek 4
2617,36,2025-04-02,2025-04-02 17:30:00,2025-04-02 19:30:00,2,Ditolak,Lembur proyek 1
2618,21,2025-04-03,2025-04-03 17:30:00,2025-04-03 19:30:00,2,Disetujui,Lembur proyek 1
2619,22,2025-04-03,2025-04-03 17:30:00,2025-04-03 18:30:00,1,Ditolak,Lembur proyek 1
2620,25,2025-04-03,2025-04-03 17:30:00,2025-04-03 18:30:00,1,Ditolak,Lembur proyek 1
2621,27,2025-04-03,2025-04-03 17:30:00,2025-04-03 19:30:00,2,Ditolak,Lembur proyek 4
2622,28,2025-04-03,2025-04-03 17:30:00,2025-04-03 20:30:00,3,Disetujui,Lembur proyek 1
2623,34,2025-04-03,2025-04-03 17:30:00,2025-04-03 21:30:00,4,Disetujui,Lembur proyek 4
2624,41,2025-04-03,2025-04-03 17:30:00,2025-04-03 20:30:00,3,Ditolak,Lembur proyek 2
2625,13,2025-04-04,2025-04-04 17:30:00,2025-04-04 19:30:00,2,Ditolak,Lembur proyek 3
2626,15,2025-04-04,2025-04-04 17:30:00,2025-04-04 21:30:00,4,Ditolak,Lembur proyek 5
2627,16,2025-04-04,2025-04-04 17:30:00,2025-04-04 20:30:00,3,Disetujui,Lembur proyek 1
2628,20,2025-04-04,2025-04-04 17:30:00,2025-04-04 20:30:00,3,Disetujui,Lembur proyek 5
2629,21,2025-04-04,2025-04-04 17:30:00,2025-04-04 21:30:00,4,Disetujui,Lembur proyek 2
2630,30,2025-04-04,2025-04-04 17:30:00,2025-04-04 19:30:00,2,Ditolak,Lembur proyek 3
2631,31,2025-04-04,2025-04-04 17:30:00,2025-04-04 18:30:00,1,Ditolak,Lembur proyek 2
2632,36,2025-04-04,2025-04-04 17:30:00,2025-04-04 20:30:00,3,Ditolak,Lembur proyek 4
2633,42,2025-04-04,2025-04-04 17:30:00,2025-04-04 18:30:00,1,Ditolak,Lembur proyek 3
2634,44,2025-04-04,2025-04-04 17:30:00,2025-04-04 19:30:00,2,Disetujui,Lembur proyek 3
2635,50,2025-04-04,2025-04-04 17:30:00,2025-04-04 21:30:00,4,Ditolak,Lembur proyek 5
2636,3,2025-04-05,2025-04-05 17:30:00,2025-04-05 18:30:00,1,Disetujui,Lembur proyek 2
2637,8,2025-04-05,2025-04-05 17:30:00,2025-04-05 19:30:00,2,Ditolak,Lembur proyek 3
2638,12,2025-04-05,2025-04-05 17:30:00,2025-04-05 19:30:00,2,Disetujui,Lembur proyek 5
2639,16,2025-04-05,2025-04-05 17:30:00,2025-04-05 19:30:00,2,Ditolak,Lembur proyek 5
2640,20,2025-04-05,2025-04-05 17:30:00,2025-04-05 21:30:00,4,Ditolak,Lembur proyek 2
2641,21,2025-04-05,2025-04-05 17:30:00,2025-04-05 21:30:00,4,Ditolak,Lembur proyek 3
2642,22,2025-04-05,2025-04-05 17:30:00,2025-04-05 21:30:00,4,Disetujui,Lembur proyek 2
2643,26,2025-04-05,2025-04-05 17:30:00,2025-04-05 18:30:00,1,Disetujui,Lembur proyek 4
2644,27,2025-04-05,2025-04-05 17:30:00,2025-04-05 18:30:00,1,Ditolak,Lembur proyek 2
2645,28,2025-04-05,2025-04-05 17:30:00,2025-04-05 19:30:00,2,Disetujui,Lembur proyek 5
2646,30,2025-04-05,2025-04-05 17:30:00,2025-04-05 21:30:00,4,Ditolak,Lembur proyek 5
2647,31,2025-04-05,2025-04-05 17:30:00,2025-04-05 20:30:00,3,Ditolak,Lembur proyek 1
2648,34,2025-04-05,2025-04-05 17:30:00,2025-04-05 21:30:00,4,Disetujui,Lembur proyek 5
2649,38,2025-04-05,2025-04-05 17:30:00,2025-04-05 18:30:00,1,Ditolak,Lembur proyek 3
2650,47,2025-04-05,2025-04-05 17:30:00,2025-04-05 18:30:00,1,Ditolak,Lembur proyek 5
2651,50,2025-04-05,2025-04-05 17:30:00,2025-04-05 20:30:00,3,Disetujui,Lembur proyek 5
2652,10,2025-04-06,2025-04-06 17:30:00,2025-04-06 20:30:00,3,Ditolak,Lembur proyek 1
2653,31,2025-04-06,2025-04-06 17:30:00,2025-04-06 20:30:00,3,Disetujui,Lembur proyek 2
2654,34,2025-04-06,2025-04-06 17:30:00,2025-04-06 18:30:00,1,Ditolak,Lembur proyek 2
2655,49,2025-04-06,2025-04-06 17:30:00,2025-04-06 21:30:00,4,Ditolak,Lembur proyek 3
2656,2,2025-04-07,2025-04-07 17:30:00,2025-04-07 21:30:00,4,Disetujui,Lembur proyek 4
2657,4,2025-04-07,2025-04-07 17:30:00,2025-04-07 19:30:00,2,Ditolak,Lembur proyek 1
2658,12,2025-04-07,2025-04-07 17:30:00,2025-04-07 19:30:00,2,Ditolak,Lembur proyek 4
2659,16,2025-04-07,2025-04-07 17:30:00,2025-04-07 18:30:00,1,Ditolak,Lembur proyek 3
2660,17,2025-04-07,2025-04-07 17:30:00,2025-04-07 20:30:00,3,Disetujui,Lembur proyek 1
2661,21,2025-04-07,2025-04-07 17:30:00,2025-04-07 20:30:00,3,Disetujui,Lembur proyek 4
2662,28,2025-04-07,2025-04-07 17:30:00,2025-04-07 19:30:00,2,Ditolak,Lembur proyek 1
2663,29,2025-04-07,2025-04-07 17:30:00,2025-04-07 20:30:00,3,Ditolak,Lembur proyek 5
2664,30,2025-04-07,2025-04-07 17:30:00,2025-04-07 19:30:00,2,Ditolak,Lembur proyek 1
2665,32,2025-04-07,2025-04-07 17:30:00,2025-04-07 18:30:00,1,Ditolak,Lembur proyek 5
2666,36,2025-04-07,2025-04-07 17:30:00,2025-04-07 18:30:00,1,Ditolak,Lembur proyek 1
2667,44,2025-04-07,2025-04-07 17:30:00,2025-04-07 18:30:00,1,Ditolak,Lembur proyek 5
2668,47,2025-04-07,2025-04-07 17:30:00,2025-04-07 21:30:00,4,Ditolak,Lembur proyek 1
2669,6,2025-04-08,2025-04-08 17:30:00,2025-04-08 18:30:00,1,Disetujui,Lembur proyek 5
2670,24,2025-04-08,2025-04-08 17:30:00,2025-04-08 21:30:00,4,Disetujui,Lembur proyek 3
2671,38,2025-04-08,2025-04-08 17:30:00,2025-04-08 20:30:00,3,Disetujui,Lembur proyek 1
2672,50,2025-04-08,2025-04-08 17:30:00,2025-04-08 21:30:00,4,Disetujui,Lembur proyek 1
2673,3,2025-04-09,2025-04-09 17:30:00,2025-04-09 20:30:00,3,Ditolak,Lembur proyek 1
2674,5,2025-04-09,2025-04-09 17:30:00,2025-04-09 21:30:00,4,Disetujui,Lembur proyek 1
2675,11,2025-04-09,2025-04-09 17:30:00,2025-04-09 20:30:00,3,Ditolak,Lembur proyek 1
2676,16,2025-04-09,2025-04-09 17:30:00,2025-04-09 18:30:00,1,Ditolak,Lembur proyek 3
2677,18,2025-04-09,2025-04-09 17:30:00,2025-04-09 21:30:00,4,Disetujui,Lembur proyek 3
2678,20,2025-04-09,2025-04-09 17:30:00,2025-04-09 20:30:00,3,Disetujui,Lembur proyek 1
2679,26,2025-04-09,2025-04-09 17:30:00,2025-04-09 21:30:00,4,Disetujui,Lembur proyek 2
2680,35,2025-04-09,2025-04-09 17:30:00,2025-04-09 19:30:00,2,Ditolak,Lembur proyek 3
2681,45,2025-04-09,2025-04-09 17:30:00,2025-04-09 20:30:00,3,Disetujui,Lembur proyek 3
2682,47,2025-04-09,2025-04-09 17:30:00,2025-04-09 19:30:00,2,Ditolak,Lembur proyek 1
2683,50,2025-04-09,2025-04-09 17:30:00,2025-04-09 21:30:00,4,Ditolak,Lembur proyek 5
2684,1,2025-04-10,2025-04-10 17:30:00,2025-04-10 20:30:00,3,Ditolak,Lembur proyek 3
2685,3,2025-04-10,2025-04-10 17:30:00,2025-04-10 20:30:00,3,Disetujui,Lembur proyek 5
2686,8,2025-04-10,2025-04-10 17:30:00,2025-04-10 21:30:00,4,Disetujui,Lembur proyek 1
2687,12,2025-04-10,2025-04-10 17:30:00,2025-04-10 19:30:00,2,Ditolak,Lembur proyek 1
2688,13,2025-04-10,2025-04-10 17:30:00,2025-04-10 19:30:00,2,Disetujui,Lembur proyek 5
2689,14,2025-04-10,2025-04-10 17:30:00,2025-04-10 20:30:00,3,Disetujui,Lembur proyek 3
2690,15,2025-04-10,2025-04-10 17:30:00,2025-04-10 18:30:00,1,Disetujui,Lembur proyek 2
2691,16,2025-04-10,2025-04-10 17:30:00,2025-04-10 19:30:00,2,Ditolak,Lembur proyek 3
2692,23,2025-04-10,2025-04-10 17:30:00,2025-04-10 20:30:00,3,Ditolak,Lembur proyek 2
2693,25,2025-04-10,2025-04-10 17:30:00,2025-04-10 19:30:00,2,Disetujui,Lembur proyek 3
2694,32,2025-04-10,2025-04-10 17:30:00,2025-04-10 20:30:00,3,Disetujui,Lembur proyek 5
2695,38,2025-04-10,2025-04-10 17:30:00,2025-04-10 21:30:00,4,Ditolak,Lembur proyek 5
2696,39,2025-04-10,2025-04-10 17:30:00,2025-04-10 21:30:00,4,Disetujui,Lembur proyek 1
2697,40,2025-04-10,2025-04-10 17:30:00,2025-04-10 18:30:00,1,Disetujui,Lembur proyek 1
2698,44,2025-04-10,2025-04-10 17:30:00,2025-04-10 19:30:00,2,Disetujui,Lembur proyek 5
2699,6,2025-04-11,2025-04-11 17:30:00,2025-04-11 18:30:00,1,Disetujui,Lembur proyek 3
2700,7,2025-04-11,2025-04-11 17:30:00,2025-04-11 21:30:00,4,Ditolak,Lembur proyek 5
2701,24,2025-04-11,2025-04-11 17:30:00,2025-04-11 18:30:00,1,Disetujui,Lembur proyek 2
2702,37,2025-04-11,2025-04-11 17:30:00,2025-04-11 21:30:00,4,Disetujui,Lembur proyek 4
2703,38,2025-04-11,2025-04-11 17:30:00,2025-04-11 18:30:00,1,Disetujui,Lembur proyek 2
2704,45,2025-04-11,2025-04-11 17:30:00,2025-04-11 18:30:00,1,Ditolak,Lembur proyek 4
2705,48,2025-04-11,2025-04-11 17:30:00,2025-04-11 19:30:00,2,Ditolak,Lembur proyek 1
2706,11,2025-04-12,2025-04-12 17:30:00,2025-04-12 20:30:00,3,Ditolak,Lembur proyek 5
2707,19,2025-04-12,2025-04-12 17:30:00,2025-04-12 20:30:00,3,Disetujui,Lembur proyek 4
2708,20,2025-04-12,2025-04-12 17:30:00,2025-04-12 21:30:00,4,Ditolak,Lembur proyek 2
2709,25,2025-04-12,2025-04-12 17:30:00,2025-04-12 19:30:00,2,Ditolak,Lembur proyek 3
2710,26,2025-04-12,2025-04-12 17:30:00,2025-04-12 19:30:00,2,Ditolak,Lembur proyek 2
2711,27,2025-04-12,2025-04-12 17:30:00,2025-04-12 18:30:00,1,Ditolak,Lembur proyek 1
2712,35,2025-04-12,2025-04-12 17:30:00,2025-04-12 20:30:00,3,Ditolak,Lembur proyek 1
2713,37,2025-04-12,2025-04-12 17:30:00,2025-04-12 19:30:00,2,Ditolak,Lembur proyek 1
2714,39,2025-04-12,2025-04-12 17:30:00,2025-04-12 21:30:00,4,Disetujui,Lembur proyek 3
2715,42,2025-04-12,2025-04-12 17:30:00,2025-04-12 19:30:00,2,Ditolak,Lembur proyek 1
2716,45,2025-04-12,2025-04-12 17:30:00,2025-04-12 18:30:00,1,Disetujui,Lembur proyek 2
2717,46,2025-04-12,2025-04-12 17:30:00,2025-04-12 21:30:00,4,Disetujui,Lembur proyek 1
2718,48,2025-04-12,2025-04-12 17:30:00,2025-04-12 21:30:00,4,Disetujui,Lembur proyek 2
2719,6,2025-04-13,2025-04-13 17:30:00,2025-04-13 20:30:00,3,Ditolak,Lembur proyek 3
2720,8,2025-04-13,2025-04-13 17:30:00,2025-04-13 19:30:00,2,Disetujui,Lembur proyek 4
2721,12,2025-04-13,2025-04-13 17:30:00,2025-04-13 21:30:00,4,Ditolak,Lembur proyek 4
2722,23,2025-04-13,2025-04-13 17:30:00,2025-04-13 20:30:00,3,Disetujui,Lembur proyek 2
2723,24,2025-04-13,2025-04-13 17:30:00,2025-04-13 18:30:00,1,Disetujui,Lembur proyek 5
2724,31,2025-04-13,2025-04-13 17:30:00,2025-04-13 20:30:00,3,Ditolak,Lembur proyek 2
2725,36,2025-04-13,2025-04-13 17:30:00,2025-04-13 20:30:00,3,Ditolak,Lembur proyek 3
2726,37,2025-04-13,2025-04-13 17:30:00,2025-04-13 20:30:00,3,Ditolak,Lembur proyek 4
2727,1,2025-04-14,2025-04-14 17:30:00,2025-04-14 20:30:00,3,Disetujui,Lembur proyek 1
2728,4,2025-04-14,2025-04-14 17:30:00,2025-04-14 21:30:00,4,Ditolak,Lembur proyek 1
2729,7,2025-04-14,2025-04-14 17:30:00,2025-04-14 20:30:00,3,Disetujui,Lembur proyek 3
2730,8,2025-04-14,2025-04-14 17:30:00,2025-04-14 20:30:00,3,Ditolak,Lembur proyek 2
2731,9,2025-04-14,2025-04-14 17:30:00,2025-04-14 18:30:00,1,Disetujui,Lembur proyek 2
2732,15,2025-04-14,2025-04-14 17:30:00,2025-04-14 18:30:00,1,Ditolak,Lembur proyek 4
2733,18,2025-04-14,2025-04-14 17:30:00,2025-04-14 21:30:00,4,Disetujui,Lembur proyek 2
2734,24,2025-04-14,2025-04-14 17:30:00,2025-04-14 18:30:00,1,Disetujui,Lembur proyek 5
2735,29,2025-04-14,2025-04-14 17:30:00,2025-04-14 21:30:00,4,Ditolak,Lembur proyek 3
2736,31,2025-04-14,2025-04-14 17:30:00,2025-04-14 18:30:00,1,Ditolak,Lembur proyek 4
2737,47,2025-04-14,2025-04-14 17:30:00,2025-04-14 21:30:00,4,Ditolak,Lembur proyek 4
2738,14,2025-04-15,2025-04-15 17:30:00,2025-04-15 21:30:00,4,Disetujui,Lembur proyek 1
2739,15,2025-04-15,2025-04-15 17:30:00,2025-04-15 18:30:00,1,Disetujui,Lembur proyek 5
2740,20,2025-04-15,2025-04-15 17:30:00,2025-04-15 19:30:00,2,Disetujui,Lembur proyek 2
2741,29,2025-04-15,2025-04-15 17:30:00,2025-04-15 18:30:00,1,Disetujui,Lembur proyek 1
2742,39,2025-04-15,2025-04-15 17:30:00,2025-04-15 18:30:00,1,Disetujui,Lembur proyek 5
2743,40,2025-04-15,2025-04-15 17:30:00,2025-04-15 20:30:00,3,Disetujui,Lembur proyek 5
2744,45,2025-04-15,2025-04-15 17:30:00,2025-04-15 21:30:00,4,Disetujui,Lembur proyek 3
2745,50,2025-04-15,2025-04-15 17:30:00,2025-04-15 21:30:00,4,Ditolak,Lembur proyek 2
2746,1,2025-04-16,2025-04-16 17:30:00,2025-04-16 21:30:00,4,Ditolak,Lembur proyek 3
2747,4,2025-04-16,2025-04-16 17:30:00,2025-04-16 19:30:00,2,Ditolak,Lembur proyek 5
2748,6,2025-04-16,2025-04-16 17:30:00,2025-04-16 20:30:00,3,Ditolak,Lembur proyek 4
2749,12,2025-04-16,2025-04-16 17:30:00,2025-04-16 19:30:00,2,Ditolak,Lembur proyek 2
2750,15,2025-04-16,2025-04-16 17:30:00,2025-04-16 18:30:00,1,Ditolak,Lembur proyek 5
2751,17,2025-04-16,2025-04-16 17:30:00,2025-04-16 19:30:00,2,Ditolak,Lembur proyek 3
2752,20,2025-04-16,2025-04-16 17:30:00,2025-04-16 18:30:00,1,Disetujui,Lembur proyek 4
2753,26,2025-04-16,2025-04-16 17:30:00,2025-04-16 21:30:00,4,Ditolak,Lembur proyek 1
2754,33,2025-04-16,2025-04-16 17:30:00,2025-04-16 20:30:00,3,Ditolak,Lembur proyek 2
2755,34,2025-04-16,2025-04-16 17:30:00,2025-04-16 20:30:00,3,Ditolak,Lembur proyek 4
2756,39,2025-04-16,2025-04-16 17:30:00,2025-04-16 18:30:00,1,Ditolak,Lembur proyek 3
2757,44,2025-04-16,2025-04-16 17:30:00,2025-04-16 19:30:00,2,Ditolak,Lembur proyek 5
2758,48,2025-04-16,2025-04-16 17:30:00,2025-04-16 21:30:00,4,Ditolak,Lembur proyek 3
2759,3,2025-04-17,2025-04-17 17:30:00,2025-04-17 19:30:00,2,Disetujui,Lembur proyek 2
2760,9,2025-04-17,2025-04-17 17:30:00,2025-04-17 20:30:00,3,Disetujui,Lembur proyek 4
2761,11,2025-04-17,2025-04-17 17:30:00,2025-04-17 20:30:00,3,Disetujui,Lembur proyek 3
2762,15,2025-04-17,2025-04-17 17:30:00,2025-04-17 19:30:00,2,Ditolak,Lembur proyek 2
2763,20,2025-04-17,2025-04-17 17:30:00,2025-04-17 19:30:00,2,Ditolak,Lembur proyek 2
2764,26,2025-04-17,2025-04-17 17:30:00,2025-04-17 18:30:00,1,Ditolak,Lembur proyek 1
2765,34,2025-04-17,2025-04-17 17:30:00,2025-04-17 19:30:00,2,Disetujui,Lembur proyek 1
2766,46,2025-04-17,2025-04-17 17:30:00,2025-04-17 21:30:00,4,Disetujui,Lembur proyek 1
2767,49,2025-04-17,2025-04-17 17:30:00,2025-04-17 18:30:00,1,Ditolak,Lembur proyek 4
2768,2,2025-04-18,2025-04-18 17:30:00,2025-04-18 20:30:00,3,Disetujui,Lembur proyek 4
2769,9,2025-04-18,2025-04-18 17:30:00,2025-04-18 20:30:00,3,Disetujui,Lembur proyek 5
2770,15,2025-04-18,2025-04-18 17:30:00,2025-04-18 21:30:00,4,Disetujui,Lembur proyek 5
2771,19,2025-04-18,2025-04-18 17:30:00,2025-04-18 18:30:00,1,Disetujui,Lembur proyek 2
2772,28,2025-04-18,2025-04-18 17:30:00,2025-04-18 19:30:00,2,Ditolak,Lembur proyek 3
2773,29,2025-04-18,2025-04-18 17:30:00,2025-04-18 19:30:00,2,Disetujui,Lembur proyek 1
2774,30,2025-04-18,2025-04-18 17:30:00,2025-04-18 19:30:00,2,Disetujui,Lembur proyek 2
2775,31,2025-04-18,2025-04-18 17:30:00,2025-04-18 18:30:00,1,Ditolak,Lembur proyek 4
2776,35,2025-04-18,2025-04-18 17:30:00,2025-04-18 19:30:00,2,Ditolak,Lembur proyek 1
2777,36,2025-04-18,2025-04-18 17:30:00,2025-04-18 21:30:00,4,Disetujui,Lembur proyek 2
2778,40,2025-04-18,2025-04-18 17:30:00,2025-04-18 18:30:00,1,Disetujui,Lembur proyek 5
2779,43,2025-04-18,2025-04-18 17:30:00,2025-04-18 18:30:00,1,Ditolak,Lembur proyek 1
2780,46,2025-04-18,2025-04-18 17:30:00,2025-04-18 20:30:00,3,Ditolak,Lembur proyek 1
2781,49,2025-04-18,2025-04-18 17:30:00,2025-04-18 21:30:00,4,Ditolak,Lembur proyek 1
2782,4,2025-04-19,2025-04-19 17:30:00,2025-04-19 18:30:00,1,Disetujui,Lembur proyek 4
2783,5,2025-04-19,2025-04-19 17:30:00,2025-04-19 21:30:00,4,Disetujui,Lembur proyek 2
2784,9,2025-04-19,2025-04-19 17:30:00,2025-04-19 21:30:00,4,Ditolak,Lembur proyek 4
2785,15,2025-04-19,2025-04-19 17:30:00,2025-04-19 19:30:00,2,Disetujui,Lembur proyek 4
2786,17,2025-04-19,2025-04-19 17:30:00,2025-04-19 21:30:00,4,Disetujui,Lembur proyek 3
2787,21,2025-04-19,2025-04-19 17:30:00,2025-04-19 20:30:00,3,Ditolak,Lembur proyek 2
2788,26,2025-04-19,2025-04-19 17:30:00,2025-04-19 20:30:00,3,Disetujui,Lembur proyek 3
2789,30,2025-04-19,2025-04-19 17:30:00,2025-04-19 20:30:00,3,Ditolak,Lembur proyek 4
2790,33,2025-04-19,2025-04-19 17:30:00,2025-04-19 18:30:00,1,Disetujui,Lembur proyek 1
2791,40,2025-04-19,2025-04-19 17:30:00,2025-04-19 18:30:00,1,Ditolak,Lembur proyek 5
2792,45,2025-04-19,2025-04-19 17:30:00,2025-04-19 21:30:00,4,Ditolak,Lembur proyek 5
2793,46,2025-04-19,2025-04-19 17:30:00,2025-04-19 21:30:00,4,Disetujui,Lembur proyek 2
2794,49,2025-04-19,2025-04-19 17:30:00,2025-04-19 21:30:00,4,Disetujui,Lembur proyek 4
2795,50,2025-04-19,2025-04-19 17:30:00,2025-04-19 19:30:00,2,Ditolak,Lembur proyek 1
2796,5,2025-04-20,2025-04-20 17:30:00,2025-04-20 18:30:00,1,Disetujui,Lembur proyek 5
2797,15,2025-04-20,2025-04-20 17:30:00,2025-04-20 19:30:00,2,Disetujui,Lembur proyek 3
2798,33,2025-04-20,2025-04-20 17:30:00,2025-04-20 20:30:00,3,Disetujui,Lembur proyek 4
2799,37,2025-04-20,2025-04-20 17:30:00,2025-04-20 18:30:00,1,Disetujui,Lembur proyek 1
2800,39,2025-04-20,2025-04-20 17:30:00,2025-04-20 20:30:00,3,Ditolak,Lembur proyek 5
2801,41,2025-04-20,2025-04-20 17:30:00,2025-04-20 21:30:00,4,Disetujui,Lembur proyek 2
2802,42,2025-04-20,2025-04-20 17:30:00,2025-04-20 19:30:00,2,Disetujui,Lembur proyek 5
2803,50,2025-04-20,2025-04-20 17:30:00,2025-04-20 21:30:00,4,Disetujui,Lembur proyek 2
2804,6,2025-04-21,2025-04-21 17:30:00,2025-04-21 21:30:00,4,Disetujui,Lembur proyek 4
2805,12,2025-04-21,2025-04-21 17:30:00,2025-04-21 18:30:00,1,Ditolak,Lembur proyek 1
2806,20,2025-04-21,2025-04-21 17:30:00,2025-04-21 20:30:00,3,Ditolak,Lembur proyek 4
2807,29,2025-04-21,2025-04-21 17:30:00,2025-04-21 20:30:00,3,Disetujui,Lembur proyek 4
2808,34,2025-04-21,2025-04-21 17:30:00,2025-04-21 21:30:00,4,Ditolak,Lembur proyek 5
2809,35,2025-04-21,2025-04-21 17:30:00,2025-04-21 21:30:00,4,Disetujui,Lembur proyek 3
2810,36,2025-04-21,2025-04-21 17:30:00,2025-04-21 21:30:00,4,Ditolak,Lembur proyek 5
2811,40,2025-04-21,2025-04-21 17:30:00,2025-04-21 20:30:00,3,Disetujui,Lembur proyek 5
2812,42,2025-04-21,2025-04-21 17:30:00,2025-04-21 18:30:00,1,Disetujui,Lembur proyek 2
2813,44,2025-04-21,2025-04-21 17:30:00,2025-04-21 19:30:00,2,Disetujui,Lembur proyek 4
2814,47,2025-04-21,2025-04-21 17:30:00,2025-04-21 19:30:00,2,Ditolak,Lembur proyek 3
2815,49,2025-04-21,2025-04-21 17:30:00,2025-04-21 18:30:00,1,Disetujui,Lembur proyek 2
2816,5,2025-04-22,2025-04-22 17:30:00,2025-04-22 19:30:00,2,Disetujui,Lembur proyek 5
2817,6,2025-04-22,2025-04-22 17:30:00,2025-04-22 19:30:00,2,Ditolak,Lembur proyek 1
2818,15,2025-04-22,2025-04-22 17:30:00,2025-04-22 19:30:00,2,Disetujui,Lembur proyek 1
2819,23,2025-04-22,2025-04-22 17:30:00,2025-04-22 19:30:00,2,Ditolak,Lembur proyek 1
2820,29,2025-04-22,2025-04-22 17:30:00,2025-04-22 19:30:00,2,Ditolak,Lembur proyek 4
2821,33,2025-04-22,2025-04-22 17:30:00,2025-04-22 18:30:00,1,Disetujui,Lembur proyek 4
2822,37,2025-04-22,2025-04-22 17:30:00,2025-04-22 20:30:00,3,Ditolak,Lembur proyek 1
2823,43,2025-04-22,2025-04-22 17:30:00,2025-04-22 21:30:00,4,Disetujui,Lembur proyek 4
2824,45,2025-04-22,2025-04-22 17:30:00,2025-04-22 21:30:00,4,Disetujui,Lembur proyek 3
2825,7,2025-04-23,2025-04-23 17:30:00,2025-04-23 20:30:00,3,Ditolak,Lembur proyek 3
2826,11,2025-04-23,2025-04-23 17:30:00,2025-04-23 19:30:00,2,Disetujui,Lembur proyek 2
2827,12,2025-04-23,2025-04-23 17:30:00,2025-04-23 19:30:00,2,Disetujui,Lembur proyek 4
2828,15,2025-04-23,2025-04-23 17:30:00,2025-04-23 20:30:00,3,Ditolak,Lembur proyek 4
2829,21,2025-04-23,2025-04-23 17:30:00,2025-04-23 19:30:00,2,Ditolak,Lembur proyek 4
2830,22,2025-04-23,2025-04-23 17:30:00,2025-04-23 18:30:00,1,Ditolak,Lembur proyek 2
2831,23,2025-04-23,2025-04-23 17:30:00,2025-04-23 19:30:00,2,Disetujui,Lembur proyek 1
2832,24,2025-04-23,2025-04-23 17:30:00,2025-04-23 18:30:00,1,Ditolak,Lembur proyek 2
2833,35,2025-04-23,2025-04-23 17:30:00,2025-04-23 20:30:00,3,Disetujui,Lembur proyek 4
2834,40,2025-04-23,2025-04-23 17:30:00,2025-04-23 21:30:00,4,Ditolak,Lembur proyek 1
2835,1,2025-04-24,2025-04-24 17:30:00,2025-04-24 19:30:00,2,Disetujui,Lembur proyek 1
2836,3,2025-04-24,2025-04-24 17:30:00,2025-04-24 21:30:00,4,Ditolak,Lembur proyek 5
2837,4,2025-04-24,2025-04-24 17:30:00,2025-04-24 21:30:00,4,Ditolak,Lembur proyek 1
2838,7,2025-04-24,2025-04-24 17:30:00,2025-04-24 20:30:00,3,Ditolak,Lembur proyek 1
2839,12,2025-04-24,2025-04-24 17:30:00,2025-04-24 19:30:00,2,Disetujui,Lembur proyek 1
2840,16,2025-04-24,2025-04-24 17:30:00,2025-04-24 18:30:00,1,Disetujui,Lembur proyek 5
2841,23,2025-04-24,2025-04-24 17:30:00,2025-04-24 19:30:00,2,Ditolak,Lembur proyek 5
2842,31,2025-04-24,2025-04-24 17:30:00,2025-04-24 18:30:00,1,Ditolak,Lembur proyek 2
2843,33,2025-04-24,2025-04-24 17:30:00,2025-04-24 20:30:00,3,Ditolak,Lembur proyek 3
2844,34,2025-04-24,2025-04-24 17:30:00,2025-04-24 21:30:00,4,Disetujui,Lembur proyek 5
2845,39,2025-04-24,2025-04-24 17:30:00,2025-04-24 19:30:00,2,Disetujui,Lembur proyek 3
2846,46,2025-04-24,2025-04-24 17:30:00,2025-04-24 21:30:00,4,Ditolak,Lembur proyek 3
2847,3,2025-04-25,2025-04-25 17:30:00,2025-04-25 21:30:00,4,Disetujui,Lembur proyek 3
2848,8,2025-04-25,2025-04-25 17:30:00,2025-04-25 18:30:00,1,Disetujui,Lembur proyek 1
2849,11,2025-04-25,2025-04-25 17:30:00,2025-04-25 18:30:00,1,Disetujui,Lembur proyek 4
2850,21,2025-04-25,2025-04-25 17:30:00,2025-04-25 19:30:00,2,Ditolak,Lembur proyek 1
2851,23,2025-04-25,2025-04-25 17:30:00,2025-04-25 20:30:00,3,Ditolak,Lembur proyek 2
2852,30,2025-04-25,2025-04-25 17:30:00,2025-04-25 18:30:00,1,Disetujui,Lembur proyek 3
2853,31,2025-04-25,2025-04-25 17:30:00,2025-04-25 18:30:00,1,Ditolak,Lembur proyek 1
2854,34,2025-04-25,2025-04-25 17:30:00,2025-04-25 18:30:00,1,Ditolak,Lembur proyek 2
2855,36,2025-04-25,2025-04-25 17:30:00,2025-04-25 18:30:00,1,Ditolak,Lembur proyek 3
2856,37,2025-04-25,2025-04-25 17:30:00,2025-04-25 19:30:00,2,Ditolak,Lembur proyek 4
2857,47,2025-04-25,2025-04-25 17:30:00,2025-04-25 19:30:00,2,Ditolak,Lembur proyek 2
2858,2,2025-04-26,2025-04-26 17:30:00,2025-04-26 19:30:00,2,Ditolak,Lembur proyek 5
2859,5,2025-04-26,2025-04-26 17:30:00,2025-04-26 20:30:00,3,Disetujui,Lembur proyek 3
2860,17,2025-04-26,2025-04-26 17:30:00,2025-04-26 19:30:00,2,Ditolak,Lembur proyek 5
2861,18,2025-04-26,2025-04-26 17:30:00,2025-04-26 18:30:00,1,Disetujui,Lembur proyek 5
2862,19,2025-04-26,2025-04-26 17:30:00,2025-04-26 20:30:00,3,Ditolak,Lembur proyek 4
2863,28,2025-04-26,2025-04-26 17:30:00,2025-04-26 21:30:00,4,Ditolak,Lembur proyek 3
2864,35,2025-04-26,2025-04-26 17:30:00,2025-04-26 20:30:00,3,Disetujui,Lembur proyek 3
2865,43,2025-04-26,2025-04-26 17:30:00,2025-04-26 20:30:00,3,Disetujui,Lembur proyek 2
2866,48,2025-04-26,2025-04-26 17:30:00,2025-04-26 18:30:00,1,Disetujui,Lembur proyek 1
2867,50,2025-04-26,2025-04-26 17:30:00,2025-04-26 18:30:00,1,Ditolak,Lembur proyek 5
2868,6,2025-04-27,2025-04-27 17:30:00,2025-04-27 18:30:00,1,Disetujui,Lembur proyek 4
2869,8,2025-04-27,2025-04-27 17:30:00,2025-04-27 21:30:00,4,Disetujui,Lembur proyek 1
2870,14,2025-04-27,2025-04-27 17:30:00,2025-04-27 21:30:00,4,Ditolak,Lembur proyek 1
2871,15,2025-04-27,2025-04-27 17:30:00,2025-04-27 20:30:00,3,Ditolak,Lembur proyek 1
2872,24,2025-04-27,2025-04-27 17:30:00,2025-04-27 21:30:00,4,Disetujui,Lembur proyek 3
2873,29,2025-04-27,2025-04-27 17:30:00,2025-04-27 18:30:00,1,Disetujui,Lembur proyek 1
2874,34,2025-04-27,2025-04-27 17:30:00,2025-04-27 21:30:00,4,Ditolak,Lembur proyek 1
2875,39,2025-04-27,2025-04-27 17:30:00,2025-04-27 20:30:00,3,Disetujui,Lembur proyek 4
2876,45,2025-04-27,2025-04-27 17:30:00,2025-04-27 21:30:00,4,Disetujui,Lembur proyek 2
2877,5,2025-04-28,2025-04-28 17:30:00,2025-04-28 18:30:00,1,Ditolak,Lembur proyek 5
2878,9,2025-04-28,2025-04-28 17:30:00,2025-04-28 18:30:00,1,Ditolak,Lembur proyek 2
2879,19,2025-04-28,2025-04-28 17:30:00,2025-04-28 21:30:00,4,Ditolak,Lembur proyek 3
2880,24,2025-04-28,2025-04-28 17:30:00,2025-04-28 19:30:00,2,Disetujui,Lembur proyek 1
2881,28,2025-04-28,2025-04-28 17:30:00,2025-04-28 18:30:00,1,Disetujui,Lembur proyek 2
2882,30,2025-04-28,2025-04-28 17:30:00,2025-04-28 21:30:00,4,Disetujui,Lembur proyek 1
2883,37,2025-04-28,2025-04-28 17:30:00,2025-04-28 20:30:00,3,Ditolak,Lembur proyek 1
2884,39,2025-04-28,2025-04-28 17:30:00,2025-04-28 18:30:00,1,Disetujui,Lembur proyek 4
2885,42,2025-04-28,2025-04-28 17:30:00,2025-04-28 18:30:00,1,Ditolak,Lembur proyek 5
2886,43,2025-04-28,2025-04-28 17:30:00,2025-04-28 20:30:00,3,Disetujui,Lembur proyek 4
2887,48,2025-04-28,2025-04-28 17:30:00,2025-04-28 18:30:00,1,Disetujui,Lembur proyek 5
2888,49,2025-04-28,2025-04-28 17:30:00,2025-04-28 20:30:00,3,Ditolak,Lembur proyek 2
2889,11,2025-05-01,2025-05-01 17:30:00,2025-05-01 19:30:00,2,Ditolak,Lembur proyek 3
2890,12,2025-05-01,2025-05-01 17:30:00,2025-05-01 19:30:00,2,Ditolak,Lembur proyek 1
2891,16,2025-05-01,2025-05-01 17:30:00,2025-05-01 19:30:00,2,Disetujui,Lembur proyek 5
2892,21,2025-05-01,2025-05-01 17:30:00,2025-05-01 20:30:00,3,Ditolak,Lembur proyek 3
2893,28,2025-05-01,2025-05-01 17:30:00,2025-05-01 18:30:00,1,Ditolak,Lembur proyek 5
2894,33,2025-05-01,2025-05-01 17:30:00,2025-05-01 19:30:00,2,Disetujui,Lembur proyek 1
2895,40,2025-05-01,2025-05-01 17:30:00,2025-05-01 21:30:00,4,Ditolak,Lembur proyek 1
2896,46,2025-05-01,2025-05-01 17:30:00,2025-05-01 19:30:00,2,Disetujui,Lembur proyek 3
2897,3,2025-05-02,2025-05-02 17:30:00,2025-05-02 20:30:00,3,Ditolak,Lembur proyek 1
2898,5,2025-05-02,2025-05-02 17:30:00,2025-05-02 21:30:00,4,Disetujui,Lembur proyek 1
2899,9,2025-05-02,2025-05-02 17:30:00,2025-05-02 21:30:00,4,Disetujui,Lembur proyek 5
2900,21,2025-05-02,2025-05-02 17:30:00,2025-05-02 18:30:00,1,Ditolak,Lembur proyek 3
2901,28,2025-05-02,2025-05-02 17:30:00,2025-05-02 20:30:00,3,Ditolak,Lembur proyek 5
2902,32,2025-05-02,2025-05-02 17:30:00,2025-05-02 19:30:00,2,Disetujui,Lembur proyek 5
2903,33,2025-05-02,2025-05-02 17:30:00,2025-05-02 21:30:00,4,Ditolak,Lembur proyek 5
2904,39,2025-05-02,2025-05-02 17:30:00,2025-05-02 18:30:00,1,Disetujui,Lembur proyek 2
2905,43,2025-05-02,2025-05-02 17:30:00,2025-05-02 18:30:00,1,Ditolak,Lembur proyek 2
2906,48,2025-05-02,2025-05-02 17:30:00,2025-05-02 19:30:00,2,Disetujui,Lembur proyek 4
2907,50,2025-05-02,2025-05-02 17:30:00,2025-05-02 18:30:00,1,Disetujui,Lembur proyek 5
2908,7,2025-05-03,2025-05-03 17:30:00,2025-05-03 18:30:00,1,Disetujui,Lembur proyek 2
2909,8,2025-05-03,2025-05-03 17:30:00,2025-05-03 18:30:00,1,Ditolak,Lembur proyek 5
2910,12,2025-05-03,2025-05-03 17:30:00,2025-05-03 19:30:00,2,Disetujui,Lembur proyek 3
2911,27,2025-05-03,2025-05-03 17:30:00,2025-05-03 20:30:00,3,Ditolak,Lembur proyek 1
2912,34,2025-05-03,2025-05-03 17:30:00,2025-05-03 20:30:00,3,Disetujui,Lembur proyek 3
2913,40,2025-05-03,2025-05-03 17:30:00,2025-05-03 21:30:00,4,Ditolak,Lembur proyek 1
2914,42,2025-05-03,2025-05-03 17:30:00,2025-05-03 20:30:00,3,Disetujui,Lembur proyek 4
2915,43,2025-05-03,2025-05-03 17:30:00,2025-05-03 18:30:00,1,Ditolak,Lembur proyek 3
2916,45,2025-05-03,2025-05-03 17:30:00,2025-05-03 19:30:00,2,Ditolak,Lembur proyek 2
2917,50,2025-05-03,2025-05-03 17:30:00,2025-05-03 19:30:00,2,Disetujui,Lembur proyek 1
2918,3,2025-05-04,2025-05-04 17:30:00,2025-05-04 20:30:00,3,Disetujui,Lembur proyek 3
2919,6,2025-05-04,2025-05-04 17:30:00,2025-05-04 21:30:00,4,Ditolak,Lembur proyek 2
2920,13,2025-05-04,2025-05-04 17:30:00,2025-05-04 19:30:00,2,Disetujui,Lembur proyek 1
2921,15,2025-05-04,2025-05-04 17:30:00,2025-05-04 20:30:00,3,Disetujui,Lembur proyek 3
2922,20,2025-05-04,2025-05-04 17:30:00,2025-05-04 21:30:00,4,Disetujui,Lembur proyek 4
2923,29,2025-05-04,2025-05-04 17:30:00,2025-05-04 21:30:00,4,Ditolak,Lembur proyek 5
2924,34,2025-05-04,2025-05-04 17:30:00,2025-05-04 18:30:00,1,Disetujui,Lembur proyek 1
2925,35,2025-05-04,2025-05-04 17:30:00,2025-05-04 19:30:00,2,Ditolak,Lembur proyek 5
2926,38,2025-05-04,2025-05-04 17:30:00,2025-05-04 18:30:00,1,Disetujui,Lembur proyek 5
2927,47,2025-05-04,2025-05-04 17:30:00,2025-05-04 20:30:00,3,Ditolak,Lembur proyek 5
2928,48,2025-05-04,2025-05-04 17:30:00,2025-05-04 19:30:00,2,Disetujui,Lembur proyek 4
2929,7,2025-05-05,2025-05-05 17:30:00,2025-05-05 18:30:00,1,Disetujui,Lembur proyek 3
2930,15,2025-05-05,2025-05-05 17:30:00,2025-05-05 21:30:00,4,Ditolak,Lembur proyek 3
2931,17,2025-05-05,2025-05-05 17:30:00,2025-05-05 20:30:00,3,Disetujui,Lembur proyek 2
2932,19,2025-05-05,2025-05-05 17:30:00,2025-05-05 20:30:00,3,Disetujui,Lembur proyek 2
2933,21,2025-05-05,2025-05-05 17:30:00,2025-05-05 21:30:00,4,Ditolak,Lembur proyek 5
2934,47,2025-05-05,2025-05-05 17:30:00,2025-05-05 21:30:00,4,Disetujui,Lembur proyek 2
2935,49,2025-05-05,2025-05-05 17:30:00,2025-05-05 20:30:00,3,Ditolak,Lembur proyek 1
2936,4,2025-05-06,2025-05-06 17:30:00,2025-05-06 21:30:00,4,Disetujui,Lembur proyek 4
2937,11,2025-05-06,2025-05-06 17:30:00,2025-05-06 18:30:00,1,Disetujui,Lembur proyek 5
2938,14,2025-05-06,2025-05-06 17:30:00,2025-05-06 21:30:00,4,Ditolak,Lembur proyek 2
2939,15,2025-05-06,2025-05-06 17:30:00,2025-05-06 19:30:00,2,Ditolak,Lembur proyek 4
2940,26,2025-05-06,2025-05-06 17:30:00,2025-05-06 21:30:00,4,Disetujui,Lembur proyek 2
2941,28,2025-05-06,2025-05-06 17:30:00,2025-05-06 19:30:00,2,Ditolak,Lembur proyek 3
2942,33,2025-05-06,2025-05-06 17:30:00,2025-05-06 21:30:00,4,Ditolak,Lembur proyek 4
2943,39,2025-05-06,2025-05-06 17:30:00,2025-05-06 20:30:00,3,Disetujui,Lembur proyek 1
2944,43,2025-05-06,2025-05-06 17:30:00,2025-05-06 20:30:00,3,Ditolak,Lembur proyek 4
2945,46,2025-05-06,2025-05-06 17:30:00,2025-05-06 21:30:00,4,Disetujui,Lembur proyek 2
2946,3,2025-05-07,2025-05-07 17:30:00,2025-05-07 18:30:00,1,Ditolak,Lembur proyek 2
2947,4,2025-05-07,2025-05-07 17:30:00,2025-05-07 20:30:00,3,Disetujui,Lembur proyek 1
2948,5,2025-05-07,2025-05-07 17:30:00,2025-05-07 20:30:00,3,Disetujui,Lembur proyek 1
2949,12,2025-05-07,2025-05-07 17:30:00,2025-05-07 19:30:00,2,Ditolak,Lembur proyek 5
2950,17,2025-05-07,2025-05-07 17:30:00,2025-05-07 21:30:00,4,Disetujui,Lembur proyek 5
2951,21,2025-05-07,2025-05-07 17:30:00,2025-05-07 18:30:00,1,Ditolak,Lembur proyek 5
2952,23,2025-05-07,2025-05-07 17:30:00,2025-05-07 19:30:00,2,Disetujui,Lembur proyek 5
2953,29,2025-05-07,2025-05-07 17:30:00,2025-05-07 21:30:00,4,Disetujui,Lembur proyek 2
2954,30,2025-05-07,2025-05-07 17:30:00,2025-05-07 20:30:00,3,Disetujui,Lembur proyek 5
2955,33,2025-05-07,2025-05-07 17:30:00,2025-05-07 18:30:00,1,Disetujui,Lembur proyek 4
2956,43,2025-05-07,2025-05-07 17:30:00,2025-05-07 18:30:00,1,Ditolak,Lembur proyek 2
2957,1,2025-05-08,2025-05-08 17:30:00,2025-05-08 19:30:00,2,Disetujui,Lembur proyek 5
2958,10,2025-05-08,2025-05-08 17:30:00,2025-05-08 18:30:00,1,Disetujui,Lembur proyek 5
2959,14,2025-05-08,2025-05-08 17:30:00,2025-05-08 18:30:00,1,Disetujui,Lembur proyek 1
2960,17,2025-05-08,2025-05-08 17:30:00,2025-05-08 18:30:00,1,Ditolak,Lembur proyek 2
2961,23,2025-05-08,2025-05-08 17:30:00,2025-05-08 20:30:00,3,Disetujui,Lembur proyek 2
2962,26,2025-05-08,2025-05-08 17:30:00,2025-05-08 18:30:00,1,Disetujui,Lembur proyek 4
2963,33,2025-05-08,2025-05-08 17:30:00,2025-05-08 21:30:00,4,Ditolak,Lembur proyek 5
2964,34,2025-05-08,2025-05-08 17:30:00,2025-05-08 18:30:00,1,Disetujui,Lembur proyek 4
2965,48,2025-05-08,2025-05-08 17:30:00,2025-05-08 19:30:00,2,Ditolak,Lembur proyek 1
2966,8,2025-05-09,2025-05-09 17:30:00,2025-05-09 18:30:00,1,Disetujui,Lembur proyek 2
2967,19,2025-05-09,2025-05-09 17:30:00,2025-05-09 21:30:00,4,Disetujui,Lembur proyek 1
2968,20,2025-05-09,2025-05-09 17:30:00,2025-05-09 21:30:00,4,Disetujui,Lembur proyek 1
2969,21,2025-05-09,2025-05-09 17:30:00,2025-05-09 19:30:00,2,Ditolak,Lembur proyek 4
2970,22,2025-05-09,2025-05-09 17:30:00,2025-05-09 19:30:00,2,Disetujui,Lembur proyek 1
2971,27,2025-05-09,2025-05-09 17:30:00,2025-05-09 21:30:00,4,Ditolak,Lembur proyek 1
2972,35,2025-05-09,2025-05-09 17:30:00,2025-05-09 18:30:00,1,Disetujui,Lembur proyek 1
2973,40,2025-05-09,2025-05-09 17:30:00,2025-05-09 20:30:00,3,Ditolak,Lembur proyek 4
2974,41,2025-05-09,2025-05-09 17:30:00,2025-05-09 19:30:00,2,Ditolak,Lembur proyek 1
2975,42,2025-05-09,2025-05-09 17:30:00,2025-05-09 20:30:00,3,Ditolak,Lembur proyek 2
2976,43,2025-05-09,2025-05-09 17:30:00,2025-05-09 18:30:00,1,Disetujui,Lembur proyek 4
2977,3,2025-05-10,2025-05-10 17:30:00,2025-05-10 20:30:00,3,Ditolak,Lembur proyek 4
2978,4,2025-05-10,2025-05-10 17:30:00,2025-05-10 19:30:00,2,Disetujui,Lembur proyek 4
2979,15,2025-05-10,2025-05-10 17:30:00,2025-05-10 20:30:00,3,Ditolak,Lembur proyek 2
2980,18,2025-05-10,2025-05-10 17:30:00,2025-05-10 18:30:00,1,Disetujui,Lembur proyek 4
2981,21,2025-05-10,2025-05-10 17:30:00,2025-05-10 21:30:00,4,Disetujui,Lembur proyek 5
2982,29,2025-05-10,2025-05-10 17:30:00,2025-05-10 19:30:00,2,Disetujui,Lembur proyek 5
2983,37,2025-05-10,2025-05-10 17:30:00,2025-05-10 18:30:00,1,Disetujui,Lembur proyek 4
2984,41,2025-05-10,2025-05-10 17:30:00,2025-05-10 21:30:00,4,Disetujui,Lembur proyek 2
2985,43,2025-05-10,2025-05-10 17:30:00,2025-05-10 18:30:00,1,Disetujui,Lembur proyek 2
2986,44,2025-05-10,2025-05-10 17:30:00,2025-05-10 19:30:00,2,Ditolak,Lembur proyek 5
2987,45,2025-05-10,2025-05-10 17:30:00,2025-05-10 20:30:00,3,Ditolak,Lembur proyek 2
2988,49,2025-05-10,2025-05-10 17:30:00,2025-05-10 20:30:00,3,Disetujui,Lembur proyek 4
2989,4,2025-05-11,2025-05-11 17:30:00,2025-05-11 18:30:00,1,Disetujui,Lembur proyek 3
2990,12,2025-05-11,2025-05-11 17:30:00,2025-05-11 18:30:00,1,Ditolak,Lembur proyek 1
2991,17,2025-05-11,2025-05-11 17:30:00,2025-05-11 18:30:00,1,Ditolak,Lembur proyek 4
2992,25,2025-05-11,2025-05-11 17:30:00,2025-05-11 21:30:00,4,Ditolak,Lembur proyek 1
2993,34,2025-05-11,2025-05-11 17:30:00,2025-05-11 18:30:00,1,Ditolak,Lembur proyek 3
2994,44,2025-05-11,2025-05-11 17:30:00,2025-05-11 20:30:00,3,Disetujui,Lembur proyek 3
2995,45,2025-05-11,2025-05-11 17:30:00,2025-05-11 19:30:00,2,Ditolak,Lembur proyek 1
2996,11,2025-05-12,2025-05-12 17:30:00,2025-05-12 19:30:00,2,Ditolak,Lembur proyek 3
2997,19,2025-05-12,2025-05-12 17:30:00,2025-05-12 20:30:00,3,Disetujui,Lembur proyek 1
2998,26,2025-05-12,2025-05-12 17:30:00,2025-05-12 21:30:00,4,Disetujui,Lembur proyek 5
2999,30,2025-05-12,2025-05-12 17:30:00,2025-05-12 20:30:00,3,Disetujui,Lembur proyek 3
3000,35,2025-05-12,2025-05-12 17:30:00,2025-05-12 20:30:00,3,Disetujui,Lembur proyek 1
3001,36,2025-05-12,2025-05-12 17:30:00,2025-05-12 19:30:00,2,Disetujui,Lembur proyek 1
3002,1,2025-05-13,2025-05-13 17:30:00,2025-05-13 20:30:00,3,Disetujui,Lembur proyek 3
3003,3,2025-05-13,2025-05-13 17:30:00,2025-05-13 18:30:00,1,Disetujui,Lembur proyek 2
3004,4,2025-05-13,2025-05-13 17:30:00,2025-05-13 18:30:00,1,Disetujui,Lembur proyek 3
3005,6,2025-05-13,2025-05-13 17:30:00,2025-05-13 21:30:00,4,Disetujui,Lembur proyek 3
3006,11,2025-05-13,2025-05-13 17:30:00,2025-05-13 20:30:00,3,Ditolak,Lembur proyek 3
3007,13,2025-05-13,2025-05-13 17:30:00,2025-05-13 21:30:00,4,Ditolak,Lembur proyek 3
3008,35,2025-05-13,2025-05-13 17:30:00,2025-05-13 20:30:00,3,Ditolak,Lembur proyek 2
3009,45,2025-05-13,2025-05-13 17:30:00,2025-05-13 21:30:00,4,Disetujui,Lembur proyek 3
3010,47,2025-05-13,2025-05-13 17:30:00,2025-05-13 19:30:00,2,Ditolak,Lembur proyek 5
3011,49,2025-05-13,2025-05-13 17:30:00,2025-05-13 20:30:00,3,Disetujui,Lembur proyek 4
3012,3,2025-05-14,2025-05-14 17:30:00,2025-05-14 21:30:00,4,Ditolak,Lembur proyek 1
3013,7,2025-05-14,2025-05-14 17:30:00,2025-05-14 19:30:00,2,Disetujui,Lembur proyek 3
3014,17,2025-05-14,2025-05-14 17:30:00,2025-05-14 18:30:00,1,Ditolak,Lembur proyek 5
3015,18,2025-05-14,2025-05-14 17:30:00,2025-05-14 18:30:00,1,Disetujui,Lembur proyek 2
3016,19,2025-05-14,2025-05-14 17:30:00,2025-05-14 19:30:00,2,Disetujui,Lembur proyek 4
3017,22,2025-05-14,2025-05-14 17:30:00,2025-05-14 18:30:00,1,Disetujui,Lembur proyek 1
3018,24,2025-05-14,2025-05-14 17:30:00,2025-05-14 18:30:00,1,Ditolak,Lembur proyek 1
3019,36,2025-05-14,2025-05-14 17:30:00,2025-05-14 18:30:00,1,Ditolak,Lembur proyek 2
3020,41,2025-05-14,2025-05-14 17:30:00,2025-05-14 21:30:00,4,Ditolak,Lembur proyek 1
3021,45,2025-05-14,2025-05-14 17:30:00,2025-05-14 21:30:00,4,Disetujui,Lembur proyek 4
3022,47,2025-05-14,2025-05-14 17:30:00,2025-05-14 19:30:00,2,Ditolak,Lembur proyek 5
3023,50,2025-05-14,2025-05-14 17:30:00,2025-05-14 21:30:00,4,Disetujui,Lembur proyek 1
3024,10,2025-05-15,2025-05-15 17:30:00,2025-05-15 20:30:00,3,Ditolak,Lembur proyek 2
3025,18,2025-05-15,2025-05-15 17:30:00,2025-05-15 20:30:00,3,Disetujui,Lembur proyek 1
3026,22,2025-05-15,2025-05-15 17:30:00,2025-05-15 18:30:00,1,Ditolak,Lembur proyek 2
3027,24,2025-05-15,2025-05-15 17:30:00,2025-05-15 20:30:00,3,Disetujui,Lembur proyek 3
3028,26,2025-05-15,2025-05-15 17:30:00,2025-05-15 21:30:00,4,Ditolak,Lembur proyek 5
3029,27,2025-05-15,2025-05-15 17:30:00,2025-05-15 21:30:00,4,Ditolak,Lembur proyek 5
3030,30,2025-05-15,2025-05-15 17:30:00,2025-05-15 18:30:00,1,Ditolak,Lembur proyek 5
3031,32,2025-05-15,2025-05-15 17:30:00,2025-05-15 18:30:00,1,Ditolak,Lembur proyek 1
3032,36,2025-05-15,2025-05-15 17:30:00,2025-05-15 21:30:00,4,Ditolak,Lembur proyek 1
3033,39,2025-05-15,2025-05-15 17:30:00,2025-05-15 21:30:00,4,Disetujui,Lembur proyek 2
3034,1,2025-05-16,2025-05-16 17:30:00,2025-05-16 21:30:00,4,Ditolak,Lembur proyek 5
3035,2,2025-05-16,2025-05-16 17:30:00,2025-05-16 19:30:00,2,Ditolak,Lembur proyek 3
3036,24,2025-05-16,2025-05-16 17:30:00,2025-05-16 20:30:00,3,Ditolak,Lembur proyek 2
3037,31,2025-05-16,2025-05-16 17:30:00,2025-05-16 21:30:00,4,Disetujui,Lembur proyek 3
3038,32,2025-05-16,2025-05-16 17:30:00,2025-05-16 20:30:00,3,Ditolak,Lembur proyek 5
3039,37,2025-05-16,2025-05-16 17:30:00,2025-05-16 21:30:00,4,Ditolak,Lembur proyek 4
3040,43,2025-05-16,2025-05-16 17:30:00,2025-05-16 19:30:00,2,Ditolak,Lembur proyek 5
3041,48,2025-05-16,2025-05-16 17:30:00,2025-05-16 18:30:00,1,Disetujui,Lembur proyek 3
3042,49,2025-05-16,2025-05-16 17:30:00,2025-05-16 19:30:00,2,Disetujui,Lembur proyek 4
3043,4,2025-05-17,2025-05-17 17:30:00,2025-05-17 19:30:00,2,Disetujui,Lembur proyek 1
3044,6,2025-05-17,2025-05-17 17:30:00,2025-05-17 19:30:00,2,Disetujui,Lembur proyek 1
3045,10,2025-05-17,2025-05-17 17:30:00,2025-05-17 19:30:00,2,Disetujui,Lembur proyek 5
3046,15,2025-05-17,2025-05-17 17:30:00,2025-05-17 20:30:00,3,Disetujui,Lembur proyek 1
3047,19,2025-05-17,2025-05-17 17:30:00,2025-05-17 21:30:00,4,Ditolak,Lembur proyek 1
3048,23,2025-05-17,2025-05-17 17:30:00,2025-05-17 19:30:00,2,Disetujui,Lembur proyek 4
3049,29,2025-05-17,2025-05-17 17:30:00,2025-05-17 21:30:00,4,Disetujui,Lembur proyek 3
3050,32,2025-05-17,2025-05-17 17:30:00,2025-05-17 19:30:00,2,Ditolak,Lembur proyek 2
3051,46,2025-05-17,2025-05-17 17:30:00,2025-05-17 18:30:00,1,Disetujui,Lembur proyek 5
3052,50,2025-05-17,2025-05-17 17:30:00,2025-05-17 21:30:00,4,Ditolak,Lembur proyek 4
3053,11,2025-05-18,2025-05-18 17:30:00,2025-05-18 19:30:00,2,Ditolak,Lembur proyek 3
3054,21,2025-05-18,2025-05-18 17:30:00,2025-05-18 20:30:00,3,Ditolak,Lembur proyek 4
3055,27,2025-05-18,2025-05-18 17:30:00,2025-05-18 20:30:00,3,Disetujui,Lembur proyek 3
3056,28,2025-05-18,2025-05-18 17:30:00,2025-05-18 18:30:00,1,Ditolak,Lembur proyek 2
3057,31,2025-05-18,2025-05-18 17:30:00,2025-05-18 20:30:00,3,Disetujui,Lembur proyek 4
3058,32,2025-05-18,2025-05-18 17:30:00,2025-05-18 21:30:00,4,Disetujui,Lembur proyek 4
3059,35,2025-05-18,2025-05-18 17:30:00,2025-05-18 18:30:00,1,Ditolak,Lembur proyek 2
3060,37,2025-05-18,2025-05-18 17:30:00,2025-05-18 20:30:00,3,Disetujui,Lembur proyek 1
3061,4,2025-05-19,2025-05-19 17:30:00,2025-05-19 20:30:00,3,Ditolak,Lembur proyek 5
3062,16,2025-05-19,2025-05-19 17:30:00,2025-05-19 21:30:00,4,Disetujui,Lembur proyek 2
3063,20,2025-05-19,2025-05-19 17:30:00,2025-05-19 21:30:00,4,Ditolak,Lembur proyek 1
3064,25,2025-05-19,2025-05-19 17:30:00,2025-05-19 19:30:00,2,Ditolak,Lembur proyek 5
3065,31,2025-05-19,2025-05-19 17:30:00,2025-05-19 18:30:00,1,Ditolak,Lembur proyek 3
3066,4,2025-05-20,2025-05-20 17:30:00,2025-05-20 19:30:00,2,Disetujui,Lembur proyek 1
3067,7,2025-05-20,2025-05-20 17:30:00,2025-05-20 18:30:00,1,Ditolak,Lembur proyek 4
3068,17,2025-05-20,2025-05-20 17:30:00,2025-05-20 19:30:00,2,Ditolak,Lembur proyek 1
3069,31,2025-05-20,2025-05-20 17:30:00,2025-05-20 19:30:00,2,Disetujui,Lembur proyek 3
3070,32,2025-05-20,2025-05-20 17:30:00,2025-05-20 19:30:00,2,Ditolak,Lembur proyek 3
3071,33,2025-05-20,2025-05-20 17:30:00,2025-05-20 21:30:00,4,Ditolak,Lembur proyek 2
3072,37,2025-05-20,2025-05-20 17:30:00,2025-05-20 19:30:00,2,Disetujui,Lembur proyek 1
3073,40,2025-05-20,2025-05-20 17:30:00,2025-05-20 19:30:00,2,Disetujui,Lembur proyek 5
3074,45,2025-05-20,2025-05-20 17:30:00,2025-05-20 21:30:00,4,Disetujui,Lembur proyek 5
3075,47,2025-05-20,2025-05-20 17:30:00,2025-05-20 18:30:00,1,Ditolak,Lembur proyek 3
3076,48,2025-05-20,2025-05-20 17:30:00,2025-05-20 18:30:00,1,Ditolak,Lembur proyek 3
3077,50,2025-05-20,2025-05-20 17:30:00,2025-05-20 21:30:00,4,Disetujui,Lembur proyek 2
3078,19,2025-05-21,2025-05-21 17:30:00,2025-05-21 18:30:00,1,Ditolak,Lembur proyek 1
3079,20,2025-05-21,2025-05-21 17:30:00,2025-05-21 18:30:00,1,Disetujui,Lembur proyek 5
3080,25,2025-05-21,2025-05-21 17:30:00,2025-05-21 19:30:00,2,Ditolak,Lembur proyek 5
3081,26,2025-05-21,2025-05-21 17:30:00,2025-05-21 20:30:00,3,Disetujui,Lembur proyek 4
3082,31,2025-05-21,2025-05-21 17:30:00,2025-05-21 20:30:00,3,Ditolak,Lembur proyek 2
3083,36,2025-05-21,2025-05-21 17:30:00,2025-05-21 19:30:00,2,Ditolak,Lembur proyek 3
3084,39,2025-05-21,2025-05-21 17:30:00,2025-05-21 19:30:00,2,Ditolak,Lembur proyek 2
3085,40,2025-05-21,2025-05-21 17:30:00,2025-05-21 19:30:00,2,Disetujui,Lembur proyek 2
3086,2,2025-05-22,2025-05-22 17:30:00,2025-05-22 19:30:00,2,Disetujui,Lembur proyek 4
3087,3,2025-05-22,2025-05-22 17:30:00,2025-05-22 19:30:00,2,Disetujui,Lembur proyek 4
3088,11,2025-05-22,2025-05-22 17:30:00,2025-05-22 20:30:00,3,Ditolak,Lembur proyek 2
3089,12,2025-05-22,2025-05-22 17:30:00,2025-05-22 21:30:00,4,Ditolak,Lembur proyek 2
3090,14,2025-05-22,2025-05-22 17:30:00,2025-05-22 20:30:00,3,Ditolak,Lembur proyek 5
3091,26,2025-05-22,2025-05-22 17:30:00,2025-05-22 20:30:00,3,Disetujui,Lembur proyek 2
3092,27,2025-05-22,2025-05-22 17:30:00,2025-05-22 18:30:00,1,Ditolak,Lembur proyek 1
3093,38,2025-05-22,2025-05-22 17:30:00,2025-05-22 20:30:00,3,Ditolak,Lembur proyek 3
3094,40,2025-05-22,2025-05-22 17:30:00,2025-05-22 21:30:00,4,Ditolak,Lembur proyek 3
3095,49,2025-05-22,2025-05-22 17:30:00,2025-05-22 19:30:00,2,Disetujui,Lembur proyek 5
3096,1,2025-05-23,2025-05-23 17:30:00,2025-05-23 19:30:00,2,Ditolak,Lembur proyek 2
3097,8,2025-05-23,2025-05-23 17:30:00,2025-05-23 20:30:00,3,Disetujui,Lembur proyek 5
3098,18,2025-05-23,2025-05-23 17:30:00,2025-05-23 20:30:00,3,Ditolak,Lembur proyek 1
3099,30,2025-05-23,2025-05-23 17:30:00,2025-05-23 21:30:00,4,Ditolak,Lembur proyek 5
3100,35,2025-05-23,2025-05-23 17:30:00,2025-05-23 18:30:00,1,Ditolak,Lembur proyek 5
3101,40,2025-05-23,2025-05-23 17:30:00,2025-05-23 21:30:00,4,Ditolak,Lembur proyek 5
3102,45,2025-05-23,2025-05-23 17:30:00,2025-05-23 18:30:00,1,Disetujui,Lembur proyek 2
3103,3,2025-05-24,2025-05-24 17:30:00,2025-05-24 20:30:00,3,Disetujui,Lembur proyek 4
3104,6,2025-05-24,2025-05-24 17:30:00,2025-05-24 20:30:00,3,Ditolak,Lembur proyek 3
3105,19,2025-05-24,2025-05-24 17:30:00,2025-05-24 19:30:00,2,Disetujui,Lembur proyek 3
3106,26,2025-05-24,2025-05-24 17:30:00,2025-05-24 20:30:00,3,Ditolak,Lembur proyek 2
3107,27,2025-05-24,2025-05-24 17:30:00,2025-05-24 20:30:00,3,Ditolak,Lembur proyek 5
3108,28,2025-05-24,2025-05-24 17:30:00,2025-05-24 20:30:00,3,Ditolak,Lembur proyek 4
3109,29,2025-05-24,2025-05-24 17:30:00,2025-05-24 20:30:00,3,Disetujui,Lembur proyek 3
3110,32,2025-05-24,2025-05-24 17:30:00,2025-05-24 21:30:00,4,Ditolak,Lembur proyek 2
3111,34,2025-05-24,2025-05-24 17:30:00,2025-05-24 18:30:00,1,Disetujui,Lembur proyek 5
3112,38,2025-05-24,2025-05-24 17:30:00,2025-05-24 21:30:00,4,Ditolak,Lembur proyek 2
3113,41,2025-05-24,2025-05-24 17:30:00,2025-05-24 19:30:00,2,Ditolak,Lembur proyek 5
3114,46,2025-05-24,2025-05-24 17:30:00,2025-05-24 19:30:00,2,Disetujui,Lembur proyek 3
3115,11,2025-05-25,2025-05-25 17:30:00,2025-05-25 21:30:00,4,Ditolak,Lembur proyek 5
3116,15,2025-05-25,2025-05-25 17:30:00,2025-05-25 20:30:00,3,Disetujui,Lembur proyek 2
3117,20,2025-05-25,2025-05-25 17:30:00,2025-05-25 18:30:00,1,Ditolak,Lembur proyek 4
3118,24,2025-05-25,2025-05-25 17:30:00,2025-05-25 21:30:00,4,Disetujui,Lembur proyek 1
3119,32,2025-05-25,2025-05-25 17:30:00,2025-05-25 21:30:00,4,Disetujui,Lembur proyek 3
3120,22,2025-05-26,2025-05-26 17:30:00,2025-05-26 19:30:00,2,Ditolak,Lembur proyek 1
3121,31,2025-05-26,2025-05-26 17:30:00,2025-05-26 20:30:00,3,Ditolak,Lembur proyek 5
3122,33,2025-05-26,2025-05-26 17:30:00,2025-05-26 19:30:00,2,Ditolak,Lembur proyek 5
3123,1,2025-05-27,2025-05-27 17:30:00,2025-05-27 21:30:00,4,Ditolak,Lembur proyek 5
3124,9,2025-05-27,2025-05-27 17:30:00,2025-05-27 21:30:00,4,Disetujui,Lembur proyek 3
3125,16,2025-05-27,2025-05-27 17:30:00,2025-05-27 20:30:00,3,Disetujui,Lembur proyek 4
3126,17,2025-05-27,2025-05-27 17:30:00,2025-05-27 19:30:00,2,Disetujui,Lembur proyek 1
3127,18,2025-05-27,2025-05-27 17:30:00,2025-05-27 19:30:00,2,Disetujui,Lembur proyek 3
3128,25,2025-05-27,2025-05-27 17:30:00,2025-05-27 20:30:00,3,Ditolak,Lembur proyek 3
3129,29,2025-05-27,2025-05-27 17:30:00,2025-05-27 19:30:00,2,Ditolak,Lembur proyek 2
3130,32,2025-05-27,2025-05-27 17:30:00,2025-05-27 20:30:00,3,Disetujui,Lembur proyek 1
3131,35,2025-05-27,2025-05-27 17:30:00,2025-05-27 20:30:00,3,Disetujui,Lembur proyek 4
3132,36,2025-05-27,2025-05-27 17:30:00,2025-05-27 21:30:00,4,Disetujui,Lembur proyek 2
3133,39,2025-05-27,2025-05-27 17:30:00,2025-05-27 20:30:00,3,Ditolak,Lembur proyek 2
3134,40,2025-05-27,2025-05-27 17:30:00,2025-05-27 20:30:00,3,Disetujui,Lembur proyek 5
3135,41,2025-05-27,2025-05-27 17:30:00,2025-05-27 18:30:00,1,Disetujui,Lembur proyek 1
3136,42,2025-05-27,2025-05-27 17:30:00,2025-05-27 18:30:00,1,Disetujui,Lembur proyek 2
3137,4,2025-05-28,2025-05-28 17:30:00,2025-05-28 18:30:00,1,Disetujui,Lembur proyek 2
3138,6,2025-05-28,2025-05-28 17:30:00,2025-05-28 20:30:00,3,Disetujui,Lembur proyek 5
3139,10,2025-05-28,2025-05-28 17:30:00,2025-05-28 18:30:00,1,Ditolak,Lembur proyek 4
3140,16,2025-05-28,2025-05-28 17:30:00,2025-05-28 18:30:00,1,Ditolak,Lembur proyek 5
3141,17,2025-05-28,2025-05-28 17:30:00,2025-05-28 20:30:00,3,Disetujui,Lembur proyek 1
3142,23,2025-05-28,2025-05-28 17:30:00,2025-05-28 20:30:00,3,Disetujui,Lembur proyek 1
3143,26,2025-05-28,2025-05-28 17:30:00,2025-05-28 20:30:00,3,Disetujui,Lembur proyek 5
3144,28,2025-05-28,2025-05-28 17:30:00,2025-05-28 18:30:00,1,Disetujui,Lembur proyek 3
3145,29,2025-05-28,2025-05-28 17:30:00,2025-05-28 20:30:00,3,Disetujui,Lembur proyek 1
3146,31,2025-05-28,2025-05-28 17:30:00,2025-05-28 21:30:00,4,Disetujui,Lembur proyek 4
3147,33,2025-05-28,2025-05-28 17:30:00,2025-05-28 19:30:00,2,Disetujui,Lembur proyek 1
3148,41,2025-05-28,2025-05-28 17:30:00,2025-05-28 20:30:00,3,Ditolak,Lembur proyek 3
3149,42,2025-05-28,2025-05-28 17:30:00,2025-05-28 18:30:00,1,Ditolak,Lembur proyek 5
3150,9,2025-06-01,2025-06-01 17:30:00,2025-06-01 20:30:00,3,Ditolak,Lembur proyek 4
3151,10,2025-06-01,2025-06-01 17:30:00,2025-06-01 20:30:00,3,Disetujui,Lembur proyek 2
3152,12,2025-06-01,2025-06-01 17:30:00,2025-06-01 21:30:00,4,Disetujui,Lembur proyek 2
3153,14,2025-06-01,2025-06-01 17:30:00,2025-06-01 18:30:00,1,Ditolak,Lembur proyek 3
3154,17,2025-06-01,2025-06-01 17:30:00,2025-06-01 21:30:00,4,Disetujui,Lembur proyek 2
3155,19,2025-06-01,2025-06-01 17:30:00,2025-06-01 19:30:00,2,Disetujui,Lembur proyek 4
3156,22,2025-06-01,2025-06-01 17:30:00,2025-06-01 21:30:00,4,Disetujui,Lembur proyek 5
3157,28,2025-06-01,2025-06-01 17:30:00,2025-06-01 19:30:00,2,Disetujui,Lembur proyek 2
3158,29,2025-06-01,2025-06-01 17:30:00,2025-06-01 20:30:00,3,Ditolak,Lembur proyek 5
3159,30,2025-06-01,2025-06-01 17:30:00,2025-06-01 19:30:00,2,Ditolak,Lembur proyek 4
3160,35,2025-06-01,2025-06-01 17:30:00,2025-06-01 19:30:00,2,Disetujui,Lembur proyek 5
3161,42,2025-06-01,2025-06-01 17:30:00,2025-06-01 19:30:00,2,Disetujui,Lembur proyek 3
3162,44,2025-06-01,2025-06-01 17:30:00,2025-06-01 18:30:00,1,Disetujui,Lembur proyek 3
3163,47,2025-06-01,2025-06-01 17:30:00,2025-06-01 18:30:00,1,Ditolak,Lembur proyek 5
3164,10,2025-06-02,2025-06-02 17:30:00,2025-06-02 19:30:00,2,Disetujui,Lembur proyek 1
3165,13,2025-06-02,2025-06-02 17:30:00,2025-06-02 19:30:00,2,Ditolak,Lembur proyek 1
3166,18,2025-06-02,2025-06-02 17:30:00,2025-06-02 18:30:00,1,Disetujui,Lembur proyek 4
3167,28,2025-06-02,2025-06-02 17:30:00,2025-06-02 21:30:00,4,Disetujui,Lembur proyek 5
3168,38,2025-06-02,2025-06-02 17:30:00,2025-06-02 20:30:00,3,Ditolak,Lembur proyek 4
3169,3,2025-06-03,2025-06-03 17:30:00,2025-06-03 20:30:00,3,Ditolak,Lembur proyek 5
3170,4,2025-06-03,2025-06-03 17:30:00,2025-06-03 20:30:00,3,Ditolak,Lembur proyek 1
3171,6,2025-06-03,2025-06-03 17:30:00,2025-06-03 20:30:00,3,Disetujui,Lembur proyek 1
3172,8,2025-06-03,2025-06-03 17:30:00,2025-06-03 21:30:00,4,Ditolak,Lembur proyek 1
3173,10,2025-06-03,2025-06-03 17:30:00,2025-06-03 19:30:00,2,Disetujui,Lembur proyek 1
3174,17,2025-06-03,2025-06-03 17:30:00,2025-06-03 19:30:00,2,Ditolak,Lembur proyek 3
3175,19,2025-06-03,2025-06-03 17:30:00,2025-06-03 21:30:00,4,Ditolak,Lembur proyek 3
3176,25,2025-06-03,2025-06-03 17:30:00,2025-06-03 19:30:00,2,Ditolak,Lembur proyek 5
3177,32,2025-06-03,2025-06-03 17:30:00,2025-06-03 20:30:00,3,Ditolak,Lembur proyek 3
3178,34,2025-06-03,2025-06-03 17:30:00,2025-06-03 19:30:00,2,Disetujui,Lembur proyek 1
3179,35,2025-06-03,2025-06-03 17:30:00,2025-06-03 18:30:00,1,Disetujui,Lembur proyek 4
3180,36,2025-06-03,2025-06-03 17:30:00,2025-06-03 19:30:00,2,Ditolak,Lembur proyek 2
3181,38,2025-06-03,2025-06-03 17:30:00,2025-06-03 18:30:00,1,Disetujui,Lembur proyek 3
3182,39,2025-06-03,2025-06-03 17:30:00,2025-06-03 18:30:00,1,Ditolak,Lembur proyek 1
3183,1,2025-06-04,2025-06-04 17:30:00,2025-06-04 18:30:00,1,Ditolak,Lembur proyek 4
3184,5,2025-06-04,2025-06-04 17:30:00,2025-06-04 20:30:00,3,Disetujui,Lembur proyek 1
3185,11,2025-06-04,2025-06-04 17:30:00,2025-06-04 18:30:00,1,Disetujui,Lembur proyek 3
3186,15,2025-06-04,2025-06-04 17:30:00,2025-06-04 19:30:00,2,Disetujui,Lembur proyek 3
3187,22,2025-06-04,2025-06-04 17:30:00,2025-06-04 19:30:00,2,Ditolak,Lembur proyek 5
3188,29,2025-06-04,2025-06-04 17:30:00,2025-06-04 19:30:00,2,Disetujui,Lembur proyek 3
3189,32,2025-06-04,2025-06-04 17:30:00,2025-06-04 21:30:00,4,Ditolak,Lembur proyek 1
3190,33,2025-06-04,2025-06-04 17:30:00,2025-06-04 20:30:00,3,Disetujui,Lembur proyek 3
3191,44,2025-06-04,2025-06-04 17:30:00,2025-06-04 21:30:00,4,Disetujui,Lembur proyek 3
3192,4,2025-06-05,2025-06-05 17:30:00,2025-06-05 20:30:00,3,Disetujui,Lembur proyek 1
3193,12,2025-06-05,2025-06-05 17:30:00,2025-06-05 21:30:00,4,Disetujui,Lembur proyek 3
3194,18,2025-06-05,2025-06-05 17:30:00,2025-06-05 20:30:00,3,Disetujui,Lembur proyek 4
3195,22,2025-06-05,2025-06-05 17:30:00,2025-06-05 18:30:00,1,Disetujui,Lembur proyek 4
3196,29,2025-06-05,2025-06-05 17:30:00,2025-06-05 18:30:00,1,Ditolak,Lembur proyek 5
3197,33,2025-06-05,2025-06-05 17:30:00,2025-06-05 20:30:00,3,Ditolak,Lembur proyek 3
3198,36,2025-06-05,2025-06-05 17:30:00,2025-06-05 18:30:00,1,Ditolak,Lembur proyek 4
3199,39,2025-06-05,2025-06-05 17:30:00,2025-06-05 20:30:00,3,Ditolak,Lembur proyek 5
3200,4,2025-06-06,2025-06-06 17:30:00,2025-06-06 20:30:00,3,Disetujui,Lembur proyek 2
3201,6,2025-06-06,2025-06-06 17:30:00,2025-06-06 19:30:00,2,Ditolak,Lembur proyek 5
3202,9,2025-06-06,2025-06-06 17:30:00,2025-06-06 19:30:00,2,Disetujui,Lembur proyek 3
3203,16,2025-06-06,2025-06-06 17:30:00,2025-06-06 20:30:00,3,Ditolak,Lembur proyek 3
3204,19,2025-06-06,2025-06-06 17:30:00,2025-06-06 19:30:00,2,Ditolak,Lembur proyek 3
3205,23,2025-06-06,2025-06-06 17:30:00,2025-06-06 18:30:00,1,Ditolak,Lembur proyek 1
3206,34,2025-06-06,2025-06-06 17:30:00,2025-06-06 20:30:00,3,Disetujui,Lembur proyek 3
3207,36,2025-06-06,2025-06-06 17:30:00,2025-06-06 21:30:00,4,Disetujui,Lembur proyek 2
3208,39,2025-06-06,2025-06-06 17:30:00,2025-06-06 19:30:00,2,Ditolak,Lembur proyek 2
3209,41,2025-06-06,2025-06-06 17:30:00,2025-06-06 18:30:00,1,Ditolak,Lembur proyek 5
3210,42,2025-06-06,2025-06-06 17:30:00,2025-06-06 20:30:00,3,Ditolak,Lembur proyek 3
3211,45,2025-06-06,2025-06-06 17:30:00,2025-06-06 18:30:00,1,Ditolak,Lembur proyek 4
3212,46,2025-06-06,2025-06-06 17:30:00,2025-06-06 20:30:00,3,Ditolak,Lembur proyek 4
3213,3,2025-06-07,2025-06-07 17:30:00,2025-06-07 21:30:00,4,Disetujui,Lembur proyek 1
3214,5,2025-06-07,2025-06-07 17:30:00,2025-06-07 18:30:00,1,Ditolak,Lembur proyek 4
3215,8,2025-06-07,2025-06-07 17:30:00,2025-06-07 20:30:00,3,Disetujui,Lembur proyek 2
3216,12,2025-06-07,2025-06-07 17:30:00,2025-06-07 19:30:00,2,Ditolak,Lembur proyek 4
3217,14,2025-06-07,2025-06-07 17:30:00,2025-06-07 18:30:00,1,Ditolak,Lembur proyek 2
3218,23,2025-06-07,2025-06-07 17:30:00,2025-06-07 18:30:00,1,Ditolak,Lembur proyek 4
3219,26,2025-06-07,2025-06-07 17:30:00,2025-06-07 18:30:00,1,Disetujui,Lembur proyek 2
3220,31,2025-06-07,2025-06-07 17:30:00,2025-06-07 18:30:00,1,Ditolak,Lembur proyek 3
3221,40,2025-06-07,2025-06-07 17:30:00,2025-06-07 20:30:00,3,Disetujui,Lembur proyek 3
3222,42,2025-06-07,2025-06-07 17:30:00,2025-06-07 19:30:00,2,Ditolak,Lembur proyek 4
3223,49,2025-06-07,2025-06-07 17:30:00,2025-06-07 21:30:00,4,Ditolak,Lembur proyek 2
3224,2,2025-06-08,2025-06-08 17:30:00,2025-06-08 21:30:00,4,Ditolak,Lembur proyek 2
3225,5,2025-06-08,2025-06-08 17:30:00,2025-06-08 21:30:00,4,Ditolak,Lembur proyek 3
3226,12,2025-06-08,2025-06-08 17:30:00,2025-06-08 18:30:00,1,Ditolak,Lembur proyek 5
3227,17,2025-06-08,2025-06-08 17:30:00,2025-06-08 21:30:00,4,Disetujui,Lembur proyek 3
3228,20,2025-06-08,2025-06-08 17:30:00,2025-06-08 18:30:00,1,Ditolak,Lembur proyek 2
3229,21,2025-06-08,2025-06-08 17:30:00,2025-06-08 20:30:00,3,Ditolak,Lembur proyek 5
3230,43,2025-06-08,2025-06-08 17:30:00,2025-06-08 21:30:00,4,Ditolak,Lembur proyek 5
3231,45,2025-06-08,2025-06-08 17:30:00,2025-06-08 18:30:00,1,Disetujui,Lembur proyek 4
3232,6,2025-06-09,2025-06-09 17:30:00,2025-06-09 18:30:00,1,Ditolak,Lembur proyek 3
3233,18,2025-06-09,2025-06-09 17:30:00,2025-06-09 19:30:00,2,Disetujui,Lembur proyek 5
3234,19,2025-06-09,2025-06-09 17:30:00,2025-06-09 20:30:00,3,Disetujui,Lembur proyek 3
3235,20,2025-06-09,2025-06-09 17:30:00,2025-06-09 21:30:00,4,Disetujui,Lembur proyek 3
3236,24,2025-06-09,2025-06-09 17:30:00,2025-06-09 19:30:00,2,Ditolak,Lembur proyek 1
3237,25,2025-06-09,2025-06-09 17:30:00,2025-06-09 19:30:00,2,Ditolak,Lembur proyek 2
3238,28,2025-06-09,2025-06-09 17:30:00,2025-06-09 18:30:00,1,Ditolak,Lembur proyek 3
3239,30,2025-06-09,2025-06-09 17:30:00,2025-06-09 21:30:00,4,Disetujui,Lembur proyek 3
3240,31,2025-06-09,2025-06-09 17:30:00,2025-06-09 18:30:00,1,Ditolak,Lembur proyek 1
3241,40,2025-06-09,2025-06-09 17:30:00,2025-06-09 19:30:00,2,Disetujui,Lembur proyek 3
3242,42,2025-06-09,2025-06-09 17:30:00,2025-06-09 20:30:00,3,Disetujui,Lembur proyek 4
3243,46,2025-06-09,2025-06-09 17:30:00,2025-06-09 20:30:00,3,Ditolak,Lembur proyek 3
3244,44,2025-06-10,2025-06-10 17:30:00,2025-06-10 20:30:00,3,Disetujui,Lembur proyek 1
3245,46,2025-06-10,2025-06-10 17:30:00,2025-06-10 19:30:00,2,Ditolak,Lembur proyek 4
3246,49,2025-06-10,2025-06-10 17:30:00,2025-06-10 18:30:00,1,Ditolak,Lembur proyek 3
3247,2,2025-06-11,2025-06-11 17:30:00,2025-06-11 21:30:00,4,Disetujui,Lembur proyek 2
3248,4,2025-06-11,2025-06-11 17:30:00,2025-06-11 18:30:00,1,Ditolak,Lembur proyek 5
3249,18,2025-06-11,2025-06-11 17:30:00,2025-06-11 21:30:00,4,Ditolak,Lembur proyek 2
3250,19,2025-06-11,2025-06-11 17:30:00,2025-06-11 18:30:00,1,Ditolak,Lembur proyek 1
3251,21,2025-06-11,2025-06-11 17:30:00,2025-06-11 19:30:00,2,Disetujui,Lembur proyek 1
3252,22,2025-06-11,2025-06-11 17:30:00,2025-06-11 18:30:00,1,Ditolak,Lembur proyek 2
3253,26,2025-06-11,2025-06-11 17:30:00,2025-06-11 18:30:00,1,Disetujui,Lembur proyek 1
3254,30,2025-06-11,2025-06-11 17:30:00,2025-06-11 18:30:00,1,Ditolak,Lembur proyek 3
3255,40,2025-06-11,2025-06-11 17:30:00,2025-06-11 18:30:00,1,Disetujui,Lembur proyek 2
3256,43,2025-06-11,2025-06-11 17:30:00,2025-06-11 19:30:00,2,Disetujui,Lembur proyek 5
3257,15,2025-06-12,2025-06-12 17:30:00,2025-06-12 21:30:00,4,Ditolak,Lembur proyek 2
3258,17,2025-06-12,2025-06-12 17:30:00,2025-06-12 21:30:00,4,Disetujui,Lembur proyek 1
3259,21,2025-06-12,2025-06-12 17:30:00,2025-06-12 18:30:00,1,Disetujui,Lembur proyek 1
3260,23,2025-06-12,2025-06-12 17:30:00,2025-06-12 19:30:00,2,Disetujui,Lembur proyek 3
3261,26,2025-06-12,2025-06-12 17:30:00,2025-06-12 19:30:00,2,Disetujui,Lembur proyek 1
3262,27,2025-06-12,2025-06-12 17:30:00,2025-06-12 20:30:00,3,Ditolak,Lembur proyek 3
3263,28,2025-06-12,2025-06-12 17:30:00,2025-06-12 21:30:00,4,Ditolak,Lembur proyek 2
3264,35,2025-06-12,2025-06-12 17:30:00,2025-06-12 18:30:00,1,Disetujui,Lembur proyek 3
3265,43,2025-06-12,2025-06-12 17:30:00,2025-06-12 18:30:00,1,Disetujui,Lembur proyek 3
3266,44,2025-06-12,2025-06-12 17:30:00,2025-06-12 20:30:00,3,Disetujui,Lembur proyek 4
3267,45,2025-06-12,2025-06-12 17:30:00,2025-06-12 18:30:00,1,Ditolak,Lembur proyek 1
3268,2,2025-06-13,2025-06-13 17:30:00,2025-06-13 19:30:00,2,Disetujui,Lembur proyek 1
3269,4,2025-06-13,2025-06-13 17:30:00,2025-06-13 19:30:00,2,Disetujui,Lembur proyek 3
3270,5,2025-06-13,2025-06-13 17:30:00,2025-06-13 19:30:00,2,Ditolak,Lembur proyek 5
3271,9,2025-06-13,2025-06-13 17:30:00,2025-06-13 19:30:00,2,Disetujui,Lembur proyek 2
3272,11,2025-06-13,2025-06-13 17:30:00,2025-06-13 21:30:00,4,Ditolak,Lembur proyek 5
3273,16,2025-06-13,2025-06-13 17:30:00,2025-06-13 21:30:00,4,Disetujui,Lembur proyek 2
3274,19,2025-06-13,2025-06-13 17:30:00,2025-06-13 18:30:00,1,Ditolak,Lembur proyek 5
3275,24,2025-06-13,2025-06-13 17:30:00,2025-06-13 20:30:00,3,Ditolak,Lembur proyek 3
3276,27,2025-06-13,2025-06-13 17:30:00,2025-06-13 21:30:00,4,Ditolak,Lembur proyek 4
3277,34,2025-06-13,2025-06-13 17:30:00,2025-06-13 19:30:00,2,Disetujui,Lembur proyek 2
3278,40,2025-06-13,2025-06-13 17:30:00,2025-06-13 18:30:00,1,Disetujui,Lembur proyek 3
3279,4,2025-06-14,2025-06-14 17:30:00,2025-06-14 21:30:00,4,Disetujui,Lembur proyek 3
3280,20,2025-06-14,2025-06-14 17:30:00,2025-06-14 19:30:00,2,Ditolak,Lembur proyek 1
3281,27,2025-06-14,2025-06-14 17:30:00,2025-06-14 19:30:00,2,Disetujui,Lembur proyek 4
3282,36,2025-06-14,2025-06-14 17:30:00,2025-06-14 21:30:00,4,Disetujui,Lembur proyek 4
3283,41,2025-06-14,2025-06-14 17:30:00,2025-06-14 20:30:00,3,Disetujui,Lembur proyek 2
3284,42,2025-06-14,2025-06-14 17:30:00,2025-06-14 19:30:00,2,Ditolak,Lembur proyek 5
3285,12,2025-06-15,2025-06-15 17:30:00,2025-06-15 20:30:00,3,Ditolak,Lembur proyek 1
3286,13,2025-06-15,2025-06-15 17:30:00,2025-06-15 20:30:00,3,Ditolak,Lembur proyek 2
3287,15,2025-06-15,2025-06-15 17:30:00,2025-06-15 20:30:00,3,Disetujui,Lembur proyek 3
3288,18,2025-06-15,2025-06-15 17:30:00,2025-06-15 20:30:00,3,Disetujui,Lembur proyek 1
3289,20,2025-06-15,2025-06-15 17:30:00,2025-06-15 18:30:00,1,Disetujui,Lembur proyek 1
3290,21,2025-06-15,2025-06-15 17:30:00,2025-06-15 20:30:00,3,Ditolak,Lembur proyek 5
3291,27,2025-06-15,2025-06-15 17:30:00,2025-06-15 19:30:00,2,Ditolak,Lembur proyek 1
3292,31,2025-06-15,2025-06-15 17:30:00,2025-06-15 19:30:00,2,Ditolak,Lembur proyek 3
3293,45,2025-06-15,2025-06-15 17:30:00,2025-06-15 18:30:00,1,Ditolak,Lembur proyek 4
3294,49,2025-06-15,2025-06-15 17:30:00,2025-06-15 21:30:00,4,Ditolak,Lembur proyek 5
3295,14,2025-06-16,2025-06-16 17:30:00,2025-06-16 19:30:00,2,Ditolak,Lembur proyek 4
3296,17,2025-06-16,2025-06-16 17:30:00,2025-06-16 19:30:00,2,Disetujui,Lembur proyek 2
3297,21,2025-06-16,2025-06-16 17:30:00,2025-06-16 18:30:00,1,Disetujui,Lembur proyek 4
3298,25,2025-06-16,2025-06-16 17:30:00,2025-06-16 19:30:00,2,Disetujui,Lembur proyek 4
3299,43,2025-06-16,2025-06-16 17:30:00,2025-06-16 21:30:00,4,Ditolak,Lembur proyek 3
3300,44,2025-06-16,2025-06-16 17:30:00,2025-06-16 21:30:00,4,Ditolak,Lembur proyek 5
3301,2,2025-06-17,2025-06-17 17:30:00,2025-06-17 20:30:00,3,Ditolak,Lembur proyek 3
3302,7,2025-06-17,2025-06-17 17:30:00,2025-06-17 21:30:00,4,Ditolak,Lembur proyek 3
3303,9,2025-06-17,2025-06-17 17:30:00,2025-06-17 18:30:00,1,Ditolak,Lembur proyek 1
3304,10,2025-06-17,2025-06-17 17:30:00,2025-06-17 21:30:00,4,Ditolak,Lembur proyek 4
3305,17,2025-06-17,2025-06-17 17:30:00,2025-06-17 20:30:00,3,Ditolak,Lembur proyek 5
3306,20,2025-06-17,2025-06-17 17:30:00,2025-06-17 21:30:00,4,Disetujui,Lembur proyek 3
3307,22,2025-06-17,2025-06-17 17:30:00,2025-06-17 21:30:00,4,Ditolak,Lembur proyek 3
3308,29,2025-06-17,2025-06-17 17:30:00,2025-06-17 19:30:00,2,Ditolak,Lembur proyek 1
3309,35,2025-06-17,2025-06-17 17:30:00,2025-06-17 21:30:00,4,Disetujui,Lembur proyek 1
3310,39,2025-06-17,2025-06-17 17:30:00,2025-06-17 20:30:00,3,Disetujui,Lembur proyek 2
3311,42,2025-06-17,2025-06-17 17:30:00,2025-06-17 18:30:00,1,Ditolak,Lembur proyek 1
3312,43,2025-06-17,2025-06-17 17:30:00,2025-06-17 21:30:00,4,Disetujui,Lembur proyek 3
3313,47,2025-06-17,2025-06-17 17:30:00,2025-06-17 21:30:00,4,Disetujui,Lembur proyek 1
3314,48,2025-06-17,2025-06-17 17:30:00,2025-06-17 18:30:00,1,Disetujui,Lembur proyek 5
3315,4,2025-06-18,2025-06-18 17:30:00,2025-06-18 18:30:00,1,Disetujui,Lembur proyek 1
3316,6,2025-06-18,2025-06-18 17:30:00,2025-06-18 19:30:00,2,Ditolak,Lembur proyek 5
3317,10,2025-06-18,2025-06-18 17:30:00,2025-06-18 19:30:00,2,Ditolak,Lembur proyek 2
3318,14,2025-06-18,2025-06-18 17:30:00,2025-06-18 21:30:00,4,Ditolak,Lembur proyek 5
3319,16,2025-06-18,2025-06-18 17:30:00,2025-06-18 19:30:00,2,Disetujui,Lembur proyek 5
3320,20,2025-06-18,2025-06-18 17:30:00,2025-06-18 20:30:00,3,Disetujui,Lembur proyek 2
3321,25,2025-06-18,2025-06-18 17:30:00,2025-06-18 19:30:00,2,Disetujui,Lembur proyek 3
3322,29,2025-06-18,2025-06-18 17:30:00,2025-06-18 20:30:00,3,Disetujui,Lembur proyek 2
3323,30,2025-06-18,2025-06-18 17:30:00,2025-06-18 19:30:00,2,Ditolak,Lembur proyek 2
3324,33,2025-06-18,2025-06-18 17:30:00,2025-06-18 20:30:00,3,Disetujui,Lembur proyek 5
3325,3,2025-06-19,2025-06-19 17:30:00,2025-06-19 20:30:00,3,Ditolak,Lembur proyek 5
3326,6,2025-06-19,2025-06-19 17:30:00,2025-06-19 19:30:00,2,Disetujui,Lembur proyek 1
3327,10,2025-06-19,2025-06-19 17:30:00,2025-06-19 19:30:00,2,Disetujui,Lembur proyek 1
3328,14,2025-06-19,2025-06-19 17:30:00,2025-06-19 18:30:00,1,Ditolak,Lembur proyek 5
3329,17,2025-06-19,2025-06-19 17:30:00,2025-06-19 21:30:00,4,Disetujui,Lembur proyek 1
3330,18,2025-06-19,2025-06-19 17:30:00,2025-06-19 19:30:00,2,Ditolak,Lembur proyek 4
3331,20,2025-06-19,2025-06-19 17:30:00,2025-06-19 18:30:00,1,Ditolak,Lembur proyek 5
3332,27,2025-06-19,2025-06-19 17:30:00,2025-06-19 21:30:00,4,Disetujui,Lembur proyek 4
3333,30,2025-06-19,2025-06-19 17:30:00,2025-06-19 20:30:00,3,Ditolak,Lembur proyek 1
3334,44,2025-06-19,2025-06-19 17:30:00,2025-06-19 20:30:00,3,Ditolak,Lembur proyek 2
3335,1,2025-06-20,2025-06-20 17:30:00,2025-06-20 21:30:00,4,Disetujui,Lembur proyek 2
3336,2,2025-06-20,2025-06-20 17:30:00,2025-06-20 20:30:00,3,Ditolak,Lembur proyek 4
3337,10,2025-06-20,2025-06-20 17:30:00,2025-06-20 18:30:00,1,Disetujui,Lembur proyek 2
3338,11,2025-06-20,2025-06-20 17:30:00,2025-06-20 20:30:00,3,Disetujui,Lembur proyek 3
3339,15,2025-06-20,2025-06-20 17:30:00,2025-06-20 20:30:00,3,Disetujui,Lembur proyek 5
3340,16,2025-06-20,2025-06-20 17:30:00,2025-06-20 21:30:00,4,Ditolak,Lembur proyek 1
3341,25,2025-06-20,2025-06-20 17:30:00,2025-06-20 20:30:00,3,Ditolak,Lembur proyek 2
3342,26,2025-06-20,2025-06-20 17:30:00,2025-06-20 20:30:00,3,Ditolak,Lembur proyek 4
3343,27,2025-06-20,2025-06-20 17:30:00,2025-06-20 21:30:00,4,Disetujui,Lembur proyek 2
3344,32,2025-06-20,2025-06-20 17:30:00,2025-06-20 19:30:00,2,Ditolak,Lembur proyek 2
3345,34,2025-06-20,2025-06-20 17:30:00,2025-06-20 19:30:00,2,Ditolak,Lembur proyek 2
3346,35,2025-06-20,2025-06-20 17:30:00,2025-06-20 18:30:00,1,Ditolak,Lembur proyek 3
3347,39,2025-06-20,2025-06-20 17:30:00,2025-06-20 18:30:00,1,Ditolak,Lembur proyek 1
3348,46,2025-06-20,2025-06-20 17:30:00,2025-06-20 20:30:00,3,Disetujui,Lembur proyek 2
3349,2,2025-06-21,2025-06-21 17:30:00,2025-06-21 19:30:00,2,Disetujui,Lembur proyek 4
3350,11,2025-06-21,2025-06-21 17:30:00,2025-06-21 18:30:00,1,Disetujui,Lembur proyek 2
3351,12,2025-06-21,2025-06-21 17:30:00,2025-06-21 19:30:00,2,Disetujui,Lembur proyek 2
3352,17,2025-06-21,2025-06-21 17:30:00,2025-06-21 19:30:00,2,Disetujui,Lembur proyek 2
3353,20,2025-06-21,2025-06-21 17:30:00,2025-06-21 20:30:00,3,Ditolak,Lembur proyek 3
3354,24,2025-06-21,2025-06-21 17:30:00,2025-06-21 20:30:00,3,Ditolak,Lembur proyek 1
3355,27,2025-06-21,2025-06-21 17:30:00,2025-06-21 18:30:00,1,Disetujui,Lembur proyek 3
3356,33,2025-06-21,2025-06-21 17:30:00,2025-06-21 20:30:00,3,Disetujui,Lembur proyek 1
3357,34,2025-06-21,2025-06-21 17:30:00,2025-06-21 19:30:00,2,Disetujui,Lembur proyek 2
3358,35,2025-06-21,2025-06-21 17:30:00,2025-06-21 19:30:00,2,Disetujui,Lembur proyek 3
3359,39,2025-06-21,2025-06-21 17:30:00,2025-06-21 19:30:00,2,Disetujui,Lembur proyek 2
3360,44,2025-06-21,2025-06-21 17:30:00,2025-06-21 21:30:00,4,Disetujui,Lembur proyek 4
3361,6,2025-06-22,2025-06-22 17:30:00,2025-06-22 21:30:00,4,Disetujui,Lembur proyek 3
3362,8,2025-06-22,2025-06-22 17:30:00,2025-06-22 19:30:00,2,Ditolak,Lembur proyek 3
3363,9,2025-06-22,2025-06-22 17:30:00,2025-06-22 19:30:00,2,Disetujui,Lembur proyek 1
3364,10,2025-06-22,2025-06-22 17:30:00,2025-06-22 19:30:00,2,Disetujui,Lembur proyek 5
3365,11,2025-06-22,2025-06-22 17:30:00,2025-06-22 20:30:00,3,Ditolak,Lembur proyek 2
3366,19,2025-06-22,2025-06-22 17:30:00,2025-06-22 19:30:00,2,Ditolak,Lembur proyek 4
3367,25,2025-06-22,2025-06-22 17:30:00,2025-06-22 18:30:00,1,Ditolak,Lembur proyek 2
3368,37,2025-06-22,2025-06-22 17:30:00,2025-06-22 18:30:00,1,Disetujui,Lembur proyek 3
3369,41,2025-06-22,2025-06-22 17:30:00,2025-06-22 19:30:00,2,Disetujui,Lembur proyek 5
3370,46,2025-06-22,2025-06-22 17:30:00,2025-06-22 21:30:00,4,Ditolak,Lembur proyek 3
3371,6,2025-06-23,2025-06-23 17:30:00,2025-06-23 18:30:00,1,Ditolak,Lembur proyek 2
3372,11,2025-06-23,2025-06-23 17:30:00,2025-06-23 18:30:00,1,Ditolak,Lembur proyek 5
3373,15,2025-06-23,2025-06-23 17:30:00,2025-06-23 21:30:00,4,Disetujui,Lembur proyek 1
3374,20,2025-06-23,2025-06-23 17:30:00,2025-06-23 19:30:00,2,Disetujui,Lembur proyek 4
3375,22,2025-06-23,2025-06-23 17:30:00,2025-06-23 20:30:00,3,Ditolak,Lembur proyek 2
3376,26,2025-06-23,2025-06-23 17:30:00,2025-06-23 20:30:00,3,Disetujui,Lembur proyek 4
3377,27,2025-06-23,2025-06-23 17:30:00,2025-06-23 18:30:00,1,Ditolak,Lembur proyek 5
3378,33,2025-06-23,2025-06-23 17:30:00,2025-06-23 21:30:00,4,Ditolak,Lembur proyek 4
3379,35,2025-06-23,2025-06-23 17:30:00,2025-06-23 18:30:00,1,Disetujui,Lembur proyek 4
3380,10,2025-06-24,2025-06-24 17:30:00,2025-06-24 19:30:00,2,Disetujui,Lembur proyek 5
3381,11,2025-06-24,2025-06-24 17:30:00,2025-06-24 19:30:00,2,Disetujui,Lembur proyek 3
3382,16,2025-06-24,2025-06-24 17:30:00,2025-06-24 18:30:00,1,Disetujui,Lembur proyek 5
3383,19,2025-06-24,2025-06-24 17:30:00,2025-06-24 21:30:00,4,Disetujui,Lembur proyek 1
3384,21,2025-06-24,2025-06-24 17:30:00,2025-06-24 21:30:00,4,Ditolak,Lembur proyek 5
3385,42,2025-06-24,2025-06-24 17:30:00,2025-06-24 19:30:00,2,Disetujui,Lembur proyek 1
3386,44,2025-06-24,2025-06-24 17:30:00,2025-06-24 19:30:00,2,Ditolak,Lembur proyek 3
3387,7,2025-06-25,2025-06-25 17:30:00,2025-06-25 19:30:00,2,Disetujui,Lembur proyek 1
3388,10,2025-06-25,2025-06-25 17:30:00,2025-06-25 18:30:00,1,Ditolak,Lembur proyek 5
3389,27,2025-06-25,2025-06-25 17:30:00,2025-06-25 19:30:00,2,Disetujui,Lembur proyek 2
3390,33,2025-06-25,2025-06-25 17:30:00,2025-06-25 19:30:00,2,Ditolak,Lembur proyek 2
3391,35,2025-06-25,2025-06-25 17:30:00,2025-06-25 21:30:00,4,Ditolak,Lembur proyek 1
3392,49,2025-06-25,2025-06-25 17:30:00,2025-06-25 20:30:00,3,Ditolak,Lembur proyek 2
3393,10,2025-06-26,2025-06-26 17:30:00,2025-06-26 21:30:00,4,Disetujui,Lembur proyek 3
3394,11,2025-06-26,2025-06-26 17:30:00,2025-06-26 19:30:00,2,Disetujui,Lembur proyek 4
3395,22,2025-06-26,2025-06-26 17:30:00,2025-06-26 20:30:00,3,Disetujui,Lembur proyek 2
3396,24,2025-06-26,2025-06-26 17:30:00,2025-06-26 20:30:00,3,Disetujui,Lembur proyek 4
3397,27,2025-06-26,2025-06-26 17:30:00,2025-06-26 21:30:00,4,Disetujui,Lembur proyek 4
3398,30,2025-06-26,2025-06-26 17:30:00,2025-06-26 18:30:00,1,Ditolak,Lembur proyek 3
3399,35,2025-06-26,2025-06-26 17:30:00,2025-06-26 21:30:00,4,Ditolak,Lembur proyek 1
3400,37,2025-06-26,2025-06-26 17:30:00,2025-06-26 21:30:00,4,Ditolak,Lembur proyek 5
3401,38,2025-06-26,2025-06-26 17:30:00,2025-06-26 19:30:00,2,Ditolak,Lembur proyek 1
3402,47,2025-06-26,2025-06-26 17:30:00,2025-06-26 21:30:00,4,Ditolak,Lembur proyek 4
3403,48,2025-06-26,2025-06-26 17:30:00,2025-06-26 21:30:00,4,Ditolak,Lembur proyek 2
3404,49,2025-06-26,2025-06-26 17:30:00,2025-06-26 21:30:00,4,Disetujui,Lembur proyek 4
3405,3,2025-06-27,2025-06-27 17:30:00,2025-06-27 20:30:00,3,Ditolak,Lembur proyek 1
3406,7,2025-06-27,2025-06-27 17:30:00,2025-06-27 19:30:00,2,Ditolak,Lembur proyek 2
3407,11,2025-06-27,2025-06-27 17:30:00,2025-06-27 21:30:00,4,Disetujui,Lembur proyek 2
3408,16,2025-06-27,2025-06-27 17:30:00,2025-06-27 20:30:00,3,Ditolak,Lembur proyek 3
3409,17,2025-06-27,2025-06-27 17:30:00,2025-06-27 18:30:00,1,Ditolak,Lembur proyek 3
3410,21,2025-06-27,2025-06-27 17:30:00,2025-06-27 19:30:00,2,Disetujui,Lembur proyek 3
3411,29,2025-06-27,2025-06-27 17:30:00,2025-06-27 21:30:00,4,Disetujui,Lembur proyek 2
3412,30,2025-06-27,2025-06-27 17:30:00,2025-06-27 20:30:00,3,Ditolak,Lembur proyek 3
3413,40,2025-06-27,2025-06-27 17:30:00,2025-06-27 18:30:00,1,Ditolak,Lembur proyek 4
3414,44,2025-06-27,2025-06-27 17:30:00,2025-06-27 20:30:00,3,Disetujui,Lembur proyek 4
3415,9,2025-06-28,2025-06-28 17:30:00,2025-06-28 18:30:00,1,Ditolak,Lembur proyek 2
3416,18,2025-06-28,2025-06-28 17:30:00,2025-06-28 21:30:00,4,Ditolak,Lembur proyek 4
3417,25,2025-06-28,2025-06-28 17:30:00,2025-06-28 18:30:00,1,Disetujui,Lembur proyek 5
3418,28,2025-06-28,2025-06-28 17:30:00,2025-06-28 20:30:00,3,Ditolak,Lembur proyek 1
3419,32,2025-06-28,2025-06-28 17:30:00,2025-06-28 20:30:00,3,Disetujui,Lembur proyek 1
3420,39,2025-06-28,2025-06-28 17:30:00,2025-06-28 19:30:00,2,Disetujui,Lembur proyek 3
3421,42,2025-06-28,2025-06-28 17:30:00,2025-06-28 18:30:00,1,Ditolak,Lembur proyek 5
