lembur_id,karyawan_id,tanggal,jam_mulai,jam_selesai,durasi_jam,status_approval,keterangan
1,10,2024-07-01,2024-07-01 17:30:00,2024-07-01 21:30:00,4,Disetujui,Lembur proyek 2
2,11,2024-07-01,2024-07-01 17:30:00,2024-07-01 21:30:00,4,Disetujui,Lembur proyek 1
3,17,2024-07-01,2024-07-01 17:30:00,2024-07-01 21:30:00,4,Disetujui,Lembur proyek 2
4,22,2024-07-01,2024-07-01 17:30:00,2024-07-01 19:30:00,2,Ditolak,Lembur proyek 4
5,24,2024-07-01,2024-07-01 17:30:00,2024-07-01 18:30:00,1,Ditolak,Lembur proyek 1
6,32,2024-07-01,2024-07-01 17:30:00,2024-07-01 18:30:00,1,Disetujui,Lembur proyek 5
7,34,2024-07-01,2024-07-01 17:30:00,2024-07-01 18:30:00,1,Ditolak,Lembur proyek 3
8,38,2024-07-01,2024-07-01 17:30:00,2024-07-01 18:30:00,1,Ditolak,Lembur proyek 3
9,44,2024-07-01,2024-07-01 17:30:00,2024-07-01 19:30:00,2,Ditolak,Lembur proyek 5
10,2,2024-07-02,2024-07-02 17:30:00,2024-07-02 20:30:00,3,Ditolak,Lembur proyek 3
11,6,2024-07-02,2024-07-02 17:30:00,2024-07-02 19:30:00,2,Ditolak,Lembur proyek 3
12,17,2024-07-02,2024-07-02 17:30:00,2024-07-02 19:30:00,2,Ditolak,Lembur proyek 3
13,20,2024-07-02,2024-07-02 17:30:00,2024-07-02 20:30:00,3,Disetujui,Lembur proyek 3
14,21,2024-07-02,2024-07-02 17:30:00,2024-07-02 19:30:00,2,Disetujui,Lembur proyek 5
15,22,2024-07-02,2024-07-02 17:30:00,2024-07-02 19:30:00,2,Ditolak,Lembur proyek 2
16,23,2024-07-02,2024-07-02 17:30:00,2024-07-02 21:30:00,4,Disetujui,Lembur proyek 3
17,27,2024-07-02,2024-07-02 17:30:00,2024-07-02 19:30:00,2,Disetujui,Lembur proyek 5
18,31,2024-07-02,2024-07-02 17:30:00,2024-07-02 21:30:00,4,Disetujui,Lembur proyek 1
19,35,2024-07-02,2024-07-02 17:30:00,2024-07-02 21:30:00,4,Disetujui,Lembur proyek 4
20,39,2024-07-02,2024-07-02 17:30:00,2024-07-02 18:30:00,1,Ditolak,Lembur proyek 5
21,46,2024-07-02,2024-07-02 17:30:00,2024-07-02 18:30:00,1,Disetujui,Lembur proyek 2
22,48,2024-07-02,2024-07-02 17:30:00,2024-07-02 19:30:00,2,Disetujui,Lembur proyek 3
23,49,2024-07-02,2024-07-02 17:30:00,2024-07-02 18:30:00,1,Ditolak,Lembur proyek 1
24,2,2024-07-03,2024-07-03 17:30:00,2024-07-03 19:30:00,2,Disetujui,Lembur proyek 3
25,9,2024-07-03,2024-07-03 17:30:00,2024-07-03 20:30:00,3,Ditolak,Lembur proyek 2
26,12,2024-07-03,2024-07-03 17:30:00,2024-07-03 20:30:00,3,Ditolak,Lembur proyek 1
27,14,2024-07-03,2024-07-03 17:30:00,2024-07-03 20:30:00,3,Ditolak,Lembur proyek 5
28,17,2024-07-03,2024-07-03 17:30:00,2024-07-03 19:30:00,2,Disetujui,Lembur proyek 4
29,18,2024-07-03,2024-07-03 17:30:00,2024-07-03 21:30:00,4,Ditolak,Lembur proyek 4
30,19,2024-07-03,2024-07-03 17:30:00,2024-07-03 18:30:00,1,Ditolak,Lembur proyek 5
31,21,2024-07-03,2024-07-03 17:30:00,2024-07-03 18:30:00,1,Disetujui,Lembur proyek 5
32,23,2024-07-03,2024-07-03 17:30:00,2024-07-03 19:30:00,2,Disetujui,Lembur proyek 5
33,24,2024-07-03,2024-07-03 17:30:00,2024-07-03 21:30:00,4,Ditolak,Lembur proyek 4
34,30,2024-07-03,2024-07-03 17:30:00,2024-07-03 19:30:00,2,Ditolak,Lembur proyek 4
35,42,2024-07-03,2024-07-03 17:30:00,2024-07-03 21:30:00,4,Ditolak,Lembur proyek 3
36,44,2024-07-03,2024-07-03 17:30:00,2024-07-03 20:30:00,3,Ditolak,Lembur proyek 3
37,45,2024-07-03,2024-07-03 17:30:00,2024-07-03 21:30:00,4,Ditolak,Lembur proyek 3
38,47,2024-07-03,2024-07-03 17:30:00,2024-07-03 21:30:00,4,Ditolak,Lembur proyek 4
39,50,2024-07-03,2024-07-03 17:30:00,2024-07-03 18:30:00,1,Disetujui,Lembur proyek 4
40,8,2024-07-04,2024-07-04 17:30:00,2024-07-04 19:30:00,2,Disetujui,Lembur proyek 3
41,16,2024-07-04,2024-07-04 17:30:00,2024-07-04 21:30:00,4,Disetujui,Lembur proyek 4
42,18,2024-07-04,2024-07-04 17:30:00,2024-07-04 20:30:00,3,Ditolak,Lembur proyek 4
43,24,2024-07-04,2024-07-04 17:30:00,2024-07-04 19:30:00,2,Disetujui,Lembur proyek 1
44,33,2024-07-04,2024-07-04 17:30:00,2024-07-04 19:30:00,2,Disetujui,Lembur proyek 5
45,37,2024-07-04,2024-07-04 17:30:00,2024-07-04 21:30:00,4,Ditolak,Lembur proyek 5
46,42,2024-07-04,2024-07-04 17:30:00,2024-07-04 18:30:00,1,Ditolak,Lembur proyek 5
47,45,2024-07-04,2024-07-04 17:30:00,2024-07-04 18:30:00,1,Ditolak,Lembur proyek 2
48,5,2024-07-05,2024-07-05 17:30:00,2024-07-05 21:30:00,4,Disetujui,Lembur proyek 5
49,6,2024-07-05,2024-07-05 17:30:00,2024-07-05 20:30:00,3,Ditolak,Lembur proyek 4
50,13,2024-07-05,2024-07-05 17:30:00,2024-07-05 21:30:00,4,Disetujui,Lembur proyek 3
51,21,2024-07-05,2024-07-05 17:30:00,2024-07-05 21:30:00,4,Ditolak,Lembur proyek 2
52,31,2024-07-05,2024-07-05 17:30:00,2024-07-05 21:30:00,4,Ditolak,Lembur proyek 4
53,41,2024-07-05,2024-07-05 17:30:00,2024-07-05 19:30:00,2,Disetujui,Lembur proyek 4
54,42,2024-07-05,2024-07-05 17:30:00,2024-07-05 18:30:00,1,Disetujui,Lembur proyek 2
55,49,2024-07-05,2024-07-05 17:30:00,2024-07-05 21:30:00,4,Disetujui,Lembur proyek 1
56,2,2024-07-06,2024-07-06 17:30:00,2024-07-06 21:30:00,4,Ditolak,Lembur proyek 1
57,4,2024-07-06,2024-07-06 17:30:00,2024-07-06 20:30:00,3,Ditolak,Lembur proyek 3
58,6,2024-07-06,2024-07-06 17:30:00,2024-07-06 19:30:00,2,Disetujui,Lembur proyek 2
59,7,2024-07-06,2024-07-06 17:30:00,2024-07-06 20:30:00,3,Ditolak,Lembur proyek 5
60,23,2024-07-06,2024-07-06 17:30:00,2024-07-06 20:30:00,3,Disetujui,Lembur proyek 3
61,25,2024-07-06,2024-07-06 17:30:00,2024-07-06 18:30:00,1,Disetujui,Lembur proyek 5
62,30,2024-07-06,2024-07-06 17:30:00,2024-07-06 21:30:00,4,Ditolak,Lembur proyek 4
63,33,2024-07-06,2024-07-06 17:30:00,2024-07-06 19:30:00,2,Ditolak,Lembur proyek 1
64,37,2024-07-06,2024-07-06 17:30:00,2024-07-06 21:30:00,4,Ditolak,Lembur proyek 5
65,39,2024-07-06,2024-07-06 17:30:00,2024-07-06 19:30:00,2,Ditolak,Lembur proyek 1
66,45,2024-07-06,2024-07-06 17:30:00,2024-07-06 20:30:00,3,Disetujui,Lembur proyek 4
67,46,2024-07-06,2024-07-06 17:30:00,2024-07-06 19:30:00,2,Ditolak,Lembur proyek 4
68,50,2024-07-06,2024-07-06 17:30:00,2024-07-06 18:30:00,1,Disetujui,Lembur proyek 1
69,6,2024-07-07,2024-07-07 17:30:00,2024-07-07 20:30:00,3,Disetujui,Lembur proyek 5
70,12,2024-07-07,2024-07-07 17:30:00,2024-07-07 18:30:00,1,Ditolak,Lembur proyek 1
71,13,2024-07-07,2024-07-07 17:30:00,2024-07-07 18:30:00,1,Ditolak,Lembur proyek 2
72,16,2024-07-07,2024-07-07 17:30:00,2024-07-07 19:30:00,2,Ditolak,Lembur proyek 2
73,18,2024-07-07,2024-07-07 17:30:00,2024-07-07 19:30:00,2,Ditolak,Lembur proyek 3
74,23,2024-07-07,2024-07-07 17:30:00,2024-07-07 19:30:00,2,Ditolak,Lembur proyek 5
75,27,2024-07-07,2024-07-07 17:30:00,2024-07-07 19:30:00,2,Disetujui,Lembur proyek 1
76,29,2024-07-07,2024-07-07 17:30:00,2024-07-07 18:30:00,1,Disetujui,Lembur proyek 5
77,43,2024-07-07,2024-07-07 17:30:00,2024-07-07 19:30:00,2,Disetujui,Lembur proyek 2
78,44,2024-07-07,2024-07-07 17:30:00,2024-07-07 20:30:00,3,Disetujui,Lembur proyek 2
79,2,2024-07-08,2024-07-08 17:30:00,2024-07-08 19:30:00,2,Ditolak,Lembur proyek 3
80,7,2024-07-08,2024-07-08 17:30:00,2024-07-08 18:30:00,1,Ditolak,Lembur proyek 1
81,21,2024-07-08,2024-07-08 17:30:00,2024-07-08 21:30:00,4,Disetujui,Lembur proyek 4
82,29,2024-07-08,2024-07-08 17:30:00,2024-07-08 21:30:00,4,Disetujui,Lembur proyek 2
83,30,2024-07-08,2024-07-08 17:30:00,2024-07-08 19:30:00,2,Disetujui,Lembur proyek 2
84,31,2024-07-08,2024-07-08 17:30:00,2024-07-08 20:30:00,3,Disetujui,Lembur proyek 4
85,33,2024-07-08,2024-07-08 17:30:00,2024-07-08 19:30:00,2,Ditolak,Lembur proyek 5
86,38,2024-07-08,2024-07-08 17:30:00,2024-07-08 21:30:00,4,Ditolak,Lembur proyek 4
87,8,2024-07-09,2024-07-09 17:30:00,2024-07-09 19:30:00,2,Ditolak,Lembur proyek 3
88,10,2024-07-09,2024-07-09 17:30:00,2024-07-09 20:30:00,3,Ditolak,Lembur proyek 1
89,15,2024-07-09,2024-07-09 17:30:00,2024-07-09 20:30:00,3,Ditolak,Lembur proyek 2
90,26,2024-07-09,2024-07-09 17:30:00,2024-07-09 19:30:00,2,Disetujui,Lembur proyek 3
91,28,2024-07-09,2024-07-09 17:30:00,2024-07-09 21:30:00,4,Disetujui,Lembur proyek 3
92,31,2024-07-09,2024-07-09 17:30:00,2024-07-09 19:30:00,2,Ditolak,Lembur proyek 5
93,33,2024-07-09,2024-07-09 17:30:00,2024-07-09 21:30:00,4,Disetujui,Lembur proyek 3
94,37,2024-07-09,2024-07-09 17:30:00,2024-07-09 19:30:00,2,Disetujui,Lembur proyek 3
95,41,2024-07-09,2024-07-09 17:30:00,2024-07-09 18:30:00,1,Disetujui,Lembur proyek 1
96,44,2024-07-09,2024-07-09 17:30:00,2024-07-09 19:30:00,2,Disetujui,Lembur proyek 1
97,50,2024-07-09,2024-07-09 17:30:00,2024-07-09 20:30:00,3,Disetujui,Lembur proyek 2
98,7,2024-07-10,2024-07-10 17:30:00,2024-07-10 19:30:00,2,Disetujui,Lembur proyek 2
99,11,2024-07-10,2024-07-10 17:30:00,2024-07-10 19:30:00,2,Ditolak,Lembur proyek 5
100,14,2024-07-10,2024-07-10 17:30:00,2024-07-10 21:30:00,4,Disetujui,Lembur proyek 3
101,34,2024-07-10,2024-07-10 17:30:00,2024-07-10 20:30:00,3,Disetujui,Lembur proyek 3
102,37,2024-07-10,2024-07-10 17:30:00,2024-07-10 20:30:00,3,Disetujui,Lembur proyek 1
103,43,2024-07-10,2024-07-10 17:30:00,2024-07-10 21:30:00,4,Ditolak,Lembur proyek 1
104,50,2024-07-10,2024-07-10 17:30:00,2024-07-10 18:30:00,1,Ditolak,Lembur proyek 1
105,5,2024-07-11,2024-07-11 17:30:00,2024-07-11 21:30:00,4,Disetujui,Lembur proyek 4
106,19,2024-07-11,2024-07-11 17:30:00,2024-07-11 21:30:00,4,Ditolak,Lembur proyek 4
107,22,2024-07-11,2024-07-11 17:30:00,2024-07-11 19:30:00,2,Ditolak,Lembur proyek 5
108,23,2024-07-11,2024-07-11 17:30:00,2024-07-11 20:30:00,3,Ditolak,Lembur proyek 1
109,31,2024-07-11,2024-07-11 17:30:00,2024-07-11 18:30:00,1,Disetujui,Lembur proyek 3
110,47,2024-07-11,2024-07-11 17:30:00,2024-07-11 21:30:00,4,Disetujui,Lembur proyek 1
111,48,2024-07-11,2024-07-11 17:30:00,2024-07-11 20:30:00,3,Disetujui,Lembur proyek 5
112,3,2024-07-12,2024-07-12 17:30:00,2024-07-12 18:30:00,1,Disetujui,Lembur proyek 5
113,24,2024-07-12,2024-07-12 17:30:00,2024-07-12 18:30:00,1,Disetujui,Lembur proyek 5
114,26,2024-07-12,2024-07-12 17:30:00,2024-07-12 18:30:00,1,Disetujui,Lembur proyek 4
115,34,2024-07-12,2024-07-12 17:30:00,2024-07-12 20:30:00,3,Disetujui,Lembur proyek 5
116,41,2024-07-12,2024-07-12 17:30:00,2024-07-12 18:30:00,1,Ditolak,Lembur proyek 5
117,46,2024-07-12,2024-07-12 17:30:00,2024-07-12 18:30:00,1,Disetujui,Lembur proyek 3
118,2,2024-07-13,2024-07-13 17:30:00,2024-07-13 20:30:00,3,Disetujui,Lembur proyek 5
119,4,2024-07-13,2024-07-13 17:30:00,2024-07-13 18:30:00,1,Disetujui,Lembur proyek 4
120,11,2024-07-13,2024-07-13 17:30:00,2024-07-13 19:30:00,2,Disetujui,Lembur proyek 4
121,13,2024-07-13,2024-07-13 17:30:00,2024-07-13 19:30:00,2,Ditolak,Lembur proyek 4
122,16,2024-07-13,2024-07-13 17:30:00,2024-07-13 19:30:00,2,Disetujui,Lembur proyek 4
123,19,2024-07-13,2024-07-13 17:30:00,2024-07-13 18:30:00,1,Ditolak,Lembur proyek 3
124,28,2024-07-13,2024-07-13 17:30:00,2024-07-13 20:30:00,3,Disetujui,Lembur proyek 1
125,39,2024-07-13,2024-07-13 17:30:00,2024-07-13 21:30:00,4,Ditolak,Lembur proyek 3
126,43,2024-07-13,2024-07-13 17:30:00,2024-07-13 18:30:00,1,Disetujui,Lembur proyek 4
127,48,2024-07-13,2024-07-13 17:30:00,2024-07-13 21:30:00,4,Disetujui,Lembur proyek 2
128,2,2024-07-14,2024-07-14 17:30:00,2024-07-14 18:30:00,1,Ditolak,Lembur proyek 5
129,6,2024-07-14,2024-07-14 17:30:00,2024-07-14 19:30:00,2,Ditolak,Lembur proyek 3
130,7,2024-07-14,2024-07-14 17:30:00,2024-07-14 18:30:00,1,Disetujui,Lembur proyek 5
131,12,2024-07-14,2024-07-14 17:30:00,2024-07-14 18:30:00,1,Disetujui,Lembur proyek 4
132,13,2024-07-14,2024-07-14 17:30:00,2024-07-14 20:30:00,3,Ditolak,Lembur proyek 2
133,22,2024-07-14,2024-07-14 17:30:00,2024-07-14 21:30:00,4,Ditolak,Lembur proyek 3
134,26,2024-07-14,2024-07-14 17:30:00,2024-07-14 20:30:00,3,Ditolak,Lembur proyek 5
135,32,2024-07-14,2024-07-14 17:30:00,2024-07-14 18:30:00,1,Disetujui,Lembur proyek 3
136,34,2024-07-14,2024-07-14 17:30:00,2024-07-14 18:30:00,1,Ditolak,Lembur proyek 3
137,35,2024-07-14,2024-07-14 17:30:00,2024-07-14 20:30:00,3,Ditolak,Lembur proyek 5
138,38,2024-07-14,2024-07-14 17:30:00,2024-07-14 19:30:00,2,Disetujui,Lembur proyek 4
139,41,2024-07-14,2024-07-14 17:30:00,2024-07-14 21:30:00,4,Disetujui,Lembur proyek 5
140,42,2024-07-14,2024-07-14 17:30:00,2024-07-14 18:30:00,1,Ditolak,Lembur proyek 4
141,50,2024-07-14,2024-07-14 17:30:00,2024-07-14 18:30:00,1,Ditolak,Lembur proyek 4
142,4,2024-07-15,2024-07-15 17:30:00,2024-07-15 18:30:00,1,Disetujui,Lembur proyek 2
143,15,2024-07-15,2024-07-15 17:30:00,2024-07-15 19:30:00,2,Disetujui,Lembur proyek 4
144,20,2024-07-15,2024-07-15 17:30:00,2024-07-15 19:30:00,2,Ditolak,Lembur proyek 2
145,21,2024-07-15,2024-07-15 17:30:00,2024-07-15 18:30:00,1,Disetujui,Lembur proyek 4
146,22,2024-07-15,2024-07-15 17:30:00,2024-07-15 21:30:00,4,Disetujui,Lembur proyek 4
147,25,2024-07-15,2024-07-15 17:30:00,2024-07-15 19:30:00,2,Disetujui,Lembur proyek 4
148,29,2024-07-15,2024-07-15 17:30:00,2024-07-15 21:30:00,4,Disetujui,Lembur proyek 1
149,31,2024-07-15,2024-07-15 17:30:00,2024-07-15 19:30:00,2,Disetujui,Lembur proyek 2
150,33,2024-07-15,2024-07-15 17:30:00,2024-07-15 18:30:00,1,Disetujui,Lembur proyek 2
151,35,2024-07-15,2024-07-15 17:30:00,2024-07-15 19:30:00,2,Disetujui,Lembur proyek 3
152,36,2024-07-15,2024-07-15 17:30:00,2024-07-15 21:30:00,4,Ditolak,Lembur proyek 3
153,50,2024-07-15,2024-07-15 17:30:00,2024-07-15 21:30:00,4,Ditolak,Lembur proyek 2
154,4,2024-07-16,2024-07-16 17:30:00,2024-07-16 19:30:00,2,Disetujui,Lembur proyek 4
155,8,2024-07-16,2024-07-16 17:30:00,2024-07-16 21:30:00,4,Ditolak,Lembur proyek 3
156,9,2024-07-16,2024-07-16 17:30:00,2024-07-16 21:30:00,4,Disetujui,Lembur proyek 4
157,14,2024-07-16,2024-07-16 17:30:00,2024-07-16 19:30:00,2,Disetujui,Lembur proyek 4
158,21,2024-07-16,2024-07-16 17:30:00,2024-07-16 18:30:00,1,Ditolak,Lembur proyek 3
159,23,2024-07-16,2024-07-16 17:30:00,2024-07-16 18:30:00,1,Disetujui,Lembur proyek 3
160,27,2024-07-16,2024-07-16 17:30:00,2024-07-16 19:30:00,2,Ditolak,Lembur proyek 1
161,28,2024-07-16,2024-07-16 17:30:00,2024-07-16 18:30:00,1,Ditolak,Lembur proyek 5
162,32,2024-07-16,2024-07-16 17:30:00,2024-07-16 20:30:00,3,Ditolak,Lembur proyek 4
163,33,2024-07-16,2024-07-16 17:30:00,2024-07-16 21:30:00,4,Ditolak,Lembur proyek 2
164,36,2024-07-16,2024-07-16 17:30:00,2024-07-16 18:30:00,1,Ditolak,Lembur proyek 1
165,41,2024-07-16,2024-07-16 17:30:00,2024-07-16 20:30:00,3,Disetujui,Lembur proyek 4
166,44,2024-07-16,2024-07-16 17:30:00,2024-07-16 19:30:00,2,Disetujui,Lembur proyek 1
167,50,2024-07-16,2024-07-16 17:30:00,2024-07-16 18:30:00,1,Ditolak,Lembur proyek 4
168,2,2024-07-17,2024-07-17 17:30:00,2024-07-17 19:30:00,2,Ditolak,Lembur proyek 1
169,3,2024-07-17,2024-07-17 17:30:00,2024-07-17 21:30:00,4,Disetujui,Lembur proyek 1
170,6,2024-07-17,2024-07-17 17:30:00,2024-07-17 19:30:00,2,Ditolak,Lembur proyek 1
171,7,2024-07-17,2024-07-17 17:30:00,2024-07-17 19:30:00,2,Disetujui,Lembur proyek 4
172,8,2024-07-17,2024-07-17 17:30:00,2024-07-17 21:30:00,4,Ditolak,Lembur proyek 2
173,10,2024-07-17,2024-07-17 17:30:00,2024-07-17 18:30:00,1,Disetujui,Lembur proyek 4
174,11,2024-07-17,2024-07-17 17:30:00,2024-07-17 19:30:00,2,Disetujui,Lembur proyek 1
175,15,2024-07-17,2024-07-17 17:30:00,2024-07-17 20:30:00,3,Ditolak,Lembur proyek 1
176,21,2024-07-17,2024-07-17 17:30:00,2024-07-17 21:30:00,4,Ditolak,Lembur proyek 3
177,24,2024-07-17,2024-07-17 17:30:00,2024-07-17 20:30:00,3,Disetujui,Lembur proyek 4
178,30,2024-07-17,2024-07-17 17:30:00,2024-07-17 19:30:00,2,Disetujui,Lembur proyek 2
179,36,2024-07-17,2024-07-17 17:30:00,2024-07-17 21:30:00,4,Ditolak,Lembur proyek 5
180,37,2024-07-17,2024-07-17 17:30:00,2024-07-17 21:30:00,4,Ditolak,Lembur proyek 4
181,42,2024-07-17,2024-07-17 17:30:00,2024-07-17 19:30:00,2,Disetujui,Lembur proyek 3
182,2,2024-07-18,2024-07-18 17:30:00,2024-07-18 18:30:00,1,Disetujui,Lembur proyek 4
183,17,2024-07-18,2024-07-18 17:30:00,2024-07-18 20:30:00,3,Ditolak,Lembur proyek 5
184,38,2024-07-18,2024-07-18 17:30:00,2024-07-18 19:30:00,2,Ditolak,Lembur proyek 4
185,47,2024-07-18,2024-07-18 17:30:00,2024-07-18 19:30:00,2,Ditolak,Lembur proyek 5
186,49,2024-07-18,2024-07-18 17:30:00,2024-07-18 21:30:00,4,Disetujui,Lembur proyek 1
187,50,2024-07-18,2024-07-18 17:30:00,2024-07-18 21:30:00,4,Ditolak,Lembur proyek 2
188,13,2024-07-19,2024-07-19 17:30:00,2024-07-19 19:30:00,2,Disetujui,Lembur proyek 5
189,17,2024-07-19,2024-07-19 17:30:00,2024-07-19 19:30:00,2,Disetujui,Lembur proyek 5
190,18,2024-07-19,2024-07-19 17:30:00,2024-07-19 19:30:00,2,Ditolak,Lembur proyek 1
191,31,2024-07-19,2024-07-19 17:30:00,2024-07-19 20:30:00,3,Ditolak,Lembur proyek 4
192,34,2024-07-19,2024-07-19 17:30:00,2024-07-19 21:30:00,4,Disetujui,Lembur proyek 4
193,35,2024-07-19,2024-07-19 17:30:00,2024-07-19 19:30:00,2,Ditolak,Lembur proyek 2
194,36,2024-07-19,2024-07-19 17:30:00,2024-07-19 18:30:00,1,Ditolak,Lembur proyek 3
195,37,2024-07-19,2024-07-19 17:30:00,2024-07-19 21:30:00,4,Ditolak,Lembur proyek 1
196,39,2024-07-19,2024-07-19 17:30:00,2024-07-19 21:30:00,4,Ditolak,Lembur proyek 2
197,5,2024-07-20,2024-07-20 17:30:00,2024-07-20 20:30:00,3,Disetujui,Lembur proyek 2
198,7,2024-07-20,2024-07-20 17:30:00,2024-07-20 20:30:00,3,Disetujui,Lembur proyek 1
199,14,2024-07-20,2024-07-20 17:30:00,2024-07-20 19:30:00,2,Disetujui,Lembur proyek 2
200,16,2024-07-20,2024-07-20 17:30:00,2024-07-20 18:30:00,1,Ditolak,Lembur proyek 4
201,20,2024-07-20,2024-07-20 17:30:00,2024-07-20 21:30:00,4,Disetujui,Lembur proyek 5
202,26,2024-07-20,2024-07-20 17:30:00,2024-07-20 18:30:00,1,Ditolak,Lembur proyek 4
203,43,2024-07-20,2024-07-20 17:30:00,2024-07-20 21:30:00,4,Ditolak,Lembur proyek 4
204,7,2024-07-21,2024-07-21 17:30:00,2024-07-21 20:30:00,3,Ditolak,Lembur proyek 2
205,9,2024-07-21,2024-07-21 17:30:00,2024-07-21 20:30:00,3,Ditolak,Lembur proyek 2
206,12,2024-07-21,2024-07-21 17:30:00,2024-07-21 20:30:00,3,Ditolak,Lembur proyek 3
207,15,2024-07-21,2024-07-21 17:30:00,2024-07-21 20:30:00,3,Ditolak,Lembur proyek 1
208,26,2024-07-21,2024-07-21 17:30:00,2024-07-21 19:30:00,2,Ditolak,Lembur proyek 4
209,32,2024-07-21,2024-07-21 17:30:00,2024-07-21 19:30:00,2,Ditolak,Lembur proyek 3
210,33,2024-07-21,2024-07-21 17:30:00,2024-07-21 19:30:00,2,Disetujui,Lembur proyek 3
211,36,2024-07-21,2024-07-21 17:30:00,2024-07-21 18:30:00,1,Ditolak,Lembur proyek 1
212,39,2024-07-21,2024-07-21 17:30:00,2024-07-21 21:30:00,4,Disetujui,Lembur proyek 4
213,45,2024-07-21,2024-07-21 17:30:00,2024-07-21 20:30:00,3,Disetujui,Lembur proyek 2
214,49,2024-07-21,2024-07-21 17:30:00,2024-07-21 21:30:00,4,Disetujui,Lembur proyek 5
215,50,2024-07-21,2024-07-21 17:30:00,2024-07-21 21:30:00,4,Disetujui,Lembur proyek 1
216,1,2024-07-22,2024-07-22 17:30:00,2024-07-22 20:30:00,3,Disetujui,Lembur proyek 3
217,6,2024-07-22,2024-07-22 17:30:00,2024-07-22 20:30:00,3,Ditolak,Lembur proyek 5
218,11,2024-07-22,2024-07-22 17:30:00,2024-07-22 20:30:00,3,Disetujui,Lembur proyek 5
219,12,2024-07-22,2024-07-22 17:30:00,2024-07-22 21:30:00,4,Ditolak,Lembur proyek 5
220,14,2024-07-22,2024-07-22 17:30:00,2024-07-22 18:30:00,1,Ditolak,Lembur proyek 4
221,16,2024-07-22,2024-07-22 17:30:00,2024-07-22 19:30:00,2,Disetujui,Lembur proyek 2
222,25,2024-07-22,2024-07-22 17:30:00,2024-07-22 19:30:00,2,Disetujui,Lembur proyek 1
223,28,2024-07-22,2024-07-22 17:30:00,2024-07-22 20:30:00,3,Ditolak,Lembur proyek 5
224,32,2024-07-22,2024-07-22 17:30:00,2024-07-22 19:30:00,2,Ditolak,Lembur proyek 2
225,34,2024-07-22,2024-07-22 17:30:00,2024-07-22 21:30:00,4,Ditolak,Lembur proyek 4
226,39,2024-07-22,2024-07-22 17:30:00,2024-07-22 21:30:00,4,Ditolak,Lembur proyek 5
227,3,2024-07-23,2024-07-23 17:30:00,2024-07-23 20:30:00,3,Disetujui,Lembur proyek 4
228,17,2024-07-23,2024-07-23 17:30:00,2024-07-23 19:30:00,2,Disetujui,Lembur proyek 3
229,24,2024-07-23,2024-07-23 17:30:00,2024-07-23 21:30:00,4,Ditolak,Lembur proyek 4
230,27,2024-07-23,2024-07-23 17:30:00,2024-07-23 21:30:00,4,Ditolak,Lembur proyek 1
231,28,2024-07-23,2024-07-23 17:30:00,2024-07-23 20:30:00,3,Disetujui,Lembur proyek 2
232,36,2024-07-23,2024-07-23 17:30:00,2024-07-23 21:30:00,4,Disetujui,Lembur proyek 5
233,37,2024-07-23,2024-07-23 17:30:00,2024-07-23 21:30:00,4,Disetujui,Lembur proyek 5
234,49,2024-07-23,2024-07-23 17:30:00,2024-07-23 21:30:00,4,Disetujui,Lembur proyek 3
235,50,2024-07-23,2024-07-23 17:30:00,2024-07-23 20:30:00,3,Ditolak,Lembur proyek 4
236,3,2024-07-24,2024-07-24 17:30:00,2024-07-24 18:30:00,1,Ditolak,Lembur proyek 2
237,13,2024-07-24,2024-07-24 17:30:00,2024-07-24 19:30:00,2,Disetujui,Lembur proyek 3
238,19,2024-07-24,2024-07-24 17:30:00,2024-07-24 19:30:00,2,Disetujui,Lembur proyek 2
239,20,2024-07-24,2024-07-24 17:30:00,2024-07-24 20:30:00,3,Ditolak,Lembur proyek 5
240,22,2024-07-24,2024-07-24 17:30:00,2024-07-24 20:30:00,3,Ditolak,Lembur proyek 1
241,23,2024-07-24,2024-07-24 17:30:00,2024-07-24 19:30:00,2,Ditolak,Lembur proyek 5
242,28,2024-07-24,2024-07-24 17:30:00,2024-07-24 20:30:00,3,Ditolak,Lembur proyek 1
243,32,2024-07-24,2024-07-24 17:30:00,2024-07-24 18:30:00,1,Ditolak,Lembur proyek 3
244,40,2024-07-24,2024-07-24 17:30:00,2024-07-24 21:30:00,4,Disetujui,Lembur proyek 5
245,42,2024-07-24,2024-07-24 17:30:00,2024-07-24 19:30:00,2,Disetujui,Lembur proyek 1
246,43,2024-07-24,2024-07-24 17:30:00,2024-07-24 18:30:00,1,Disetujui,Lembur proyek 2
247,15,2024-07-25,2024-07-25 17:30:00,2024-07-25 19:30:00,2,Disetujui,Lembur proyek 2
248,33,2024-07-25,2024-07-25 17:30:00,2024-07-25 19:30:00,2,Disetujui,Lembur proyek 2
249,38,2024-07-25,2024-07-25 17:30:00,2024-07-25 21:30:00,4,Disetujui,Lembur proyek 5
250,46,2024-07-25,2024-07-25 17:30:00,2024-07-25 18:30:00,1,Disetujui,Lembur proyek 2
251,50,2024-07-25,2024-07-25 17:30:00,2024-07-25 19:30:00,2,Disetujui,Lembur proyek 3
252,16,2024-07-26,2024-07-26 17:30:00,2024-07-26 20:30:00,3,Ditolak,Lembur proyek 2
253,20,2024-07-26,2024-07-26 17:30:00,2024-07-26 18:30:00,1,Disetujui,Lembur proyek 4
254,21,2024-07-26,2024-07-26 17:30:00,2024-07-26 19:30:00,2,Disetujui,Lembur proyek 1
255,23,2024-07-26,2024-07-26 17:30:00,2024-07-26 18:30:00,1,Ditolak,Lembur proyek 1
256,24,2024-07-26,2024-07-26 17:30:00,2024-07-26 19:30:00,2,Disetujui,Lembur proyek 4
257,26,2024-07-26,2024-07-26 17:30:00,2024-07-26 21:30:00,4,Ditolak,Lembur proyek 3
258,27,2024-07-26,2024-07-26 17:30:00,2024-07-26 20:30:00,3,Ditolak,Lembur proyek 4
259,28,2024-07-26,2024-07-26 17:30:00,2024-07-26 20:30:00,3,Ditolak,Lembur proyek 2
260,38,2024-07-26,2024-07-26 17:30:00,2024-07-26 20:30:00,3,Disetujui,Lembur proyek 3
261,44,2024-07-26,2024-07-26 17:30:00,2024-07-26 19:30:00,2,Ditolak,Lembur proyek 5
262,47,2024-07-26,2024-07-26 17:30:00,2024-07-26 21:30:00,4,Ditolak,Lembur proyek 2
263,7,2024-07-27,2024-07-27 17:30:00,2024-07-27 19:30:00,2,Ditolak,Lembur proyek 2
264,11,2024-07-27,2024-07-27 17:30:00,2024-07-27 18:30:00,1,Disetujui,Lembur proyek 1
265,20,2024-07-27,2024-07-27 17:30:00,2024-07-27 21:30:00,4,Ditolak,Lembur proyek 3
266,25,2024-07-27,2024-07-27 17:30:00,2024-07-27 21:30:00,4,Disetujui,Lembur proyek 4
267,28,2024-07-27,2024-07-27 17:30:00,2024-07-27 18:30:00,1,Disetujui,Lembur proyek 1
268,29,2024-07-27,2024-07-27 17:30:00,2024-07-27 20:30:00,3,Disetujui,Lembur proyek 2
269,32,2024-07-27,2024-07-27 17:30:00,2024-07-27 18:30:00,1,Disetujui,Lembur proyek 2
270,34,2024-07-27,2024-07-27 17:30:00,2024-07-27 21:30:00,4,Disetujui,Lembur proyek 3
271,38,2024-07-27,2024-07-27 17:30:00,2024-07-27 19:30:00,2,Disetujui,Lembur proyek 2
272,40,2024-07-27,2024-07-27 17:30:00,2024-07-27 18:30:00,1,Disetujui,Lembur proyek 3
273,43,2024-07-27,2024-07-27 17:30:00,2024-07-27 21:30:00,4,Disetujui,Lembur proyek 1
274,50,2024-07-27,2024-07-27 17:30:00,2024-07-27 18:30:00,1,Ditolak,Lembur proyek 3
275,2,2024-07-28,2024-07-28 17:30:00,2024-07-28 21:30:00,4,Disetujui,Lembur proyek 2
276,6,2024-07-28,2024-07-28 17:30:00,2024-07-28 18:30:00,1,Disetujui,Lembur proyek 5
277,8,2024-07-28,2024-07-28 17:30:00,2024-07-28 21:30:00,4,Disetujui,Lembur proyek 5
278,28,2024-07-28,2024-07-28 17:30:00,2024-07-28 21:30:00,4,Ditolak,Lembur proyek 3
279,29,2024-07-28,2024-07-28 17:30:00,2024-07-28 18:30:00,1,Disetujui,Lembur proyek 5
280,35,2024-07-28,2024-07-28 17:30:00,2024-07-28 20:30:00,3,Ditolak,Lembur proyek 4
281,38,2024-07-28,2024-07-28 17:30:00,2024-07-28 18:30:00,1,Ditolak,Lembur proyek 2
282,41,2024-07-28,2024-07-28 17:30:00,2024-07-28 18:30:00,1,Disetujui,Lembur proyek 2
283,44,2024-07-28,2024-07-28 17:30:00,2024-07-28 19:30:00,2,Ditolak,Lembur proyek 3
284,47,2024-07-28,2024-07-28 17:30:00,2024-07-28 19:30:00,2,Ditolak,Lembur proyek 2
285,49,2024-07-28,2024-07-28 17:30:00,2024-07-28 20:30:00,3,Disetujui,Lembur proyek 3
286,2,2024-08-01,2024-08-01 17:30:00,2024-08-01 19:30:00,2,Disetujui,Lembur proyek 4
287,14,2024-08-01,2024-08-01 17:30:00,2024-08-01 21:30:00,4,Ditolak,Lembur proyek 4
288,22,2024-08-01,2024-08-01 17:30:00,2024-08-01 21:30:00,4,Disetujui,Lembur proyek 4
289,34,2024-08-01,2024-08-01 17:30:00,2024-08-01 18:30:00,1,Disetujui,Lembur proyek 1
290,40,2024-08-01,2024-08-01 17:30:00,2024-08-01 18:30:00,1,Disetujui,Lembur proyek 4
291,47,2024-08-01,2024-08-01 17:30:00,2024-08-01 19:30:00,2,Ditolak,Lembur proyek 1
292,4,2024-08-02,2024-08-02 17:30:00,2024-08-02 20:30:00,3,Ditolak,Lembur proyek 3
293,7,2024-08-02,2024-08-02 17:30:00,2024-08-02 20:30:00,3,Ditolak,Lembur proyek 2
294,9,2024-08-02,2024-08-02 17:30:00,2024-08-02 19:30:00,2,Ditolak,Lembur proyek 3
295,11,2024-08-02,2024-08-02 17:30:00,2024-08-02 21:30:00,4,Disetujui,Lembur proyek 4
296,19,2024-08-02,2024-08-02 17:30:00,2024-08-02 21:30:00,4,Disetujui,Lembur proyek 2
297,29,2024-08-02,2024-08-02 17:30:00,2024-08-02 19:30:00,2,Disetujui,Lembur proyek 5
298,31,2024-08-02,2024-08-02 17:30:00,2024-08-02 21:30:00,4,Disetujui,Lembur proyek 5
299,35,2024-08-02,2024-08-02 17:30:00,2024-08-02 19:30:00,2,Ditolak,Lembur proyek 2
300,37,2024-08-02,2024-08-02 17:30:00,2024-08-02 18:30:00,1,Ditolak,Lembur proyek 4
301,40,2024-08-02,2024-08-02 17:30:00,2024-08-02 21:30:00,4,Disetujui,Lembur proyek 2
302,49,2024-08-02,2024-08-02 17:30:00,2024-08-02 20:30:00,3,Disetujui,Lembur proyek 4
303,3,2024-08-03,2024-08-03 17:30:00,2024-08-03 20:30:00,3,Disetujui,Lembur proyek 1
304,4,2024-08-03,2024-08-03 17:30:00,2024-08-03 20:30:00,3,Disetujui,Lembur proyek 1
305,8,2024-08-03,2024-08-03 17:30:00,2024-08-03 19:30:00,2,Disetujui,Lembur proyek 2
306,10,2024-08-03,2024-08-03 17:30:00,2024-08-03 21:30:00,4,Ditolak,Lembur proyek 4
307,11,2024-08-03,2024-08-03 17:30:00,2024-08-03 21:30:00,4,Disetujui,Lembur proyek 1
308,18,2024-08-03,2024-08-03 17:30:00,2024-08-03 21:30:00,4,Ditolak,Lembur proyek 1
309,21,2024-08-03,2024-08-03 17:30:00,2024-08-03 20:30:00,3,Disetujui,Lembur proyek 3
310,27,2024-08-03,2024-08-03 17:30:00,2024-08-03 18:30:00,1,Ditolak,Lembur proyek 3
311,31,2024-08-03,2024-08-03 17:30:00,2024-08-03 21:30:00,4,Ditolak,Lembur proyek 2
312,34,2024-08-03,2024-08-03 17:30:00,2024-08-03 20:30:00,3,Disetujui,Lembur proyek 3
313,35,2024-08-03,2024-08-03 17:30:00,2024-08-03 20:30:00,3,Ditolak,Lembur proyek 5
314,36,2024-08-03,2024-08-03 17:30:00,2024-08-03 20:30:00,3,Disetujui,Lembur proyek 1
315,39,2024-08-03,2024-08-03 17:30:00,2024-08-03 21:30:00,4,Ditolak,Lembur proyek 2
316,41,2024-08-03,2024-08-03 17:30:00,2024-08-03 20:30:00,3,Ditolak,Lembur proyek 3
317,43,2024-08-03,2024-08-03 17:30:00,2024-08-03 20:30:00,3,Disetujui,Lembur proyek 1
318,45,2024-08-03,2024-08-03 17:30:00,2024-08-03 19:30:00,2,Ditolak,Lembur proyek 2
319,47,2024-08-03,2024-08-03 17:30:00,2024-08-03 20:30:00,3,Ditolak,Lembur proyek 1
320,11,2024-08-04,2024-08-04 17:30:00,2024-08-04 20:30:00,3,Disetujui,Lembur proyek 4
321,17,2024-08-04,2024-08-04 17:30:00,2024-08-04 18:30:00,1,Disetujui,Lembur proyek 4
322,21,2024-08-04,2024-08-04 17:30:00,2024-08-04 18:30:00,1,Ditolak,Lembur proyek 4
323,32,2024-08-04,2024-08-04 17:30:00,2024-08-04 20:30:00,3,Ditolak,Lembur proyek 3
324,34,2024-08-04,2024-08-04 17:30:00,2024-08-04 20:30:00,3,Ditolak,Lembur proyek 1
325,35,2024-08-04,2024-08-04 17:30:00,2024-08-04 20:30:00,3,Disetujui,Lembur proyek 2
326,37,2024-08-04,2024-08-04 17:30:00,2024-08-04 21:30:00,4,Disetujui,Lembur proyek 2
327,40,2024-08-04,2024-08-04 17:30:00,2024-08-04 18:30:00,1,Disetujui,Lembur proyek 4
328,42,2024-08-04,2024-08-04 17:30:00,2024-08-04 21:30:00,4,Disetujui,Lembur proyek 4
329,44,2024-08-04,2024-08-04 17:30:00,2024-08-04 18:30:00,1,Ditolak,Lembur proyek 5
330,46,2024-08-04,2024-08-04 17:30:00,2024-08-04 21:30:00,4,Disetujui,Lembur proyek 3
331,4,2024-08-05,2024-08-05 17:30:00,2024-08-05 18:30:00,1,Ditolak,Lembur proyek 3
332,6,2024-08-05,2024-08-05 17:30:00,2024-08-05 18:30:00,1,Ditolak,Lembur proyek 4
333,8,2024-08-05,2024-08-05 17:30:00,2024-08-05 18:30:00,1,Disetujui,Lembur proyek 4
334,15,2024-08-05,2024-08-05 17:30:00,2024-08-05 19:30:00,2,Ditolak,Lembur proyek 5
335,27,2024-08-05,2024-08-05 17:30:00,2024-08-05 21:30:00,4,Ditolak,Lembur proyek 3
336,2,2024-08-06,2024-08-06 17:30:00,2024-08-06 21:30:00,4,Ditolak,Lembur proyek 3
337,4,2024-08-06,2024-08-06 17:30:00,2024-08-06 20:30:00,3,Ditolak,Lembur proyek 3
338,7,2024-08-06,2024-08-06 17:30:00,2024-08-06 20:30:00,3,Ditolak,Lembur proyek 2
339,9,2024-08-06,2024-08-06 17:30:00,2024-08-06 18:30:00,1,Disetujui,Lembur proyek 3
340,11,2024-08-06,2024-08-06 17:30:00,2024-08-06 19:30:00,2,Disetujui,Lembur proyek 1
341,18,2024-08-06,2024-08-06 17:30:00,2024-08-06 21:30:00,4,Disetujui,Lembur proyek 4
342,19,2024-08-06,2024-08-06 17:30:00,2024-08-06 21:30:00,4,Ditolak,Lembur proyek 5
343,21,2024-08-06,2024-08-06 17:30:00,2024-08-06 19:30:00,2,Ditolak,Lembur proyek 3
344,23,2024-08-06,2024-08-06 17:30:00,2024-08-06 19:30:00,2,Disetujui,Lembur proyek 2
345,33,2024-08-06,2024-08-06 17:30:00,2024-08-06 19:30:00,2,Disetujui,Lembur proyek 4
346,38,2024-08-06,2024-08-06 17:30:00,2024-08-06 18:30:00,1,Disetujui,Lembur proyek 5
347,5,2024-08-07,2024-08-07 17:30:00,2024-08-07 18:30:00,1,Ditolak,Lembur proyek 2
348,6,2024-08-07,2024-08-07 17:30:00,2024-08-07 21:30:00,4,Ditolak,Lembur proyek 3
349,8,2024-08-07,2024-08-07 17:30:00,2024-08-07 20:30:00,3,Disetujui,Lembur proyek 3
350,12,2024-08-07,2024-08-07 17:30:00,2024-08-07 18:30:00,1,Ditolak,Lembur proyek 2
351,15,2024-08-07,2024-08-07 17:30:00,2024-08-07 19:30:00,2,Ditolak,Lembur proyek 1
352,16,2024-08-07,2024-08-07 17:30:00,2024-08-07 21:30:00,4,Ditolak,Lembur proyek 4
353,17,2024-08-07,2024-08-07 17:30:00,2024-08-07 21:30:00,4,Disetujui,Lembur proyek 3
354,29,2024-08-07,2024-08-07 17:30:00,2024-08-07 20:30:00,3,Ditolak,Lembur proyek 4
355,32,2024-08-07,2024-08-07 17:30:00,2024-08-07 21:30:00,4,Ditolak,Lembur proyek 5
356,37,2024-08-07,2024-08-07 17:30:00,2024-08-07 19:30:00,2,Disetujui,Lembur proyek 2
357,38,2024-08-07,2024-08-07 17:30:00,2024-08-07 19:30:00,2,Disetujui,Lembur proyek 3
358,39,2024-08-07,2024-08-07 17:30:00,2024-08-07 19:30:00,2,Ditolak,Lembur proyek 5
359,42,2024-08-07,2024-08-07 17:30:00,2024-08-07 20:30:00,3,Disetujui,Lembur proyek 1
360,43,2024-08-07,2024-08-07 17:30:00,2024-08-07 19:30:00,2,Ditolak,Lembur proyek 3
361,2,2024-08-08,2024-08-08 17:30:00,2024-08-08 19:30:00,2,Ditolak,Lembur proyek 2
362,3,2024-08-08,2024-08-08 17:30:00,2024-08-08 19:30:00,2,Ditolak,Lembur proyek 5
363,8,2024-08-08,2024-08-08 17:30:00,2024-08-08 21:30:00,4,Disetujui,Lembur proyek 3
364,18,2024-08-08,2024-08-08 17:30:00,2024-08-08 20:30:00,3,Disetujui,Lembur proyek 3
365,20,2024-08-08,2024-08-08 17:30:00,2024-08-08 20:30:00,3,Disetujui,Lembur proyek 1
366,27,2024-08-08,2024-08-08 17:30:00,2024-08-08 20:30:00,3,Ditolak,Lembur proyek 3
367,41,2024-08-08,2024-08-08 17:30:00,2024-08-08 21:30:00,4,Disetujui,Lembur proyek 3
368,42,2024-08-08,2024-08-08 17:30:00,2024-08-08 18:30:00,1,Disetujui,Lembur proyek 1
369,43,2024-08-08,2024-08-08 17:30:00,2024-08-08 18:30:00,1,Disetujui,Lembur proyek 3
370,4,2024-08-09,2024-08-09 17:30:00,2024-08-09 21:30:00,4,Ditolak,Lembur proyek 2
371,7,2024-08-09,2024-08-09 17:30:00,2024-08-09 20:30:00,3,Ditolak,Lembur proyek 3
372,8,2024-08-09,2024-08-09 17:30:00,2024-08-09 21:30:00,4,Disetujui,Lembur proyek 1
373,10,2024-08-09,2024-08-09 17:30:00,2024-08-09 21:30:00,4,Disetujui,Lembur proyek 5
374,14,2024-08-09,2024-08-09 17:30:00,2024-08-09 21:30:00,4,Disetujui,Lembur proyek 4
375,15,2024-08-09,2024-08-09 17:30:00,2024-08-09 21:30:00,4,Ditolak,Lembur proyek 5
376,20,2024-08-09,2024-08-09 17:30:00,2024-08-09 19:30:00,2,Ditolak,Lembur proyek 1
377,32,2024-08-09,2024-08-09 17:30:00,2024-08-09 19:30:00,2,Ditolak,Lembur proyek 3
378,35,2024-08-09,2024-08-09 17:30:00,2024-08-09 20:30:00,3,Disetujui,Lembur proyek 5
379,40,2024-08-09,2024-08-09 17:30:00,2024-08-09 20:30:00,3,Disetujui,Lembur proyek 4
380,41,2024-08-09,2024-08-09 17:30:00,2024-08-09 19:30:00,2,Ditolak,Lembur proyek 5
381,46,2024-08-09,2024-08-09 17:30:00,2024-08-09 19:30:00,2,Disetujui,Lembur proyek 1
382,48,2024-08-09,2024-08-09 17:30:00,2024-08-09 20:30:00,3,Ditolak,Lembur proyek 4
383,4,2024-08-10,2024-08-10 17:30:00,2024-08-10 20:30:00,3,Disetujui,Lembur proyek 5
384,9,2024-08-10,2024-08-10 17:30:00,2024-08-10 18:30:00,1,Disetujui,Lembur proyek 3
385,17,2024-08-10,2024-08-10 17:30:00,2024-08-10 19:30:00,2,Ditolak,Lembur proyek 1
386,19,2024-08-10,2024-08-10 17:30:00,2024-08-10 18:30:00,1,Disetujui,Lembur proyek 5
387,20,2024-08-10,2024-08-10 17:30:00,2024-08-10 21:30:00,4,Ditolak,Lembur proyek 5
388,26,2024-08-10,2024-08-10 17:30:00,2024-08-10 21:30:00,4,Ditolak,Lembur proyek 5
389,30,2024-08-10,2024-08-10 17:30:00,2024-08-10 20:30:00,3,Ditolak,Lembur proyek 2
390,36,2024-08-10,2024-08-10 17:30:00,2024-08-10 19:30:00,2,Ditolak,Lembur proyek 4
391,39,2024-08-10,2024-08-10 17:30:00,2024-08-10 19:30:00,2,Disetujui,Lembur proyek 4
392,42,2024-08-10,2024-08-10 17:30:00,2024-08-10 19:30:00,2,Disetujui,Lembur proyek 5
393,44,2024-08-10,2024-08-10 17:30:00,2024-08-10 21:30:00,4,Disetujui,Lembur proyek 3
394,47,2024-08-10,2024-08-10 17:30:00,2024-08-10 19:30:00,2,Ditolak,Lembur proyek 4
395,48,2024-08-10,2024-08-10 17:30:00,2024-08-10 21:30:00,4,Disetujui,Lembur proyek 1
396,19,2024-08-11,2024-08-11 17:30:00,2024-08-11 20:30:00,3,Ditolak,Lembur proyek 5
397,21,2024-08-11,2024-08-11 17:30:00,2024-08-11 21:30:00,4,Ditolak,Lembur proyek 3
398,22,2024-08-11,2024-08-11 17:30:00,2024-08-11 21:30:00,4,Disetujui,Lembur proyek 3
399,24,2024-08-11,2024-08-11 17:30:00,2024-08-11 21:30:00,4,Disetujui,Lembur proyek 1
400,28,2024-08-11,2024-08-11 17:30:00,2024-08-11 18:30:00,1,Ditolak,Lembur proyek 3
401,32,2024-08-11,2024-08-11 17:30:00,2024-08-11 19:30:00,2,Ditolak,Lembur proyek 5
402,39,2024-08-11,2024-08-11 17:30:00,2024-08-11 20:30:00,3,Ditolak,Lembur proyek 3
403,40,2024-08-11,2024-08-11 17:30:00,2024-08-11 18:30:00,1,Ditolak,Lembur proyek 3
404,41,2024-08-11,2024-08-11 17:30:00,2024-08-11 18:30:00,1,Ditolak,Lembur proyek 5
405,42,2024-08-11,2024-08-11 17:30:00,2024-08-11 18:30:00,1,Disetujui,Lembur proyek 3
406,48,2024-08-11,2024-08-11 17:30:00,2024-08-11 21:30:00,4,Disetujui,Lembur proyek 1
407,50,2024-08-11,2024-08-11 17:30:00,2024-08-11 19:30:00,2,Disetujui,Lembur proyek 3
408,3,2024-08-12,2024-08-12 17:30:00,2024-08-12 19:30:00,2,Disetujui,Lembur proyek 4
409,6,2024-08-12,2024-08-12 17:30:00,2024-08-12 18:30:00,1,Ditolak,Lembur proyek 5
410,13,2024-08-12,2024-08-12 17:30:00,2024-08-12 19:30:00,2,Disetujui,Lembur proyek 5
411,14,2024-08-12,2024-08-12 17:30:00,2024-08-12 20:30:00,3,Ditolak,Lembur proyek 1
412,21,2024-08-12,2024-08-12 17:30:00,2024-08-12 21:30:00,4,Disetujui,Lembur proyek 2
413,26,2024-08-12,2024-08-12 17:30:00,2024-08-12 19:30:00,2,Disetujui,Lembur proyek 2
414,27,2024-08-12,2024-08-12 17:30:00,2024-08-12 18:30:00,1,Ditolak,Lembur proyek 4
415,29,2024-08-12,2024-08-12 17:30:00,2024-08-12 19:30:00,2,Disetujui,Lembur proyek 4
416,31,2024-08-12,2024-08-12 17:30:00,2024-08-12 18:30:00,1,Ditolak,Lembur proyek 4
417,33,2024-08-12,2024-08-12 17:30:00,2024-08-12 18:30:00,1,Ditolak,Lembur proyek 4
418,34,2024-08-12,2024-08-12 17:30:00,2024-08-12 18:30:00,1,Ditolak,Lembur proyek 5
419,35,2024-08-12,2024-08-12 17:30:00,2024-08-12 19:30:00,2,Ditolak,Lembur proyek 1
420,42,2024-08-12,2024-08-12 17:30:00,2024-08-12 19:30:00,2,Ditolak,Lembur proyek 3
421,43,2024-08-12,2024-08-12 17:30:00,2024-08-12 18:30:00,1,Ditolak,Lembur proyek 2
422,47,2024-08-12,2024-08-12 17:30:00,2024-08-12 18:30:00,1,Ditolak,Lembur proyek 3
423,50,2024-08-12,2024-08-12 17:30:00,2024-08-12 20:30:00,3,Ditolak,Lembur proyek 1
424,2,2024-08-13,2024-08-13 17:30:00,2024-08-13 21:30:00,4,Disetujui,Lembur proyek 5
425,9,2024-08-13,2024-08-13 17:30:00,2024-08-13 19:30:00,2,Ditolak,Lembur proyek 5
426,12,2024-08-13,2024-08-13 17:30:00,2024-08-13 18:30:00,1,Ditolak,Lembur proyek 5
427,13,2024-08-13,2024-08-13 17:30:00,2024-08-13 20:30:00,3,Ditolak,Lembur proyek 3
428,22,2024-08-13,2024-08-13 17:30:00,2024-08-13 21:30:00,4,Ditolak,Lembur proyek 4
429,29,2024-08-13,2024-08-13 17:30:00,2024-08-13 20:30:00,3,Disetujui,Lembur proyek 5
430,1,2024-08-14,2024-08-14 17:30:00,2024-08-14 21:30:00,4,Disetujui,Lembur proyek 3
431,4,2024-08-14,2024-08-14 17:30:00,2024-08-14 19:30:00,2,Ditolak,Lembur proyek 5
432,8,2024-08-14,2024-08-14 17:30:00,2024-08-14 19:30:00,2,Disetujui,Lembur proyek 2
433,9,2024-08-14,2024-08-14 17:30:00,2024-08-14 19:30:00,2,Ditolak,Lembur proyek 1
434,11,2024-08-14,2024-08-14 17:30:00,2024-08-14 21:30:00,4,Ditolak,Lembur proyek 3
435,17,2024-08-14,2024-08-14 17:30:00,2024-08-14 19:30:00,2,Ditolak,Lembur proyek 1
436,19,2024-08-14,2024-08-14 17:30:00,2024-08-14 21:30:00,4,Ditolak,Lembur proyek 2
437,22,2024-08-14,2024-08-14 17:30:00,2024-08-14 19:30:00,2,Disetujui,Lembur proyek 1
438,28,2024-08-14,2024-08-14 17:30:00,2024-08-14 18:30:00,1,Disetujui,Lembur proyek 2
439,36,2024-08-14,2024-08-14 17:30:00,2024-08-14 18:30:00,1,Disetujui,Lembur proyek 1
440,45,2024-08-14,2024-08-14 17:30:00,2024-08-14 21:30:00,4,Ditolak,Lembur proyek 5
441,49,2024-08-14,2024-08-14 17:30:00,2024-08-14 18:30:00,1,Disetujui,Lembur proyek 3
442,7,2024-08-15,2024-08-15 17:30:00,2024-08-15 20:30:00,3,Disetujui,Lembur proyek 5
443,13,2024-08-15,2024-08-15 17:30:00,2024-08-15 21:30:00,4,Disetujui,Lembur proyek 2
444,14,2024-08-15,2024-08-15 17:30:00,2024-08-15 19:30:00,2,Disetujui,Lembur proyek 5
445,24,2024-08-15,2024-08-15 17:30:00,2024-08-15 18:30:00,1,Disetujui,Lembur proyek 3
446,25,2024-08-15,2024-08-15 17:30:00,2024-08-15 21:30:00,4,Ditolak,Lembur proyek 3
447,26,2024-08-15,2024-08-15 17:30:00,2024-08-15 21:30:00,4,Ditolak,Lembur proyek 1
448,27,2024-08-15,2024-08-15 17:30:00,2024-08-15 21:30:00,4,Ditolak,Lembur proyek 3
449,28,2024-08-15,2024-08-15 17:30:00,2024-08-15 18:30:00,1,Ditolak,Lembur proyek 3
450,29,2024-08-15,2024-08-15 17:30:00,2024-08-15 20:30:00,3,Disetujui,Lembur proyek 2
451,38,2024-08-15,2024-08-15 17:30:00,2024-08-15 18:30:00,1,Ditolak,Lembur proyek 5
452,41,2024-08-15,2024-08-15 17:30:00,2024-08-15 18:30:00,1,Ditolak,Lembur proyek 4
453,1,2024-08-16,2024-08-16 17:30:00,2024-08-16 19:30:00,2,Disetujui,Lembur proyek 3
454,12,2024-08-16,2024-08-16 17:30:00,2024-08-16 18:30:00,1,Ditolak,Lembur proyek 5
455,20,2024-08-16,2024-08-16 17:30:00,2024-08-16 18:30:00,1,Disetujui,Lembur proyek 4
456,25,2024-08-16,2024-08-16 17:30:00,2024-08-16 21:30:00,4,Ditolak,Lembur proyek 5
457,26,2024-08-16,2024-08-16 17:30:00,2024-08-16 19:30:00,2,Disetujui,Lembur proyek 1
458,29,2024-08-16,2024-08-16 17:30:00,2024-08-16 21:30:00,4,Ditolak,Lembur proyek 3
459,30,2024-08-16,2024-08-16 17:30:00,2024-08-16 19:30:00,2,Ditolak,Lembur proyek 5
460,32,2024-08-16,2024-08-16 17:30:00,2024-08-16 18:30:00,1,Ditolak,Lembur proyek 1
461,38,2024-08-16,2024-08-16 17:30:00,2024-08-16 18:30:00,1,Ditolak,Lembur proyek 3
462,41,2024-08-16,2024-08-16 17:30:00,2024-08-16 20:30:00,3,Ditolak,Lembur proyek 1
463,42,2024-08-16,2024-08-16 17:30:00,2024-08-16 21:30:00,4,Ditolak,Lembur proyek 2
464,49,2024-08-16,2024-08-16 17:30:00,2024-08-16 19:30:00,2,Ditolak,Lembur proyek 5
465,9,2024-08-17,2024-08-17 17:30:00,2024-08-17 18:30:00,1,Disetujui,Lembur proyek 1
466,11,2024-08-17,2024-08-17 17:30:00,2024-08-17 19:30:00,2,Ditolak,Lembur proyek 4
467,14,2024-08-17,2024-08-17 17:30:00,2024-08-17 19:30:00,2,Ditolak,Lembur proyek 3
468,18,2024-08-17,2024-08-17 17:30:00,2024-08-17 21:30:00,4,Disetujui,Lembur proyek 4
469,26,2024-08-17,2024-08-17 17:30:00,2024-08-17 20:30:00,3,Disetujui,Lembur proyek 5
470,30,2024-08-17,2024-08-17 17:30:00,2024-08-17 20:30:00,3,Ditolak,Lembur proyek 1
471,31,2024-08-17,2024-08-17 17:30:00,2024-08-17 21:30:00,4,Ditolak,Lembur proyek 2
472,36,2024-08-17,2024-08-17 17:30:00,2024-08-17 20:30:00,3,Ditolak,Lembur proyek 4
473,37,2024-08-17,2024-08-17 17:30:00,2024-08-17 18:30:00,1,Ditolak,Lembur proyek 3
474,38,2024-08-17,2024-08-17 17:30:00,2024-08-17 20:30:00,3,Disetujui,Lembur proyek 2
475,2,2024-08-18,2024-08-18 17:30:00,2024-08-18 19:30:00,2,Ditolak,Lembur proyek 1
476,4,2024-08-18,2024-08-18 17:30:00,2024-08-18 21:30:00,4,Disetujui,Lembur proyek 3
477,6,2024-08-18,2024-08-18 17:30:00,2024-08-18 21:30:00,4,Disetujui,Lembur proyek 5
478,13,2024-08-18,2024-08-18 17:30:00,2024-08-18 21:30:00,4,Ditolak,Lembur proyek 4
479,18,2024-08-18,2024-08-18 17:30:00,2024-08-18 20:30:00,3,Ditolak,Lembur proyek 1
480,20,2024-08-18,2024-08-18 17:30:00,2024-08-18 20:30:00,3,Ditolak,Lembur proyek 4
481,21,2024-08-18,2024-08-18 17:30:00,2024-08-18 21:30:00,4,Ditolak,Lembur proyek 2
482,37,2024-08-18,2024-08-18 17:30:00,2024-08-18 21:30:00,4,Disetujui,Lembur proyek 3
483,39,2024-08-18,2024-08-18 17:30:00,2024-08-18 20:30:00,3,Disetujui,Lembur proyek 2
484,40,2024-08-18,2024-08-18 17:30:00,2024-08-18 19:30:00,2,Ditolak,Lembur proyek 5
485,49,2024-08-18,2024-08-18 17:30:00,2024-08-18 18:30:00,1,Disetujui,Lembur proyek 1
486,9,2024-08-19,2024-08-19 17:30:00,2024-08-19 18:30:00,1,Disetujui,Lembur proyek 5
487,14,2024-08-19,2024-08-19 17:30:00,2024-08-19 20:30:00,3,Disetujui,Lembur proyek 1
488,18,2024-08-19,2024-08-19 17:30:00,2024-08-19 19:30:00,2,Disetujui,Lembur proyek 3
489,21,2024-08-19,2024-08-19 17:30:00,2024-08-19 19:30:00,2,Ditolak,Lembur proyek 1
490,22,2024-08-19,2024-08-19 17:30:00,2024-08-19 18:30:00,1,Disetujui,Lembur proyek 2
491,25,2024-08-19,2024-08-19 17:30:00,2024-08-19 19:30:00,2,Ditolak,Lembur proyek 4
492,31,2024-08-19,2024-08-19 17:30:00,2024-08-19 19:30:00,2,Disetujui,Lembur proyek 1
493,36,2024-08-19,2024-08-19 17:30:00,2024-08-19 20:30:00,3,Disetujui,Lembur proyek 5
494,37,2024-08-19,2024-08-19 17:30:00,2024-08-19 18:30:00,1,Ditolak,Lembur proyek 3
495,40,2024-08-19,2024-08-19 17:30:00,2024-08-19 19:30:00,2,Disetujui,Lembur proyek 5
496,42,2024-08-19,2024-08-19 17:30:00,2024-08-19 21:30:00,4,Ditolak,Lembur proyek 3
497,2,2024-08-20,2024-08-20 17:30:00,2024-08-20 19:30:00,2,Disetujui,Lembur proyek 4
498,5,2024-08-20,2024-08-20 17:30:00,2024-08-20 19:30:00,2,Ditolak,Lembur proyek 1
499,7,2024-08-20,2024-08-20 17:30:00,2024-08-20 20:30:00,3,Ditolak,Lembur proyek 4
500,11,2024-08-20,2024-08-20 17:30:00,2024-08-20 18:30:00,1,Ditolak,Lembur proyek 5
501,16,2024-08-20,2024-08-20 17:30:00,2024-08-20 20:30:00,3,Disetujui,Lembur proyek 5
502,18,2024-08-20,2024-08-20 17:30:00,2024-08-20 18:30:00,1,Ditolak,Lembur proyek 5
503,20,2024-08-20,2024-08-20 17:30:00,2024-08-20 20:30:00,3,Disetujui,Lembur proyek 2
504,22,2024-08-20,2024-08-20 17:30:00,2024-08-20 18:30:00,1,Disetujui,Lembur proyek 1
505,27,2024-08-20,2024-08-20 17:30:00,2024-08-20 21:30:00,4,Ditolak,Lembur proyek 4
506,29,2024-08-20,2024-08-20 17:30:00,2024-08-20 18:30:00,1,Ditolak,Lembur proyek 3
507,34,2024-08-20,2024-08-20 17:30:00,2024-08-20 20:30:00,3,Disetujui,Lembur proyek 3
508,3,2024-08-21,2024-08-21 17:30:00,2024-08-21 18:30:00,1,Ditolak,Lembur proyek 2
509,7,2024-08-21,2024-08-21 17:30:00,2024-08-21 19:30:00,2,Ditolak,Lembur proyek 1
510,11,2024-08-21,2024-08-21 17:30:00,2024-08-21 19:30:00,2,Ditolak,Lembur proyek 1
511,18,2024-08-21,2024-08-21 17:30:00,2024-08-21 20:30:00,3,Ditolak,Lembur proyek 1
512,19,2024-08-21,2024-08-21 17:30:00,2024-08-21 21:30:00,4,Ditolak,Lembur proyek 4
513,20,2024-08-21,2024-08-21 17:30:00,2024-08-21 21:30:00,4,Disetujui,Lembur proyek 4
514,21,2024-08-21,2024-08-21 17:30:00,2024-08-21 21:30:00,4,Disetujui,Lembur proyek 5
515,22,2024-08-21,2024-08-21 17:30:00,2024-08-21 19:30:00,2,Disetujui,Lembur proyek 3
516,30,2024-08-21,2024-08-21 17:30:00,2024-08-21 20:30:00,3,Disetujui,Lembur proyek 1
517,33,2024-08-21,2024-08-21 17:30:00,2024-08-21 20:30:00,3,Disetujui,Lembur proyek 2
518,39,2024-08-21,2024-08-21 17:30:00,2024-08-21 18:30:00,1,Ditolak,Lembur proyek 2
519,40,2024-08-21,2024-08-21 17:30:00,2024-08-21 18:30:00,1,Disetujui,Lembur proyek 3
520,47,2024-08-21,2024-08-21 17:30:00,2024-08-21 20:30:00,3,Ditolak,Lembur proyek 1
521,49,2024-08-21,2024-08-21 17:30:00,2024-08-21 20:30:00,3,Disetujui,Lembur proyek 1
522,2,2024-08-22,2024-08-22 17:30:00,2024-08-22 21:30:00,4,Ditolak,Lembur proyek 3
523,3,2024-08-22,2024-08-22 17:30:00,2024-08-22 21:30:00,4,Disetujui,Lembur proyek 2
524,6,2024-08-22,2024-08-22 17:30:00,2024-08-22 20:30:00,3,Disetujui,Lembur proyek 2
525,12,2024-08-22,2024-08-22 17:30:00,2024-08-22 18:30:00,1,Disetujui,Lembur proyek 4
526,16,2024-08-22,2024-08-22 17:30:00,2024-08-22 20:30:00,3,Disetujui,Lembur proyek 2
527,18,2024-08-22,2024-08-22 17:30:00,2024-08-22 18:30:00,1,Ditolak,Lembur proyek 2
528,22,2024-08-22,2024-08-22 17:30:00,2024-08-22 20:30:00,3,Ditolak,Lembur proyek 1
529,23,2024-08-22,2024-08-22 17:30:00,2024-08-22 19:30:00,2,Disetujui,Lembur proyek 5
530,24,2024-08-22,2024-08-22 17:30:00,2024-08-22 18:30:00,1,Ditolak,Lembur proyek 1
531,29,2024-08-22,2024-08-22 17:30:00,2024-08-22 20:30:00,3,Disetujui,Lembur proyek 5
532,31,2024-08-22,2024-08-22 17:30:00,2024-08-22 20:30:00,3,Ditolak,Lembur proyek 4
533,40,2024-08-22,2024-08-22 17:30:00,2024-08-22 18:30:00,1,Ditolak,Lembur proyek 5
534,47,2024-08-22,2024-08-22 17:30:00,2024-08-22 21:30:00,4,Disetujui,Lembur proyek 5
535,49,2024-08-22,2024-08-22 17:30:00,2024-08-22 18:30:00,1,Ditolak,Lembur proyek 5
536,2,2024-08-23,2024-08-23 17:30:00,2024-08-23 20:30:00,3,Disetujui,Lembur proyek 4
537,3,2024-08-23,2024-08-23 17:30:00,2024-08-23 19:30:00,2,Disetujui,Lembur proyek 1
538,5,2024-08-23,2024-08-23 17:30:00,2024-08-23 19:30:00,2,Ditolak,Lembur proyek 3
539,10,2024-08-23,2024-08-23 17:30:00,2024-08-23 19:30:00,2,Disetujui,Lembur proyek 5
540,15,2024-08-23,2024-08-23 17:30:00,2024-08-23 19:30:00,2,Ditolak,Lembur proyek 5
541,24,2024-08-23,2024-08-23 17:30:00,2024-08-23 18:30:00,1,Ditolak,Lembur proyek 4
542,42,2024-08-23,2024-08-23 17:30:00,2024-08-23 19:30:00,2,Disetujui,Lembur proyek 4
543,43,2024-08-23,2024-08-23 17:30:00,2024-08-23 20:30:00,3,Ditolak,Lembur proyek 2
544,48,2024-08-23,2024-08-23 17:30:00,2024-08-23 21:30:00,4,Ditolak,Lembur proyek 2
545,50,2024-08-23,2024-08-23 17:30:00,2024-08-23 19:30:00,2,Ditolak,Lembur proyek 1
546,2,2024-08-24,2024-08-24 17:30:00,2024-08-24 19:30:00,2,Ditolak,Lembur proyek 1
547,3,2024-08-24,2024-08-24 17:30:00,2024-08-24 18:30:00,1,Disetujui,Lembur proyek 2
548,6,2024-08-24,2024-08-24 17:30:00,2024-08-24 20:30:00,3,Disetujui,Lembur proyek 5
549,18,2024-08-24,2024-08-24 17:30:00,2024-08-24 20:30:00,3,Disetujui,Lembur proyek 2
550,21,2024-08-24,2024-08-24 17:30:00,2024-08-24 18:30:00,1,Disetujui,Lembur proyek 4
551,30,2024-08-24,2024-08-24 17:30:00,2024-08-24 20:30:00,3,Ditolak,Lembur proyek 4
552,37,2024-08-24,2024-08-24 17:30:00,2024-08-24 19:30:00,2,Disetujui,Lembur proyek 1
553,39,2024-08-24,2024-08-24 17:30:00,2024-08-24 20:30:00,3,Ditolak,Lembur proyek 1
554,41,2024-08-24,2024-08-24 17:30:00,2024-08-24 19:30:00,2,Disetujui,Lembur proyek 1
555,46,2024-08-24,2024-08-24 17:30:00,2024-08-24 19:30:00,2,Ditolak,Lembur proyek 5
556,1,2024-08-25,2024-08-25 17:30:00,2024-08-25 18:30:00,1,Ditolak,Lembur proyek 1
557,4,2024-08-25,2024-08-25 17:30:00,2024-08-25 18:30:00,1,Disetujui,Lembur proyek 1
558,19,2024-08-25,2024-08-25 17:30:00,2024-08-25 19:30:00,2,Disetujui,Lembur proyek 3
559,21,2024-08-25,2024-08-25 17:30:00,2024-08-25 21:30:00,4,Ditolak,Lembur proyek 3
560,24,2024-08-25,2024-08-25 17:30:00,2024-08-25 19:30:00,2,Disetujui,Lembur proyek 4
561,26,2024-08-25,2024-08-25 17:30:00,2024-08-25 18:30:00,1,Ditolak,Lembur proyek 5
562,31,2024-08-25,2024-08-25 17:30:00,2024-08-25 21:30:00,4,Disetujui,Lembur proyek 3
563,41,2024-08-25,2024-08-25 17:30:00,2024-08-25 21:30:00,4,Disetujui,Lembur proyek 1
564,43,2024-08-25,2024-08-25 17:30:00,2024-08-25 19:30:00,2,Disetujui,Lembur proyek 2
565,48,2024-08-25,2024-08-25 17:30:00,2024-08-25 19:30:00,2,Ditolak,Lembur proyek 3
566,5,2024-08-26,2024-08-26 17:30:00,2024-08-26 19:30:00,2,Disetujui,Lembur proyek 2
567,12,2024-08-26,2024-08-26 17:30:00,2024-08-26 18:30:00,1,Ditolak,Lembur proyek 2
568,18,2024-08-26,2024-08-26 17:30:00,2024-08-26 18:30:00,1,Ditolak,Lembur proyek 3
569,21,2024-08-26,2024-08-26 17:30:00,2024-08-26 18:30:00,1,Disetujui,Lembur proyek 2
570,34,2024-08-26,2024-08-26 17:30:00,2024-08-26 20:30:00,3,Ditolak,Lembur proyek 3
571,40,2024-08-26,2024-08-26 17:30:00,2024-08-26 18:30:00,1,Ditolak,Lembur proyek 4
572,41,2024-08-26,2024-08-26 17:30:00,2024-08-26 18:30:00,1,Disetujui,Lembur proyek 4
573,42,2024-08-26,2024-08-26 17:30:00,2024-08-26 19:30:00,2,Disetujui,Lembur proyek 2
574,2,2024-08-27,2024-08-27 17:30:00,2024-08-27 19:30:00,2,Ditolak,Lembur proyek 3
575,7,2024-08-27,2024-08-27 17:30:00,2024-08-27 19:30:00,2,Ditolak,Lembur proyek 1
576,9,2024-08-27,2024-08-27 17:30:00,2024-08-27 19:30:00,2,Ditolak,Lembur proyek 2
577,11,2024-08-27,2024-08-27 17:30:00,2024-08-27 19:30:00,2,Ditolak,Lembur proyek 2
578,19,2024-08-27,2024-08-27 17:30:00,2024-08-27 19:30:00,2,Disetujui,Lembur proyek 3
579,23,2024-08-27,2024-08-27 17:30:00,2024-08-27 19:30:00,2,Disetujui,Lembur proyek 2
580,28,2024-08-27,2024-08-27 17:30:00,2024-08-27 20:30:00,3,Ditolak,Lembur proyek 3
581,39,2024-08-27,2024-08-27 17:30:00,2024-08-27 21:30:00,4,Ditolak,Lembur proyek 1
582,44,2024-08-27,2024-08-27 17:30:00,2024-08-27 21:30:00,4,Ditolak,Lembur proyek 4
583,45,2024-08-27,2024-08-27 17:30:00,2024-08-27 19:30:00,2,Ditolak,Lembur proyek 2
584,47,2024-08-27,2024-08-27 17:30:00,2024-08-27 20:30:00,3,Ditolak,Lembur proyek 2
585,48,2024-08-27,2024-08-27 17:30:00,2024-08-27 20:30:00,3,Ditolak,Lembur proyek 2
586,1,2024-08-28,2024-08-28 17:30:00,2024-08-28 21:30:00,4,Disetujui,Lembur proyek 5
587,3,2024-08-28,2024-08-28 17:30:00,2024-08-28 19:30:00,2,Ditolak,Lembur proyek 4
588,24,2024-08-28,2024-08-28 17:30:00,2024-08-28 21:30:00,4,Ditolak,Lembur proyek 5
589,31,2024-08-28,2024-08-28 17:30:00,2024-08-28 19:30:00,2,Ditolak,Lembur proyek 1
590,37,2024-08-28,2024-08-28 17:30:00,2024-08-28 19:30:00,2,Disetujui,Lembur proyek 5
591,49,2024-08-28,2024-08-28 17:30:00,2024-08-28 18:30:00,1,Ditolak,Lembur proyek 2
592,1,2024-09-01,2024-09-01 17:30:00,2024-09-01 21:30:00,4,Ditolak,Lembur proyek 2
593,4,2024-09-01,2024-09-01 17:30:00,2024-09-01 20:30:00,3,Ditolak,Lembur proyek 2
594,9,2024-09-01,2024-09-01 17:30:00,2024-09-01 18:30:00,1,Ditolak,Lembur proyek 4
595,16,2024-09-01,2024-09-01 17:30:00,2024-09-01 21:30:00,4,Disetujui,Lembur proyek 4
596,17,2024-09-01,2024-09-01 17:30:00,2024-09-01 19:30:00,2,Disetujui,Lembur proyek 5
597,19,2024-09-01,2024-09-01 17:30:00,2024-09-01 19:30:00,2,Ditolak,Lembur proyek 5
598,20,2024-09-01,2024-09-01 17:30:00,2024-09-01 21:30:00,4,Disetujui,Lembur proyek 4
599,23,2024-09-01,2024-09-01 17:30:00,2024-09-01 19:30:00,2,Ditolak,Lembur proyek 4
600,29,2024-09-01,2024-09-01 17:30:00,2024-09-01 20:30:00,3,Ditolak,Lembur proyek 1
601,34,2024-09-01,2024-09-01 17:30:00,2024-09-01 19:30:00,2,Disetujui,Lembur proyek 1
602,40,2024-09-01,2024-09-01 17:30:00,2024-09-01 21:30:00,4,Disetujui,Lembur proyek 4
603,3,2024-09-02,2024-09-02 17:30:00,2024-09-02 18:30:00,1,Disetujui,Lembur proyek 5
604,6,2024-09-02,2024-09-02 17:30:00,2024-09-02 20:30:00,3,Ditolak,Lembur proyek 4
605,8,2024-09-02,2024-09-02 17:30:00,2024-09-02 21:30:00,4,Ditolak,Lembur proyek 1
606,10,2024-09-02,2024-09-02 17:30:00,2024-09-02 21:30:00,4,Ditolak,Lembur proyek 4
607,11,2024-09-02,2024-09-02 17:30:00,2024-09-02 21:30:00,4,Ditolak,Lembur proyek 4
608,12,2024-09-02,2024-09-02 17:30:00,2024-09-02 20:30:00,3,Disetujui,Lembur proyek 5
609,13,2024-09-02,2024-09-02 17:30:00,2024-09-02 19:30:00,2,Disetujui,Lembur proyek 5
610,15,2024-09-02,2024-09-02 17:30:00,2024-09-02 20:30:00,3,Disetujui,Lembur proyek 5
611,19,2024-09-02,2024-09-02 17:30:00,2024-09-02 18:30:00,1,Ditolak,Lembur proyek 4
612,24,2024-09-02,2024-09-02 17:30:00,2024-09-02 19:30:00,2,Ditolak,Lembur proyek 2
613,25,2024-09-02,2024-09-02 17:30:00,2024-09-02 20:30:00,3,Disetujui,Lembur proyek 4
614,27,2024-09-02,2024-09-02 17:30:00,2024-09-02 20:30:00,3,Ditolak,Lembur proyek 4
615,32,2024-09-02,2024-09-02 17:30:00,2024-09-02 20:30:00,3,Disetujui,Lembur proyek 5
616,33,2024-09-02,2024-09-02 17:30:00,2024-09-02 21:30:00,4,Ditolak,Lembur proyek 4
617,36,2024-09-02,2024-09-02 17:30:00,2024-09-02 21:30:00,4,Ditolak,Lembur proyek 5
618,42,2024-09-02,2024-09-02 17:30:00,2024-09-02 21:30:00,4,Ditolak,Lembur proyek 4
619,44,2024-09-02,2024-09-02 17:30:00,2024-09-02 18:30:00,1,Disetujui,Lembur proyek 2
620,47,2024-09-02,2024-09-02 17:30:00,2024-09-02 21:30:00,4,Ditolak,Lembur proyek 2
621,5,2024-09-03,2024-09-03 17:30:00,2024-09-03 20:30:00,3,Ditolak,Lembur proyek 2
622,9,2024-09-03,2024-09-03 17:30:00,2024-09-03 19:30:00,2,Ditolak,Lembur proyek 3
623,10,2024-09-03,2024-09-03 17:30:00,2024-09-03 18:30:00,1,Ditolak,Lembur proyek 1
624,26,2024-09-03,2024-09-03 17:30:00,2024-09-03 19:30:00,2,Ditolak,Lembur proyek 2
625,38,2024-09-03,2024-09-03 17:30:00,2024-09-03 21:30:00,4,Disetujui,Lembur proyek 3
626,48,2024-09-03,2024-09-03 17:30:00,2024-09-03 21:30:00,4,Disetujui,Lembur proyek 5
627,1,2024-09-04,2024-09-04 17:30:00,2024-09-04 18:30:00,1,Disetujui,Lembur proyek 3
628,10,2024-09-04,2024-09-04 17:30:00,2024-09-04 21:30:00,4,Ditolak,Lembur proyek 5
629,12,2024-09-04,2024-09-04 17:30:00,2024-09-04 19:30:00,2,Disetujui,Lembur proyek 2
630,15,2024-09-04,2024-09-04 17:30:00,2024-09-04 18:30:00,1,Ditolak,Lembur proyek 2
631,16,2024-09-04,2024-09-04 17:30:00,2024-09-04 21:30:00,4,Ditolak,Lembur proyek 1
632,19,2024-09-04,2024-09-04 17:30:00,2024-09-04 20:30:00,3,Disetujui,Lembur proyek 3
633,20,2024-09-04,2024-09-04 17:30:00,2024-09-04 21:30:00,4,Disetujui,Lembur proyek 2
634,22,2024-09-04,2024-09-04 17:30:00,2024-09-04 21:30:00,4,Disetujui,Lembur proyek 2
635,23,2024-09-04,2024-09-04 17:30:00,2024-09-04 18:30:00,1,Disetujui,Lembur proyek 3
636,24,2024-09-04,2024-09-04 17:30:00,2024-09-04 20:30:00,3,Disetujui,Lembur proyek 2
637,26,2024-09-04,2024-09-04 17:30:00,2024-09-04 21:30:00,4,Ditolak,Lembur proyek 3
638,34,2024-09-04,2024-09-04 17:30:00,2024-09-04 21:30:00,4,Ditolak,Lembur proyek 5
639,38,2024-09-04,2024-09-04 17:30:00,2024-09-04 20:30:00,3,Ditolak,Lembur proyek 5
640,41,2024-09-04,2024-09-04 17:30:00,2024-09-04 18:30:00,1,Disetujui,Lembur proyek 3
641,45,2024-09-04,2024-09-04 17:30:00,2024-09-04 21:30:00,4,Disetujui,Lembur proyek 2
642,50,2024-09-04,2024-09-04 17:30:00,2024-09-04 18:30:00,1,Ditolak,Lembur proyek 2
643,1,2024-09-05,2024-09-05 17:30:00,2024-09-05 19:30:00,2,Ditolak,Lembur proyek 2
644,5,2024-09-05,2024-09-05 17:30:00,2024-09-05 20:30:00,3,Ditolak,Lembur proyek 4
645,6,2024-09-05,2024-09-05 17:30:00,2024-09-05 21:30:00,4,Ditolak,Lembur proyek 1
646,12,2024-09-05,2024-09-05 17:30:00,2024-09-05 20:30:00,3,Disetujui,Lembur proyek 4
647,17,2024-09-05,2024-09-05 17:30:00,2024-09-05 20:30:00,3,Ditolak,Lembur proyek 1
648,23,2024-09-05,2024-09-05 17:30:00,2024-09-05 18:30:00,1,Ditolak,Lembur proyek 1
649,24,2024-09-05,2024-09-05 17:30:00,2024-09-05 19:30:00,2,Disetujui,Lembur proyek 5
650,30,2024-09-05,2024-09-05 17:30:00,2024-09-05 18:30:00,1,Ditolak,Lembur proyek 3
651,35,2024-09-05,2024-09-05 17:30:00,2024-09-05 21:30:00,4,Disetujui,Lembur proyek 5
652,4,2024-09-06,2024-09-06 17:30:00,2024-09-06 19:30:00,2,Ditolak,Lembur proyek 5
653,6,2024-09-06,2024-09-06 17:30:00,2024-09-06 20:30:00,3,Ditolak,Lembur proyek 4
654,10,2024-09-06,2024-09-06 17:30:00,2024-09-06 18:30:00,1,Disetujui,Lembur proyek 5
655,11,2024-09-06,2024-09-06 17:30:00,2024-09-06 21:30:00,4,Ditolak,Lembur proyek 3
656,16,2024-09-06,2024-09-06 17:30:00,2024-09-06 20:30:00,3,Disetujui,Lembur proyek 1
657,27,2024-09-06,2024-09-06 17:30:00,2024-09-06 19:30:00,2,Disetujui,Lembur proyek 5
658,40,2024-09-06,2024-09-06 17:30:00,2024-09-06 18:30:00,1,Ditolak,Lembur proyek 3
659,45,2024-09-06,2024-09-06 17:30:00,2024-09-06 18:30:00,1,Ditolak,Lembur proyek 5
660,1,2024-09-07,2024-09-07 17:30:00,2024-09-07 20:30:00,3,Ditolak,Lembur proyek 3
661,2,2024-09-07,2024-09-07 17:30:00,2024-09-07 21:30:00,4,Disetujui,Lembur proyek 2
662,5,2024-09-07,2024-09-07 17:30:00,2024-09-07 20:30:00,3,Ditolak,Lembur proyek 1
663,12,2024-09-07,2024-09-07 17:30:00,2024-09-07 21:30:00,4,Ditolak,Lembur proyek 4
664,15,2024-09-07,2024-09-07 17:30:00,2024-09-07 18:30:00,1,Ditolak,Lembur proyek 2
665,17,2024-09-07,2024-09-07 17:30:00,2024-09-07 19:30:00,2,Disetujui,Lembur proyek 2
666,18,2024-09-07,2024-09-07 17:30:00,2024-09-07 21:30:00,4,Ditolak,Lembur proyek 1
667,26,2024-09-07,2024-09-07 17:30:00,2024-09-07 21:30:00,4,Disetujui,Lembur proyek 2
668,43,2024-09-07,2024-09-07 17:30:00,2024-09-07 18:30:00,1,Ditolak,Lembur proyek 3
669,46,2024-09-07,2024-09-07 17:30:00,2024-09-07 20:30:00,3,Disetujui,Lembur proyek 2
670,4,2024-09-08,2024-09-08 17:30:00,2024-09-08 21:30:00,4,Disetujui,Lembur proyek 2
671,5,2024-09-08,2024-09-08 17:30:00,2024-09-08 21:30:00,4,Ditolak,Lembur proyek 2
672,9,2024-09-08,2024-09-08 17:30:00,2024-09-08 20:30:00,3,Ditolak,Lembur proyek 1
673,11,2024-09-08,2024-09-08 17:30:00,2024-09-08 19:30:00,2,Disetujui,Lembur proyek 3
674,14,2024-09-08,2024-09-08 17:30:00,2024-09-08 20:30:00,3,Disetujui,Lembur proyek 3
675,23,2024-09-08,2024-09-08 17:30:00,2024-09-08 20:30:00,3,Disetujui,Lembur proyek 4
676,26,2024-09-08,2024-09-08 17:30:00,2024-09-08 18:30:00,1,Disetujui,Lembur proyek 5
677,29,2024-09-08,2024-09-08 17:30:00,2024-09-08 21:30:00,4,Ditolak,Lembur proyek 4
678,33,2024-09-08,2024-09-08 17:30:00,2024-09-08 19:30:00,2,Ditolak,Lembur proyek 2
679,35,2024-09-08,2024-09-08 17:30:00,2024-09-08 18:30:00,1,Ditolak,Lembur proyek 5
680,38,2024-09-08,2024-09-08 17:30:00,2024-09-08 19:30:00,2,Disetujui,Lembur proyek 5
681,39,2024-09-08,2024-09-08 17:30:00,2024-09-08 18:30:00,1,Ditolak,Lembur proyek 1
682,44,2024-09-08,2024-09-08 17:30:00,2024-09-08 18:30:00,1,Disetujui,Lembur proyek 4
683,15,2024-09-09,2024-09-09 17:30:00,2024-09-09 20:30:00,3,Ditolak,Lembur proyek 4
684,20,2024-09-09,2024-09-09 17:30:00,2024-09-09 19:30:00,2,Disetujui,Lembur proyek 1
685,23,2024-09-09,2024-09-09 17:30:00,2024-09-09 21:30:00,4,Disetujui,Lembur proyek 5
686,29,2024-09-09,2024-09-09 17:30:00,2024-09-09 19:30:00,2,Ditolak,Lembur proyek 3
687,30,2024-09-09,2024-09-09 17:30:00,2024-09-09 18:30:00,1,Ditolak,Lembur proyek 4
688,35,2024-09-09,2024-09-09 17:30:00,2024-09-09 21:30:00,4,Disetujui,Lembur proyek 2
689,16,2024-09-10,2024-09-10 17:30:00,2024-09-10 21:30:00,4,Disetujui,Lembur proyek 3
690,19,2024-09-10,2024-09-10 17:30:00,2024-09-10 21:30:00,4,Disetujui,Lembur proyek 4
691,30,2024-09-10,2024-09-10 17:30:00,2024-09-10 19:30:00,2,Ditolak,Lembur proyek 5
692,37,2024-09-10,2024-09-10 17:30:00,2024-09-10 18:30:00,1,Disetujui,Lembur proyek 5
693,39,2024-09-10,2024-09-10 17:30:00,2024-09-10 19:30:00,2,Ditolak,Lembur proyek 5
694,41,2024-09-10,2024-09-10 17:30:00,2024-09-10 21:30:00,4,Ditolak,Lembur proyek 5
695,43,2024-09-10,2024-09-10 17:30:00,2024-09-10 18:30:00,1,Ditolak,Lembur proyek 1
696,1,2024-09-11,2024-09-11 17:30:00,2024-09-11 21:30:00,4,Ditolak,Lembur proyek 2
697,4,2024-09-11,2024-09-11 17:30:00,2024-09-11 20:30:00,3,Disetujui,Lembur proyek 1
698,8,2024-09-11,2024-09-11 17:30:00,2024-09-11 21:30:00,4,Ditolak,Lembur proyek 4
699,16,2024-09-11,2024-09-11 17:30:00,2024-09-11 18:30:00,1,Ditolak,Lembur proyek 3
700,22,2024-09-11,2024-09-11 17:30:00,2024-09-11 20:30:00,3,Ditolak,Lembur proyek 4
701,26,2024-09-11,2024-09-11 17:30:00,2024-09-11 18:30:00,1,Disetujui,Lembur proyek 2
702,29,2024-09-11,2024-09-11 17:30:00,2024-09-11 21:30:00,4,Ditolak,Lembur proyek 2
703,32,2024-09-11,2024-09-11 17:30:00,2024-09-11 20:30:00,3,Ditolak,Lembur proyek 2
704,33,2024-09-11,2024-09-11 17:30:00,2024-09-11 20:30:00,3,Ditolak,Lembur proyek 2
705,35,2024-09-11,2024-09-11 17:30:00,2024-09-11 19:30:00,2,Disetujui,Lembur proyek 3
706,38,2024-09-11,2024-09-11 17:30:00,2024-09-11 19:30:00,2,Ditolak,Lembur proyek 5
707,39,2024-09-11,2024-09-11 17:30:00,2024-09-11 19:30:00,2,Ditolak,Lembur proyek 1
708,9,2024-09-12,2024-09-12 17:30:00,2024-09-12 19:30:00,2,Disetujui,Lembur proyek 2
709,10,2024-09-12,2024-09-12 17:30:00,2024-09-12 21:30:00,4,Disetujui,Lembur proyek 2
710,17,2024-09-12,2024-09-12 17:30:00,2024-09-12 19:30:00,2,Disetujui,Lembur proyek 3
711,20,2024-09-12,2024-09-12 17:30:00,2024-09-12 21:30:00,4,Disetujui,Lembur proyek 4
712,22,2024-09-12,2024-09-12 17:30:00,2024-09-12 20:30:00,3,Ditolak,Lembur proyek 5
713,24,2024-09-12,2024-09-12 17:30:00,2024-09-12 18:30:00,1,Disetujui,Lembur proyek 3
714,27,2024-09-12,2024-09-12 17:30:00,2024-09-12 21:30:00,4,Ditolak,Lembur proyek 3
715,35,2024-09-12,2024-09-12 17:30:00,2024-09-12 20:30:00,3,Ditolak,Lembur proyek 4
716,37,2024-09-12,2024-09-12 17:30:00,2024-09-12 18:30:00,1,Disetujui,Lembur proyek 3
717,38,2024-09-12,2024-09-12 17:30:00,2024-09-12 21:30:00,4,Disetujui,Lembur proyek 4
718,39,2024-09-12,2024-09-12 17:30:00,2024-09-12 21:30:00,4,Ditolak,Lembur proyek 1
719,42,2024-09-12,2024-09-12 17:30:00,2024-09-12 21:30:00,4,Disetujui,Lembur proyek 1
720,47,2024-09-12,2024-09-12 17:30:00,2024-09-12 20:30:00,3,Ditolak,Lembur proyek 2
721,6,2024-09-13,2024-09-13 17:30:00,2024-09-13 21:30:00,4,Disetujui,Lembur proyek 1
722,11,2024-09-13,2024-09-13 17:30:00,2024-09-13 20:30:00,3,Ditolak,Lembur proyek 3
723,13,2024-09-13,2024-09-13 17:30:00,2024-09-13 18:30:00,1,Ditolak,Lembur proyek 3
724,14,2024-09-13,2024-09-13 17:30:00,2024-09-13 21:30:00,4,Ditolak,Lembur proyek 5
725,21,2024-09-13,2024-09-13 17:30:00,2024-09-13 19:30:00,2,Disetujui,Lembur proyek 4
726,22,2024-09-13,2024-09-13 17:30:00,2024-09-13 20:30:00,3,Disetujui,Lembur proyek 3
727,24,2024-09-13,2024-09-13 17:30:00,2024-09-13 20:30:00,3,Ditolak,Lembur proyek 4
728,26,2024-09-13,2024-09-13 17:30:00,2024-09-13 20:30:00,3,Ditolak,Lembur proyek 4
729,32,2024-09-13,2024-09-13 17:30:00,2024-09-13 18:30:00,1,Disetujui,Lembur proyek 1
730,38,2024-09-13,2024-09-13 17:30:00,2024-09-13 19:30:00,2,Disetujui,Lembur proyek 4
731,50,2024-09-13,2024-09-13 17:30:00,2024-09-13 20:30:00,3,Ditolak,Lembur proyek 1
732,2,2024-09-14,2024-09-14 17:30:00,2024-09-14 21:30:00,4,Ditolak,Lembur proyek 2
733,7,2024-09-14,2024-09-14 17:30:00,2024-09-14 21:30:00,4,Ditolak,Lembur proyek 1
734,12,2024-09-14,2024-09-14 17:30:00,2024-09-14 20:30:00,3,Disetujui,Lembur proyek 4
735,16,2024-09-14,2024-09-14 17:30:00,2024-09-14 19:30:00,2,Ditolak,Lembur proyek 5
736,18,2024-09-14,2024-09-14 17:30:00,2024-09-14 21:30:00,4,Disetujui,Lembur proyek 4
737,21,2024-09-14,2024-09-14 17:30:00,2024-09-14 19:30:00,2,Disetujui,Lembur proyek 2
738,22,2024-09-14,2024-09-14 17:30:00,2024-09-14 19:30:00,2,Ditolak,Lembur proyek 2
739,23,2024-09-14,2024-09-14 17:30:00,2024-09-14 19:30:00,2,Disetujui,Lembur proyek 5
740,37,2024-09-14,2024-09-14 17:30:00,2024-09-14 21:30:00,4,Disetujui,Lembur proyek 3
741,40,2024-09-14,2024-09-14 17:30:00,2024-09-14 18:30:00,1,Disetujui,Lembur proyek 5
742,41,2024-09-14,2024-09-14 17:30:00,2024-09-14 19:30:00,2,Ditolak,Lembur proyek 3
743,43,2024-09-14,2024-09-14 17:30:00,2024-09-14 21:30:00,4,Ditolak,Lembur proyek 4
744,8,2024-09-15,2024-09-15 17:30:00,2024-09-15 20:30:00,3,Disetujui,Lembur proyek 2
745,14,2024-09-15,2024-09-15 17:30:00,2024-09-15 20:30:00,3,Ditolak,Lembur proyek 4
746,22,2024-09-15,2024-09-15 17:30:00,2024-09-15 19:30:00,2,Disetujui,Lembur proyek 4
747,23,2024-09-15,2024-09-15 17:30:00,2024-09-15 21:30:00,4,Disetujui,Lembur proyek 1
748,24,2024-09-15,2024-09-15 17:30:00,2024-09-15 18:30:00,1,Ditolak,Lembur proyek 4
749,26,2024-09-15,2024-09-15 17:30:00,2024-09-15 18:30:00,1,Disetujui,Lembur proyek 4
750,36,2024-09-15,2024-09-15 17:30:00,2024-09-15 21:30:00,4,Ditolak,Lembur proyek 5
751,44,2024-09-15,2024-09-15 17:30:00,2024-09-15 18:30:00,1,Disetujui,Lembur proyek 4
752,48,2024-09-15,2024-09-15 17:30:00,2024-09-15 18:30:00,1,Ditolak,Lembur proyek 1
753,16,2024-09-16,2024-09-16 17:30:00,2024-09-16 19:30:00,2,Ditolak,Lembur proyek 4
754,18,2024-09-16,2024-09-16 17:30:00,2024-09-16 21:30:00,4,Ditolak,Lembur proyek 2
755,22,2024-09-16,2024-09-16 17:30:00,2024-09-16 20:30:00,3,Ditolak,Lembur proyek 4
756,23,2024-09-16,2024-09-16 17:30:00,2024-09-16 18:30:00,1,Ditolak,Lembur proyek 2
757,26,2024-09-16,2024-09-16 17:30:00,2024-09-16 19:30:00,2,Ditolak,Lembur proyek 1
758,29,2024-09-16,2024-09-16 17:30:00,2024-09-16 21:30:00,4,Ditolak,Lembur proyek 1
759,32,2024-09-16,2024-09-16 17:30:00,2024-09-16 21:30:00,4,Ditolak,Lembur proyek 5
760,34,2024-09-16,2024-09-16 17:30:00,2024-09-16 21:30:00,4,Disetujui,Lembur proyek 4
761,37,2024-09-16,2024-09-16 17:30:00,2024-09-16 20:30:00,3,Disetujui,Lembur proyek 1
762,39,2024-09-16,2024-09-16 17:30:00,2024-09-16 19:30:00,2,Disetujui,Lembur proyek 5
763,44,2024-09-16,2024-09-16 17:30:00,2024-09-16 19:30:00,2,Disetujui,Lembur proyek 5
764,45,2024-09-16,2024-09-16 17:30:00,2024-09-16 18:30:00,1,Ditolak,Lembur proyek 2
765,48,2024-09-16,2024-09-16 17:30:00,2024-09-16 20:30:00,3,Disetujui,Lembur proyek 3
766,3,2024-09-17,2024-09-17 17:30:00,2024-09-17 20:30:00,3,Ditolak,Lembur proyek 4
767,4,2024-09-17,2024-09-17 17:30:00,2024-09-17 19:30:00,2,Ditolak,Lembur proyek 1
768,10,2024-09-17,2024-09-17 17:30:00,2024-09-17 20:30:00,3,Disetujui,Lembur proyek 1
769,14,2024-09-17,2024-09-17 17:30:00,2024-09-17 19:30:00,2,Disetujui,Lembur proyek 2
770,17,2024-09-17,2024-09-17 17:30:00,2024-09-17 20:30:00,3,Ditolak,Lembur proyek 1
771,20,2024-09-17,2024-09-17 17:30:00,2024-09-17 18:30:00,1,Ditolak,Lembur proyek 5
772,24,2024-09-17,2024-09-17 17:30:00,2024-09-17 21:30:00,4,Ditolak,Lembur proyek 3
773,25,2024-09-17,2024-09-17 17:30:00,2024-09-17 21:30:00,4,Disetujui,Lembur proyek 5
774,27,2024-09-17,2024-09-17 17:30:00,2024-09-17 19:30:00,2,Ditolak,Lembur proyek 3
775,31,2024-09-17,2024-09-17 17:30:00,2024-09-17 18:30:00,1,Ditolak,Lembur proyek 2
776,41,2024-09-17,2024-09-17 17:30:00,2024-09-17 18:30:00,1,Ditolak,Lembur proyek 1
777,46,2024-09-17,2024-09-17 17:30:00,2024-09-17 19:30:00,2,Ditolak,Lembur proyek 2
778,47,2024-09-17,2024-09-17 17:30:00,2024-09-17 20:30:00,3,Ditolak,Lembur proyek 1
779,6,2024-09-18,2024-09-18 17:30:00,2024-09-18 19:30:00,2,Disetujui,Lembur proyek 3
780,9,2024-09-18,2024-09-18 17:30:00,2024-09-18 18:30:00,1,Disetujui,Lembur proyek 4
781,12,2024-09-18,2024-09-18 17:30:00,2024-09-18 21:30:00,4,Disetujui,Lembur proyek 2
782,17,2024-09-18,2024-09-18 17:30:00,2024-09-18 21:30:00,4,Disetujui,Lembur proyek 4
783,27,2024-09-18,2024-09-18 17:30:00,2024-09-18 18:30:00,1,Disetujui,Lembur proyek 3
784,30,2024-09-18,2024-09-18 17:30:00,2024-09-18 19:30:00,2,Ditolak,Lembur proyek 1
785,32,2024-09-18,2024-09-18 17:30:00,2024-09-18 19:30:00,2,Disetujui,Lembur proyek 1
786,37,2024-09-18,2024-09-18 17:30:00,2024-09-18 18:30:00,1,Disetujui,Lembur proyek 5
787,41,2024-09-18,2024-09-18 17:30:00,2024-09-18 21:30:00,4,Ditolak,Lembur proyek 1
788,43,2024-09-18,2024-09-18 17:30:00,2024-09-18 18:30:00,1,Ditolak,Lembur proyek 2
789,44,2024-09-18,2024-09-18 17:30:00,2024-09-18 21:30:00,4,Ditolak,Lembur proyek 5
790,45,2024-09-18,2024-09-18 17:30:00,2024-09-18 18:30:00,1,Disetujui,Lembur proyek 4
791,46,2024-09-18,2024-09-18 17:30:00,2024-09-18 21:30:00,4,Ditolak,Lembur proyek 3
792,1,2024-09-19,2024-09-19 17:30:00,2024-09-19 20:30:00,3,Disetujui,Lembur proyek 3
793,3,2024-09-19,2024-09-19 17:30:00,2024-09-19 18:30:00,1,Disetujui,Lembur proyek 5
794,13,2024-09-19,2024-09-19 17:30:00,2024-09-19 18:30:00,1,Ditolak,Lembur proyek 3
795,36,2024-09-19,2024-09-19 17:30:00,2024-09-19 21:30:00,4,Ditolak,Lembur proyek 4
796,41,2024-09-19,2024-09-19 17:30:00,2024-09-19 20:30:00,3,Ditolak,Lembur proyek 4
797,42,2024-09-19,2024-09-19 17:30:00,2024-09-19 20:30:00,3,Disetujui,Lembur proyek 5
798,2,2024-09-20,2024-09-20 17:30:00,2024-09-20 18:30:00,1,Disetujui,Lembur proyek 1
799,5,2024-09-20,2024-09-20 17:30:00,2024-09-20 21:30:00,4,Ditolak,Lembur proyek 3
800,11,2024-09-20,2024-09-20 17:30:00,2024-09-20 20:30:00,3,Disetujui,Lembur proyek 4
801,17,2024-09-20,2024-09-20 17:30:00,2024-09-20 20:30:00,3,Disetujui,Lembur proyek 5
802,24,2024-09-20,2024-09-20 17:30:00,2024-09-20 18:30:00,1,Disetujui,Lembur proyek 1
803,28,2024-09-20,2024-09-20 17:30:00,2024-09-20 20:30:00,3,Disetujui,Lembur proyek 3
804,30,2024-09-20,2024-09-20 17:30:00,2024-09-20 21:30:00,4,Disetujui,Lembur proyek 5
805,33,2024-09-20,2024-09-20 17:30:00,2024-09-20 20:30:00,3,Ditolak,Lembur proyek 2
806,45,2024-09-20,2024-09-20 17:30:00,2024-09-20 20:30:00,3,Disetujui,Lembur proyek 2
807,1,2024-09-21,2024-09-21 17:30:00,2024-09-21 19:30:00,2,Disetujui,Lembur proyek 2
808,10,2024-09-21,2024-09-21 17:30:00,2024-09-21 21:30:00,4,Ditolak,Lembur proyek 2
809,13,2024-09-21,2024-09-21 17:30:00,2024-09-21 21:30:00,4,Disetujui,Lembur proyek 5
810,17,2024-09-21,2024-09-21 17:30:00,2024-09-21 21:30:00,4,Ditolak,Lembur proyek 3
811,19,2024-09-21,2024-09-21 17:30:00,2024-09-21 20:30:00,3,Disetujui,Lembur proyek 5
812,20,2024-09-21,2024-09-21 17:30:00,2024-09-21 19:30:00,2,Ditolak,Lembur proyek 1
813,21,2024-09-21,2024-09-21 17:30:00,2024-09-21 20:30:00,3,Ditolak,Lembur proyek 4
814,22,2024-09-21,2024-09-21 17:30:00,2024-09-21 21:30:00,4,Ditolak,Lembur proyek 3
815,24,2024-09-21,2024-09-21 17:30:00,2024-09-21 20:30:00,3,Disetujui,Lembur proyek 4
816,26,2024-09-21,2024-09-21 17:30:00,2024-09-21 20:30:00,3,Disetujui,Lembur proyek 3
817,31,2024-09-21,2024-09-21 17:30:00,2024-09-21 18:30:00,1,Disetujui,Lembur proyek 1
818,33,2024-09-21,2024-09-21 17:30:00,2024-09-21 21:30:00,4,Disetujui,Lembur proyek 1
819,38,2024-09-21,2024-09-21 17:30:00,2024-09-21 18:30:00,1,Disetujui,Lembur proyek 3
820,39,2024-09-21,2024-09-21 17:30:00,2024-09-21 20:30:00,3,Ditolak,Lembur proyek 2
821,48,2024-09-21,2024-09-21 17:30:00,2024-09-21 19:30:00,2,Ditolak,Lembur proyek 3
822,49,2024-09-21,2024-09-21 17:30:00,2024-09-21 21:30:00,4,Ditolak,Lembur proyek 5
823,1,2024-09-22,2024-09-22 17:30:00,2024-09-22 18:30:00,1,Ditolak,Lembur proyek 1
824,14,2024-09-22,2024-09-22 17:30:00,2024-09-22 20:30:00,3,Ditolak,Lembur proyek 4
825,15,2024-09-22,2024-09-22 17:30:00,2024-09-22 19:30:00,2,Disetujui,Lembur proyek 4
826,17,2024-09-22,2024-09-22 17:30:00,2024-09-22 18:30:00,1,Disetujui,Lembur proyek 2
827,19,2024-09-22,2024-09-22 17:30:00,2024-09-22 18:30:00,1,Ditolak,Lembur proyek 5
828,21,2024-09-22,2024-09-22 17:30:00,2024-09-22 18:30:00,1,Disetujui,Lembur proyek 5
829,31,2024-09-22,2024-09-22 17:30:00,2024-09-22 18:30:00,1,Ditolak,Lembur proyek 4
830,32,2024-09-22,2024-09-22 17:30:00,2024-09-22 21:30:00,4,Disetujui,Lembur proyek 3
831,35,2024-09-22,2024-09-22 17:30:00,2024-09-22 18:30:00,1,Ditolak,Lembur proyek 4
832,37,2024-09-22,2024-09-22 17:30:00,2024-09-22 21:30:00,4,Ditolak,Lembur proyek 5
833,43,2024-09-22,2024-09-22 17:30:00,2024-09-22 20:30:00,3,Ditolak,Lembur proyek 5
834,48,2024-09-22,2024-09-22 17:30:00,2024-09-22 21:30:00,4,Disetujui,Lembur proyek 2
835,6,2024-09-23,2024-09-23 17:30:00,2024-09-23 19:30:00,2,Ditolak,Lembur proyek 2
836,9,2024-09-23,2024-09-23 17:30:00,2024-09-23 18:30:00,1,Disetujui,Lembur proyek 5
837,10,2024-09-23,2024-09-23 17:30:00,2024-09-23 18:30:00,1,Ditolak,Lembur proyek 1
838,23,2024-09-23,2024-09-23 17:30:00,2024-09-23 19:30:00,2,Ditolak,Lembur proyek 1
839,30,2024-09-23,2024-09-23 17:30:00,2024-09-23 20:30:00,3,Disetujui,Lembur proyek 3
840,32,2024-09-23,2024-09-23 17:30:00,2024-09-23 20:30:00,3,Ditolak,Lembur proyek 3
841,39,2024-09-23,2024-09-23 17:30:00,2024-09-23 21:30:00,4,Disetujui,Lembur proyek 1
842,42,2024-09-23,2024-09-23 17:30:00,2024-09-23 18:30:00,1,Disetujui,Lembur proyek 2
843,1,2024-09-24,2024-09-24 17:30:00,2024-09-24 20:30:00,3,Disetujui,Lembur proyek 1
844,19,2024-09-24,2024-09-24 17:30:00,2024-09-24 18:30:00,1,Disetujui,Lembur proyek 2
845,26,2024-09-24,2024-09-24 17:30:00,2024-09-24 18:30:00,1,Disetujui,Lembur proyek 3
846,30,2024-09-24,2024-09-24 17:30:00,2024-09-24 19:30:00,2,Disetujui,Lembur proyek 1
847,39,2024-09-24,2024-09-24 17:30:00,2024-09-24 20:30:00,3,Disetujui,Lembur proyek 5
848,47,2024-09-24,2024-09-24 17:30:00,2024-09-24 19:30:00,2,Disetujui,Lembur proyek 1
849,8,2024-09-25,2024-09-25 17:30:00,2024-09-25 20:30:00,3,Disetujui,Lembur proyek 3
850,9,2024-09-25,2024-09-25 17:30:00,2024-09-25 19:30:00,2,Ditolak,Lembur proyek 5
851,23,2024-09-25,2024-09-25 17:30:00,2024-09-25 19:30:00,2,Disetujui,Lembur proyek 5
852,28,2024-09-25,2024-09-25 17:30:00,2024-09-25 18:30:00,1,Ditolak,Lembur proyek 3
853,31,2024-09-25,2024-09-25 17:30:00,2024-09-25 18:30:00,1,Ditolak,Lembur proyek 5
854,38,2024-09-25,2024-09-25 17:30:00,2024-09-25 18:30:00,1,Disetujui,Lembur proyek 4
855,47,2024-09-25,2024-09-25 17:30:00,2024-09-25 21:30:00,4,Ditolak,Lembur proyek 2
856,49,2024-09-25,2024-09-25 17:30:00,2024-09-25 20:30:00,3,Ditolak,Lembur proyek 4
857,1,2024-09-26,2024-09-26 17:30:00,2024-09-26 20:30:00,3,Ditolak,Lembur proyek 5
858,5,2024-09-26,2024-09-26 17:30:00,2024-09-26 19:30:00,2,Ditolak,Lembur proyek 3
859,6,2024-09-26,2024-09-26 17:30:00,2024-09-26 19:30:00,2,Ditolak,Lembur proyek 3
860,12,2024-09-26,2024-09-26 17:30:00,2024-09-26 20:30:00,3,Disetujui,Lembur proyek 2
861,25,2024-09-26,2024-09-26 17:30:00,2024-09-26 20:30:00,3,Ditolak,Lembur proyek 1
862,32,2024-09-26,2024-09-26 17:30:00,2024-09-26 19:30:00,2,Ditolak,Lembur proyek 5
863,38,2024-09-26,2024-09-26 17:30:00,2024-09-26 18:30:00,1,Ditolak,Lembur proyek 3
864,45,2024-09-26,2024-09-26 17:30:00,2024-09-26 19:30:00,2,Disetujui,Lembur proyek 2
865,50,2024-09-26,2024-09-26 17:30:00,2024-09-26 18:30:00,1,Disetujui,Lembur proyek 5
866,4,2024-09-27,2024-09-27 17:30:00,2024-09-27 18:30:00,1,Disetujui,Lembur proyek 4
867,10,2024-09-27,2024-09-27 17:30:00,2024-09-27 21:30:00,4,Ditolak,Lembur proyek 1
868,23,2024-09-27,2024-09-27 17:30:00,2024-09-27 18:30:00,1,Disetujui,Lembur proyek 4
869,28,2024-09-27,2024-09-27 17:30:00,2024-09-27 18:30:00,1,Ditolak,Lembur proyek 3
870,32,2024-09-27,2024-09-27 17:30:00,2024-09-27 20:30:00,3,Ditolak,Lembur proyek 2
871,36,2024-09-27,2024-09-27 17:30:00,2024-09-27 21:30:00,4,Disetujui,Lembur proyek 3
872,39,2024-09-27,2024-09-27 17:30:00,2024-09-27 20:30:00,3,Disetujui,Lembur proyek 3
873,45,2024-09-27,2024-09-27 17:30:00,2024-09-27 18:30:00,1,Disetujui,Lembur proyek 1
874,50,2024-09-27,2024-09-27 17:30:00,2024-09-27 21:30:00,4,Disetujui,Lembur proyek 1
875,10,2024-09-28,2024-09-28 17:30:00,2024-09-28 21:30:00,4,Disetujui,Lembur proyek 3
876,18,2024-09-28,2024-09-28 17:30:00,2024-09-28 18:30:00,1,Disetujui,Lembur proyek 1
877,21,2024-09-28,2024-09-28 17:30:00,2024-09-28 21:30:00,4,Ditolak,Lembur proyek 5
878,23,2024-09-28,2024-09-28 17:30:00,2024-09-28 21:30:00,4,Ditolak,Lembur proyek 5
879,25,2024-09-28,2024-09-28 17:30:00,2024-09-28 20:30:00,3,Disetujui,Lembur proyek 3
880,31,2024-09-28,2024-09-28 17:30:00,2024-09-28 18:30:00,1,Ditolak,Lembur proyek 2
881,33,2024-09-28,2024-09-28 17:30:00,2024-09-28 21:30:00,4,Ditolak,Lembur proyek 4
882,38,2024-09-28,2024-09-28 17:30:00,2024-09-28 18:30:00,1,Disetujui,Lembur proyek 1
883,40,2024-09-28,2024-09-28 17:30:00,2024-09-28 18:30:00,1,Disetujui,Lembur proyek 2
884,44,2024-09-28,2024-09-28 17:30:00,2024-09-28 21:30:00,4,Ditolak,Lembur proyek 4
885,48,2024-09-28,2024-09-28 17:30:00,2024-09-28 20:30:00,3,Ditolak,Lembur proyek 4
886,8,2024-10-01,2024-10-01 17:30:00,2024-10-01 21:30:00,4,Ditolak,Lembur proyek 2
887,13,2024-10-01,2024-10-01 17:30:00,2024-10-01 21:30:00,4,Disetujui,Lembur proyek 2
888,18,2024-10-01,2024-10-01 17:30:00,2024-10-01 18:30:00,1,Disetujui,Lembur proyek 4
889,19,2024-10-01,2024-10-01 17:30:00,2024-10-01 19:30:00,2,Ditolak,Lembur proyek 5
890,26,2024-10-01,2024-10-01 17:30:00,2024-10-01 19:30:00,2,Disetujui,Lembur proyek 1
891,30,2024-10-01,2024-10-01 17:30:00,2024-10-01 19:30:00,2,Ditolak,Lembur proyek 2
892,31,2024-10-01,2024-10-01 17:30:00,2024-10-01 20:30:00,3,Disetujui,Lembur proyek 4
893,38,2024-10-01,2024-10-01 17:30:00,2024-10-01 19:30:00,2,Ditolak,Lembur proyek 4
894,46,2024-10-01,2024-10-01 17:30:00,2024-10-01 20:30:00,3,Disetujui,Lembur proyek 2
895,48,2024-10-01,2024-10-01 17:30:00,2024-10-01 18:30:00,1,Ditolak,Lembur proyek 5
896,11,2024-10-02,2024-10-02 17:30:00,2024-10-02 18:30:00,1,Disetujui,Lembur proyek 2
897,24,2024-10-02,2024-10-02 17:30:00,2024-10-02 18:30:00,1,Disetujui,Lembur proyek 2
898,34,2024-10-02,2024-10-02 17:30:00,2024-10-02 20:30:00,3,Ditolak,Lembur proyek 3
899,35,2024-10-02,2024-10-02 17:30:00,2024-10-02 18:30:00,1,Ditolak,Lembur proyek 2
900,40,2024-10-02,2024-10-02 17:30:00,2024-10-02 21:30:00,4,Ditolak,Lembur proyek 3
901,43,2024-10-02,2024-10-02 17:30:00,2024-10-02 18:30:00,1,Ditolak,Lembur proyek 4
902,44,2024-10-02,2024-10-02 17:30:00,2024-10-02 20:30:00,3,Ditolak,Lembur proyek 1
903,3,2024-10-03,2024-10-03 17:30:00,2024-10-03 20:30:00,3,Ditolak,Lembur proyek 2
904,4,2024-10-03,2024-10-03 17:30:00,2024-10-03 19:30:00,2,Disetujui,Lembur proyek 5
905,5,2024-10-03,2024-10-03 17:30:00,2024-10-03 20:30:00,3,Ditolak,Lembur proyek 2
906,6,2024-10-03,2024-10-03 17:30:00,2024-10-03 21:30:00,4,Ditolak,Lembur proyek 1
907,9,2024-10-03,2024-10-03 17:30:00,2024-10-03 18:30:00,1,Disetujui,Lembur proyek 3
908,15,2024-10-03,2024-10-03 17:30:00,2024-10-03 18:30:00,1,Ditolak,Lembur proyek 2
909,17,2024-10-03,2024-10-03 17:30:00,2024-10-03 21:30:00,4,Ditolak,Lembur proyek 1
910,20,2024-10-03,2024-10-03 17:30:00,2024-10-03 21:30:00,4,Ditolak,Lembur proyek 3
911,25,2024-10-03,2024-10-03 17:30:00,2024-10-03 18:30:00,1,Ditolak,Lembur proyek 5
912,28,2024-10-03,2024-10-03 17:30:00,2024-10-03 18:30:00,1,Ditolak,Lembur proyek 4
913,30,2024-10-03,2024-10-03 17:30:00,2024-10-03 21:30:00,4,Ditolak,Lembur proyek 1
914,35,2024-10-03,2024-10-03 17:30:00,2024-10-03 20:30:00,3,Disetujui,Lembur proyek 4
915,38,2024-10-03,2024-10-03 17:30:00,2024-10-03 20:30:00,3,Disetujui,Lembur proyek 5
916,41,2024-10-03,2024-10-03 17:30:00,2024-10-03 18:30:00,1,Ditolak,Lembur proyek 3
917,42,2024-10-03,2024-10-03 17:30:00,2024-10-03 18:30:00,1,Ditolak,Lembur proyek 1
918,3,2024-10-04,2024-10-04 17:30:00,2024-10-04 21:30:00,4,Disetujui,Lembur proyek 3
919,9,2024-10-04,2024-10-04 17:30:00,2024-10-04 21:30:00,4,Ditolak,Lembur proyek 3
920,12,2024-10-04,2024-10-04 17:30:00,2024-10-04 20:30:00,3,Ditolak,Lembur proyek 1
921,18,2024-10-04,2024-10-04 17:30:00,2024-10-04 21:30:00,4,Disetujui,Lembur proyek 5
922,25,2024-10-04,2024-10-04 17:30:00,2024-10-04 20:30:00,3,Ditolak,Lembur proyek 1
923,28,2024-10-04,2024-10-04 17:30:00,2024-10-04 20:30:00,3,Disetujui,Lembur proyek 2
924,35,2024-10-04,2024-10-04 17:30:00,2024-10-04 19:30:00,2,Disetujui,Lembur proyek 2
925,37,2024-10-04,2024-10-04 17:30:00,2024-10-04 21:30:00,4,Ditolak,Lembur proyek 1
926,40,2024-10-04,2024-10-04 17:30:00,2024-10-04 19:30:00,2,Ditolak,Lembur proyek 2
927,41,2024-10-04,2024-10-04 17:30:00,2024-10-04 19:30:00,2,Disetujui,Lembur proyek 3
928,44,2024-10-04,2024-10-04 17:30:00,2024-10-04 20:30:00,3,Disetujui,Lembur proyek 4
929,49,2024-10-04,2024-10-04 17:30:00,2024-10-04 19:30:00,2,Disetujui,Lembur proyek 4
930,1,2024-10-05,2024-10-05 17:30:00,2024-10-05 18:30:00,1,Ditolak,Lembur proyek 4
931,3,2024-10-05,2024-10-05 17:30:00,2024-10-05 18:30:00,1,Ditolak,Lembur proyek 5
932,5,2024-10-05,2024-10-05 17:30:00,2024-10-05 19:30:00,2,Ditolak,Lembur proyek 3
933,9,2024-10-05,2024-10-05 17:30:00,2024-10-05 18:30:00,1,Disetujui,Lembur proyek 1
934,16,2024-10-05,2024-10-05 17:30:00,2024-10-05 20:30:00,3,Ditolak,Lembur proyek 4
935,24,2024-10-05,2024-10-05 17:30:00,2024-10-05 19:30:00,2,Ditolak,Lembur proyek 5
936,26,2024-10-05,2024-10-05 17:30:00,2024-10-05 18:30:00,1,Ditolak,Lembur proyek 4
937,30,2024-10-05,2024-10-05 17:30:00,2024-10-05 19:30:00,2,Disetujui,Lembur proyek 5
938,32,2024-10-05,2024-10-05 17:30:00,2024-10-05 21:30:00,4,Disetujui,Lembur proyek 5
939,33,2024-10-05,2024-10-05 17:30:00,2024-10-05 21:30:00,4,Ditolak,Lembur proyek 1
940,34,2024-10-05,2024-10-05 17:30:00,2024-10-05 20:30:00,3,Disetujui,Lembur proyek 3
941,36,2024-10-05,2024-10-05 17:30:00,2024-10-05 20:30:00,3,Disetujui,Lembur proyek 1
942,38,2024-10-05,2024-10-05 17:30:00,2024-10-05 19:30:00,2,Disetujui,Lembur proyek 1
943,46,2024-10-05,2024-10-05 17:30:00,2024-10-05 20:30:00,3,Ditolak,Lembur proyek 2
944,1,2024-10-06,2024-10-06 17:30:00,2024-10-06 18:30:00,1,Disetujui,Lembur proyek 2
945,4,2024-10-06,2024-10-06 17:30:00,2024-10-06 18:30:00,1,Ditolak,Lembur proyek 5
946,7,2024-10-06,2024-10-06 17:30:00,2024-10-06 20:30:00,3,Ditolak,Lembur proyek 3
947,9,2024-10-06,2024-10-06 17:30:00,2024-10-06 19:30:00,2,Ditolak,Lembur proyek 3
948,12,2024-10-06,2024-10-06 17:30:00,2024-10-06 21:30:00,4,Ditolak,Lembur proyek 5
949,14,2024-10-06,2024-10-06 17:30:00,2024-10-06 20:30:00,3,Ditolak,Lembur proyek 4
950,17,2024-10-06,2024-10-06 17:30:00,2024-10-06 19:30:00,2,Disetujui,Lembur proyek 2
951,20,2024-10-06,2024-10-06 17:30:00,2024-10-06 19:30:00,2,Ditolak,Lembur proyek 1
952,24,2024-10-06,2024-10-06 17:30:00,2024-10-06 21:30:00,4,Ditolak,Lembur proyek 2
953,26,2024-10-06,2024-10-06 17:30:00,2024-10-06 20:30:00,3,Disetujui,Lembur proyek 4
954,35,2024-10-06,2024-10-06 17:30:00,2024-10-06 20:30:00,3,Disetujui,Lembur proyek 5
955,42,2024-10-06,2024-10-06 17:30:00,2024-10-06 21:30:00,4,Disetujui,Lembur proyek 4
956,2,2024-10-07,2024-10-07 17:30:00,2024-10-07 19:30:00,2,Ditolak,Lembur proyek 3
957,6,2024-10-07,2024-10-07 17:30:00,2024-10-07 18:30:00,1,Ditolak,Lembur proyek 4
958,7,2024-10-07,2024-10-07 17:30:00,2024-10-07 21:30:00,4,Ditolak,Lembur proyek 2
959,8,2024-10-07,2024-10-07 17:30:00,2024-10-07 21:30:00,4,Disetujui,Lembur proyek 4
960,11,2024-10-07,2024-10-07 17:30:00,2024-10-07 21:30:00,4,Disetujui,Lembur proyek 4
961,14,2024-10-07,2024-10-07 17:30:00,2024-10-07 21:30:00,4,Disetujui,Lembur proyek 4
962,15,2024-10-07,2024-10-07 17:30:00,2024-10-07 20:30:00,3,Ditolak,Lembur proyek 4
963,27,2024-10-07,2024-10-07 17:30:00,2024-10-07 18:30:00,1,Ditolak,Lembur proyek 2
964,28,2024-10-07,2024-10-07 17:30:00,2024-10-07 18:30:00,1,Ditolak,Lembur proyek 1
965,40,2024-10-07,2024-10-07 17:30:00,2024-10-07 20:30:00,3,Disetujui,Lembur proyek 4
966,47,2024-10-07,2024-10-07 17:30:00,2024-10-07 19:30:00,2,Disetujui,Lembur proyek 2
967,50,2024-10-07,2024-10-07 17:30:00,2024-10-07 18:30:00,1,Ditolak,Lembur proyek 3
968,3,2024-10-08,2024-10-08 17:30:00,2024-10-08 20:30:00,3,Disetujui,Lembur proyek 3
969,7,2024-10-08,2024-10-08 17:30:00,2024-10-08 20:30:00,3,Ditolak,Lembur proyek 3
970,13,2024-10-08,2024-10-08 17:30:00,2024-10-08 19:30:00,2,Disetujui,Lembur proyek 4
971,16,2024-10-08,2024-10-08 17:30:00,2024-10-08 20:30:00,3,Ditolak,Lembur proyek 5
972,19,2024-10-08,2024-10-08 17:30:00,2024-10-08 21:30:00,4,Ditolak,Lembur proyek 4
973,32,2024-10-08,2024-10-08 17:30:00,2024-10-08 20:30:00,3,Disetujui,Lembur proyek 2
974,2,2024-10-09,2024-10-09 17:30:00,2024-10-09 20:30:00,3,Disetujui,Lembur proyek 5
975,3,2024-10-09,2024-10-09 17:30:00,2024-10-09 19:30:00,2,Ditolak,Lembur proyek 3
976,23,2024-10-09,2024-10-09 17:30:00,2024-10-09 20:30:00,3,Disetujui,Lembur proyek 2
977,24,2024-10-09,2024-10-09 17:30:00,2024-10-09 20:30:00,3,Ditolak,Lembur proyek 1
978,30,2024-10-09,2024-10-09 17:30:00,2024-10-09 19:30:00,2,Disetujui,Lembur proyek 1
979,39,2024-10-09,2024-10-09 17:30:00,2024-10-09 20:30:00,3,Ditolak,Lembur proyek 5
980,42,2024-10-09,2024-10-09 17:30:00,2024-10-09 20:30:00,3,Disetujui,Lembur proyek 3
981,48,2024-10-09,2024-10-09 17:30:00,2024-10-09 21:30:00,4,Disetujui,Lembur proyek 1
982,11,2024-10-10,2024-10-10 17:30:00,2024-10-10 18:30:00,1,Ditolak,Lembur proyek 5
983,16,2024-10-10,2024-10-10 17:30:00,2024-10-10 18:30:00,1,Disetujui,Lembur proyek 1
984,17,2024-10-10,2024-10-10 17:30:00,2024-10-10 20:30:00,3,Ditolak,Lembur proyek 5
985,38,2024-10-10,2024-10-10 17:30:00,2024-10-10 18:30:00,1,Disetujui,Lembur proyek 3
986,45,2024-10-10,2024-10-10 17:30:00,2024-10-10 21:30:00,4,Disetujui,Lembur proyek 1
987,48,2024-10-10,2024-10-10 17:30:00,2024-10-10 20:30:00,3,Disetujui,Lembur proyek 4
988,50,2024-10-10,2024-10-10 17:30:00,2024-10-10 20:30:00,3,Ditolak,Lembur proyek 1
989,7,2024-10-11,2024-10-11 17:30:00,2024-10-11 20:30:00,3,Disetujui,Lembur proyek 5
990,9,2024-10-11,2024-10-11 17:30:00,2024-10-11 18:30:00,1,Ditolak,Lembur proyek 3
991,11,2024-10-11,2024-10-11 17:30:00,2024-10-11 19:30:00,2,Ditolak,Lembur proyek 2
992,14,2024-10-11,2024-10-11 17:30:00,2024-10-11 20:30:00,3,Disetujui,Lembur proyek 4
993,22,2024-10-11,2024-10-11 17:30:00,2024-10-11 20:30:00,3,Disetujui,Lembur proyek 5
994,25,2024-10-11,2024-10-11 17:30:00,2024-10-11 21:30:00,4,Disetujui,Lembur proyek 2
995,27,2024-10-11,2024-10-11 17:30:00,2024-10-11 20:30:00,3,Ditolak,Lembur proyek 5
996,44,2024-10-11,2024-10-11 17:30:00,2024-10-11 19:30:00,2,Ditolak,Lembur proyek 2
997,14,2024-10-12,2024-10-12 17:30:00,2024-10-12 19:30:00,2,Disetujui,Lembur proyek 3
998,15,2024-10-12,2024-10-12 17:30:00,2024-10-12 20:30:00,3,Ditolak,Lembur proyek 1
999,21,2024-10-12,2024-10-12 17:30:00,2024-10-12 21:30:00,4,Ditolak,Lembur proyek 5
1000,25,2024-10-12,2024-10-12 17:30:00,2024-10-12 19:30:00,2,Disetujui,Lembur proyek 3
1001,26,2024-10-12,2024-10-12 17:30:00,2024-10-12 20:30:00,3,Disetujui,Lembur proyek 2
1002,27,2024-10-12,2024-10-12 17:30:00,2024-10-12 18:30:00,1,Ditolak,Lembur proyek 5
1003,33,2024-10-12,2024-10-12 17:30:00,2024-10-12 21:30:00,4,Disetujui,Lembur proyek 4
1004,35,2024-10-12,2024-10-12 17:30:00,2024-10-12 19:30:00,2,Disetujui,Lembur proyek 2
1005,45,2024-10-12,2024-10-12 17:30:00,2024-10-12 21:30:00,4,Disetujui,Lembur proyek 2
1006,48,2024-10-12,2024-10-12 17:30:00,2024-10-12 21:30:00,4,Ditolak,Lembur proyek 3
1007,1,2024-10-13,2024-10-13 17:30:00,2024-10-13 20:30:00,3,Disetujui,Lembur proyek 2
1008,5,2024-10-13,2024-10-13 17:30:00,2024-10-13 19:30:00,2,Ditolak,Lembur proyek 4
1009,21,2024-10-13,2024-10-13 17:30:00,2024-10-13 20:30:00,3,Disetujui,Lembur proyek 1
1010,26,2024-10-13,2024-10-13 17:30:00,2024-10-13 18:30:00,1,Ditolak,Lembur proyek 1
1011,34,2024-10-13,2024-10-13 17:30:00,2024-10-13 19:30:00,2,Ditolak,Lembur proyek 1
1012,43,2024-10-13,2024-10-13 17:30:00,2024-10-13 20:30:00,3,Disetujui,Lembur proyek 2
1013,45,2024-10-13,2024-10-13 17:30:00,2024-10-13 21:30:00,4,Ditolak,Lembur proyek 3
1014,46,2024-10-13,2024-10-13 17:30:00,2024-10-13 20:30:00,3,Ditolak,Lembur proyek 2
1015,5,2024-10-14,2024-10-14 17:30:00,2024-10-14 18:30:00,1,Disetujui,Lembur proyek 3
1016,11,2024-10-14,2024-10-14 17:30:00,2024-10-14 19:30:00,2,Ditolak,Lembur proyek 5
1017,17,2024-10-14,2024-10-14 17:30:00,2024-10-14 20:30:00,3,Disetujui,Lembur proyek 5
1018,19,2024-10-14,2024-10-14 17:30:00,2024-10-14 21:30:00,4,Disetujui,Lembur proyek 3
1019,34,2024-10-14,2024-10-14 17:30:00,2024-10-14 19:30:00,2,Disetujui,Lembur proyek 5
1020,49,2024-10-14,2024-10-14 17:30:00,2024-10-14 21:30:00,4,Disetujui,Lembur proyek 5
1021,3,2024-10-15,2024-10-15 17:30:00,2024-10-15 21:30:00,4,Ditolak,Lembur proyek 2
1022,6,2024-10-15,2024-10-15 17:30:00,2024-10-15 19:30:00,2,Ditolak,Lembur proyek 1
1023,7,2024-10-15,2024-10-15 17:30:00,2024-10-15 21:30:00,4,Disetujui,Lembur proyek 2
1024,12,2024-10-15,2024-10-15 17:30:00,2024-10-15 20:30:00,3,Ditolak,Lembur proyek 4
1025,17,2024-10-15,2024-10-15 17:30:00,2024-10-15 21:30:00,4,Ditolak,Lembur proyek 2
1026,21,2024-10-15,2024-10-15 17:30:00,2024-10-15 21:30:00,4,Ditolak,Lembur proyek 5
1027,30,2024-10-15,2024-10-15 17:30:00,2024-10-15 21:30:00,4,Disetujui,Lembur proyek 2
1028,33,2024-10-15,2024-10-15 17:30:00,2024-10-15 21:30:00,4,Ditolak,Lembur proyek 5
1029,35,2024-10-15,2024-10-15 17:30:00,2024-10-15 20:30:00,3,Disetujui,Lembur proyek 1
1030,46,2024-10-15,2024-10-15 17:30:00,2024-10-15 18:30:00,1,Disetujui,Lembur proyek 2
1031,47,2024-10-15,2024-10-15 17:30:00,2024-10-15 18:30:00,1,Disetujui,Lembur proyek 3
1032,48,2024-10-15,2024-10-15 17:30:00,2024-10-15 19:30:00,2,Ditolak,Lembur proyek 1
1033,49,2024-10-15,2024-10-15 17:30:00,2024-10-15 20:30:00,3,Disetujui,Lembur proyek 4
1034,6,2024-10-16,2024-10-16 17:30:00,2024-10-16 18:30:00,1,Ditolak,Lembur proyek 1
1035,8,2024-10-16,2024-10-16 17:30:00,2024-10-16 20:30:00,3,Disetujui,Lembur proyek 4
1036,14,2024-10-16,2024-10-16 17:30:00,2024-10-16 18:30:00,1,Disetujui,Lembur proyek 3
1037,15,2024-10-16,2024-10-16 17:30:00,2024-10-16 20:30:00,3,Ditolak,Lembur proyek 2
1038,16,2024-10-16,2024-10-16 17:30:00,2024-10-16 20:30:00,3,Disetujui,Lembur proyek 2
1039,17,2024-10-16,2024-10-16 17:30:00,2024-10-16 19:30:00,2,Disetujui,Lembur proyek 1
1040,31,2024-10-16,2024-10-16 17:30:00,2024-10-16 20:30:00,3,Disetujui,Lembur proyek 2
1041,32,2024-10-16,2024-10-16 17:30:00,2024-10-16 19:30:00,2,Ditolak,Lembur proyek 3
1042,35,2024-10-16,2024-10-16 17:30:00,2024-10-16 21:30:00,4,Disetujui,Lembur proyek 4
1043,37,2024-10-16,2024-10-16 17:30:00,2024-10-16 19:30:00,2,Ditolak,Lembur proyek 4
1044,45,2024-10-16,2024-10-16 17:30:00,2024-10-16 18:30:00,1,Ditolak,Lembur proyek 3
1045,16,2024-10-17,2024-10-17 17:30:00,2024-10-17 21:30:00,4,Disetujui,Lembur proyek 3
1046,17,2024-10-17,2024-10-17 17:30:00,2024-10-17 20:30:00,3,Disetujui,Lembur proyek 2
1047,21,2024-10-17,2024-10-17 17:30:00,2024-10-17 18:30:00,1,Ditolak,Lembur proyek 5
1048,22,2024-10-17,2024-10-17 17:30:00,2024-10-17 18:30:00,1,Disetujui,Lembur proyek 4
1049,25,2024-10-17,2024-10-17 17:30:00,2024-10-17 21:30:00,4,Ditolak,Lembur proyek 5
1050,31,2024-10-17,2024-10-17 17:30:00,2024-10-17 21:30:00,4,Ditolak,Lembur proyek 4
1051,33,2024-10-17,2024-10-17 17:30:00,2024-10-17 20:30:00,3,Ditolak,Lembur proyek 4
1052,35,2024-10-17,2024-10-17 17:30:00,2024-10-17 21:30:00,4,Disetujui,Lembur proyek 5
1053,36,2024-10-17,2024-10-17 17:30:00,2024-10-17 18:30:00,1,Ditolak,Lembur proyek 4
1054,41,2024-10-17,2024-10-17 17:30:00,2024-10-17 19:30:00,2,Ditolak,Lembur proyek 3
1055,42,2024-10-17,2024-10-17 17:30:00,2024-10-17 20:30:00,3,Disetujui,Lembur proyek 1
1056,47,2024-10-17,2024-10-17 17:30:00,2024-10-17 20:30:00,3,Ditolak,Lembur proyek 5
1057,50,2024-10-17,2024-10-17 17:30:00,2024-10-17 19:30:00,2,Disetujui,Lembur proyek 4
1058,1,2024-10-18,2024-10-18 17:30:00,2024-10-18 21:30:00,4,Disetujui,Lembur proyek 3
1059,3,2024-10-18,2024-10-18 17:30:00,2024-10-18 18:30:00,1,Disetujui,Lembur proyek 5
1060,5,2024-10-18,2024-10-18 17:30:00,2024-10-18 18:30:00,1,Disetujui,Lembur proyek 4
1061,11,2024-10-18,2024-10-18 17:30:00,2024-10-18 18:30:00,1,Disetujui,Lembur proyek 4
1062,21,2024-10-18,2024-10-18 17:30:00,2024-10-18 19:30:00,2,Disetujui,Lembur proyek 3
1063,24,2024-10-18,2024-10-18 17:30:00,2024-10-18 18:30:00,1,Ditolak,Lembur proyek 1
1064,25,2024-10-18,2024-10-18 17:30:00,2024-10-18 18:30:00,1,Disetujui,Lembur proyek 5
1065,39,2024-10-18,2024-10-18 17:30:00,2024-10-18 18:30:00,1,Disetujui,Lembur proyek 5
1066,40,2024-10-18,2024-10-18 17:30:00,2024-10-18 21:30:00,4,Ditolak,Lembur proyek 3
1067,44,2024-10-18,2024-10-18 17:30:00,2024-10-18 19:30:00,2,Disetujui,Lembur proyek 2
1068,47,2024-10-18,2024-10-18 17:30:00,2024-10-18 19:30:00,2,Disetujui,Lembur proyek 3
1069,3,2024-10-19,2024-10-19 17:30:00,2024-10-19 19:30:00,2,Disetujui,Lembur proyek 4
1070,5,2024-10-19,2024-10-19 17:30:00,2024-10-19 18:30:00,1,Disetujui,Lembur proyek 2
1071,11,2024-10-19,2024-10-19 17:30:00,2024-10-19 20:30:00,3,Disetujui,Lembur proyek 4
1072,12,2024-10-19,2024-10-19 17:30:00,2024-10-19 20:30:00,3,Disetujui,Lembur proyek 2
1073,16,2024-10-19,2024-10-19 17:30:00,2024-10-19 18:30:00,1,Ditolak,Lembur proyek 5
1074,20,2024-10-19,2024-10-19 17:30:00,2024-10-19 21:30:00,4,Ditolak,Lembur proyek 2
1075,24,2024-10-19,2024-10-19 17:30:00,2024-10-19 18:30:00,1,Disetujui,Lembur proyek 5
1076,25,2024-10-19,2024-10-19 17:30:00,2024-10-19 19:30:00,2,Disetujui,Lembur proyek 1
1077,27,2024-10-19,2024-10-19 17:30:00,2024-10-19 18:30:00,1,Ditolak,Lembur proyek 5
1078,28,2024-10-19,2024-10-19 17:30:00,2024-10-19 20:30:00,3,Ditolak,Lembur proyek 1
1079,32,2024-10-19,2024-10-19 17:30:00,2024-10-19 21:30:00,4,Ditolak,Lembur proyek 4
1080,39,2024-10-19,2024-10-19 17:30:00,2024-10-19 21:30:00,4,Disetujui,Lembur proyek 2
1081,42,2024-10-19,2024-10-19 17:30:00,2024-10-19 21:30:00,4,Disetujui,Lembur proyek 2
1082,48,2024-10-19,2024-10-19 17:30:00,2024-10-19 21:30:00,4,Disetujui,Lembur proyek 5
1083,50,2024-10-19,2024-10-19 17:30:00,2024-10-19 19:30:00,2,Ditolak,Lembur proyek 2
1084,3,2024-10-20,2024-10-20 17:30:00,2024-10-20 20:30:00,3,Disetujui,Lembur proyek 4
1085,12,2024-10-20,2024-10-20 17:30:00,2024-10-20 20:30:00,3,Disetujui,Lembur proyek 2
1086,15,2024-10-20,2024-10-20 17:30:00,2024-10-20 19:30:00,2,Disetujui,Lembur proyek 1
1087,16,2024-10-20,2024-10-20 17:30:00,2024-10-20 20:30:00,3,Disetujui,Lembur proyek 1
1088,20,2024-10-20,2024-10-20 17:30:00,2024-10-20 20:30:00,3,Ditolak,Lembur proyek 3
1089,21,2024-10-20,2024-10-20 17:30:00,2024-10-20 18:30:00,1,Ditolak,Lembur proyek 3
1090,24,2024-10-20,2024-10-20 17:30:00,2024-10-20 20:30:00,3,Ditolak,Lembur proyek 1
1091,32,2024-10-20,2024-10-20 17:30:00,2024-10-20 21:30:00,4,Disetujui,Lembur proyek 1
1092,37,2024-10-20,2024-10-20 17:30:00,2024-10-20 21:30:00,4,Ditolak,Lembur proyek 2
1093,41,2024-10-20,2024-10-20 17:30:00,2024-10-20 21:30:00,4,Disetujui,Lembur proyek 3
1094,42,2024-10-20,2024-10-20 17:30:00,2024-10-20 18:30:00,1,Ditolak,Lembur proyek 4
1095,50,2024-10-20,2024-10-20 17:30:00,2024-10-20 18:30:00,1,Ditolak,Lembur proyek 2
1096,2,2024-10-21,2024-10-21 17:30:00,2024-10-21 21:30:00,4,Ditolak,Lembur proyek 2
1097,5,2024-10-21,2024-10-21 17:30:00,2024-10-21 21:30:00,4,Ditolak,Lembur proyek 2
1098,7,2024-10-21,2024-10-21 17:30:00,2024-10-21 21:30:00,4,Ditolak,Lembur proyek 4
1099,10,2024-10-21,2024-10-21 17:30:00,2024-10-21 21:30:00,4,Disetujui,Lembur proyek 1
1100,23,2024-10-21,2024-10-21 17:30:00,2024-10-21 19:30:00,2,Disetujui,Lembur proyek 2
1101,26,2024-10-21,2024-10-21 17:30:00,2024-10-21 20:30:00,3,Disetujui,Lembur proyek 4
1102,33,2024-10-21,2024-10-21 17:30:00,2024-10-21 21:30:00,4,Disetujui,Lembur proyek 1
1103,34,2024-10-21,2024-10-21 17:30:00,2024-10-21 21:30:00,4,Ditolak,Lembur proyek 5
1104,50,2024-10-21,2024-10-21 17:30:00,2024-10-21 21:30:00,4,Disetujui,Lembur proyek 3
1105,5,2024-10-22,2024-10-22 17:30:00,2024-10-22 19:30:00,2,Disetujui,Lembur proyek 3
1106,7,2024-10-22,2024-10-22 17:30:00,2024-10-22 21:30:00,4,Ditolak,Lembur proyek 2
1107,8,2024-10-22,2024-10-22 17:30:00,2024-10-22 18:30:00,1,Ditolak,Lembur proyek 4
1108,14,2024-10-22,2024-10-22 17:30:00,2024-10-22 18:30:00,1,Ditolak,Lembur proyek 5
1109,15,2024-10-22,2024-10-22 17:30:00,2024-10-22 21:30:00,4,Disetujui,Lembur proyek 5
1110,21,2024-10-22,2024-10-22 17:30:00,2024-10-22 21:30:00,4,Disetujui,Lembur proyek 3
1111,27,2024-10-22,2024-10-22 17:30:00,2024-10-22 19:30:00,2,Ditolak,Lembur proyek 3
1112,35,2024-10-22,2024-10-22 17:30:00,2024-10-22 21:30:00,4,Disetujui,Lembur proyek 5
1113,36,2024-10-22,2024-10-22 17:30:00,2024-10-22 18:30:00,1,Disetujui,Lembur proyek 3
1114,38,2024-10-22,2024-10-22 17:30:00,2024-10-22 19:30:00,2,Disetujui,Lembur proyek 2
1115,43,2024-10-22,2024-10-22 17:30:00,2024-10-22 21:30:00,4,Disetujui,Lembur proyek 1
1116,48,2024-10-22,2024-10-22 17:30:00,2024-10-22 21:30:00,4,Ditolak,Lembur proyek 4
1117,9,2024-10-23,2024-10-23 17:30:00,2024-10-23 20:30:00,3,Disetujui,Lembur proyek 1
1118,11,2024-10-23,2024-10-23 17:30:00,2024-10-23 20:30:00,3,Ditolak,Lembur proyek 1
1119,20,2024-10-23,2024-10-23 17:30:00,2024-10-23 20:30:00,3,Ditolak,Lembur proyek 3
1120,22,2024-10-23,2024-10-23 17:30:00,2024-10-23 20:30:00,3,Ditolak,Lembur proyek 3
1121,23,2024-10-23,2024-10-23 17:30:00,2024-10-23 20:30:00,3,Disetujui,Lembur proyek 2
1122,25,2024-10-23,2024-10-23 17:30:00,2024-10-23 18:30:00,1,Ditolak,Lembur proyek 1
1123,26,2024-10-23,2024-10-23 17:30:00,2024-10-23 21:30:00,4,Disetujui,Lembur proyek 2
1124,30,2024-10-23,2024-10-23 17:30:00,2024-10-23 19:30:00,2,Disetujui,Lembur proyek 2
1125,31,2024-10-23,2024-10-23 17:30:00,2024-10-23 19:30:00,2,Disetujui,Lembur proyek 3
1126,33,2024-10-23,2024-10-23 17:30:00,2024-10-23 19:30:00,2,Disetujui,Lembur proyek 1
1127,39,2024-10-23,2024-10-23 17:30:00,2024-10-23 21:30:00,4,Ditolak,Lembur proyek 5
1128,42,2024-10-23,2024-10-23 17:30:00,2024-10-23 19:30:00,2,Ditolak,Lembur proyek 2
1129,45,2024-10-23,2024-10-23 17:30:00,2024-10-23 18:30:00,1,Disetujui,Lembur proyek 5
1130,47,2024-10-23,2024-10-23 17:30:00,2024-10-23 19:30:00,2,Disetujui,Lembur proyek 5
1131,50,2024-10-23,2024-10-23 17:30:00,2024-10-23 19:30:00,2,Disetujui,Lembur proyek 5
1132,8,2024-10-24,2024-10-24 17:30:00,2024-10-24 21:30:00,4,Disetujui,Lembur proyek 2
1133,11,2024-10-24,2024-10-24 17:30:00,2024-10-24 19:30:00,2,Ditolak,Lembur proyek 5
1134,17,2024-10-24,2024-10-24 17:30:00,2024-10-24 21:30:00,4,Disetujui,Lembur proyek 5
1135,19,2024-10-24,2024-10-24 17:30:00,2024-10-24 18:30:00,1,Ditolak,Lembur proyek 5
1136,23,2024-10-24,2024-10-24 17:30:00,2024-10-24 21:30:00,4,Disetujui,Lembur proyek 4
1137,30,2024-10-24,2024-10-24 17:30:00,2024-10-24 20:30:00,3,Ditolak,Lembur proyek 3
1138,42,2024-10-24,2024-10-24 17:30:00,2024-10-24 19:30:00,2,Ditolak,Lembur proyek 5
1139,49,2024-10-24,2024-10-24 17:30:00,2024-10-24 21:30:00,4,Disetujui,Lembur proyek 5
1140,7,2024-10-25,2024-10-25 17:30:00,2024-10-25 20:30:00,3,Disetujui,Lembur proyek 2
1141,8,2024-10-25,2024-10-25 17:30:00,2024-10-25 20:30:00,3,Ditolak,Lembur proyek 3
1142,12,2024-10-25,2024-10-25 17:30:00,2024-10-25 19:30:00,2,Disetujui,Lembur proyek 4
1143,20,2024-10-25,2024-10-25 17:30:00,2024-10-25 21:30:00,4,Ditolak,Lembur proyek 1
1144,21,2024-10-25,2024-10-25 17:30:00,2024-10-25 20:30:00,3,Ditolak,Lembur proyek 4
1145,28,2024-10-25,2024-10-25 17:30:00,2024-10-25 20:30:00,3,Ditolak,Lembur proyek 1
1146,36,2024-10-25,2024-10-25 17:30:00,2024-10-25 20:30:00,3,Ditolak,Lembur proyek 1
1147,44,2024-10-25,2024-10-25 17:30:00,2024-10-25 18:30:00,1,Ditolak,Lembur proyek 3
1148,49,2024-10-25,2024-10-25 17:30:00,2024-10-25 20:30:00,3,Ditolak,Lembur proyek 1
1149,12,2024-10-26,2024-10-26 17:30:00,2024-10-26 21:30:00,4,Disetujui,Lembur proyek 1
1150,16,2024-10-26,2024-10-26 17:30:00,2024-10-26 18:30:00,1,Ditolak,Lembur proyek 4
1151,19,2024-10-26,2024-10-26 17:30:00,2024-10-26 19:30:00,2,Disetujui,Lembur proyek 3
1152,20,2024-10-26,2024-10-26 17:30:00,2024-10-26 21:30:00,4,Disetujui,Lembur proyek 3
1153,24,2024-10-26,2024-10-26 17:30:00,2024-10-26 19:30:00,2,Disetujui,Lembur proyek 2
1154,25,2024-10-26,2024-10-26 17:30:00,2024-10-26 20:30:00,3,Disetujui,Lembur proyek 1
1155,26,2024-10-26,2024-10-26 17:30:00,2024-10-26 21:30:00,4,Disetujui,Lembur proyek 4
1156,41,2024-10-26,2024-10-26 17:30:00,2024-10-26 19:30:00,2,Ditolak,Lembur proyek 2
1157,42,2024-10-26,2024-10-26 17:30:00,2024-10-26 19:30:00,2,Disetujui,Lembur proyek 1
1158,44,2024-10-26,2024-10-26 17:30:00,2024-10-26 20:30:00,3,Ditolak,Lembur proyek 4
1159,48,2024-10-26,2024-10-26 17:30:00,2024-10-26 20:30:00,3,Ditolak,Lembur proyek 2
1160,3,2024-10-27,2024-10-27 17:30:00,2024-10-27 19:30:00,2,Ditolak,Lembur proyek 2
1161,14,2024-10-27,2024-10-27 17:30:00,2024-10-27 19:30:00,2,Ditolak,Lembur proyek 1
1162,16,2024-10-27,2024-10-27 17:30:00,2024-10-27 18:30:00,1,Disetujui,Lembur proyek 1
1163,36,2024-10-27,2024-10-27 17:30:00,2024-10-27 21:30:00,4,Ditolak,Lembur proyek 3
1164,45,2024-10-27,2024-10-27 17:30:00,2024-10-27 18:30:00,1,Disetujui,Lembur proyek 4
1165,11,2024-10-28,2024-10-28 17:30:00,2024-10-28 20:30:00,3,Disetujui,Lembur proyek 3
1166,12,2024-10-28,2024-10-28 17:30:00,2024-10-28 20:30:00,3,Ditolak,Lembur proyek 1
1167,18,2024-10-28,2024-10-28 17:30:00,2024-10-28 18:30:00,1,Ditolak,Lembur proyek 2
1168,23,2024-10-28,2024-10-28 17:30:00,2024-10-28 20:30:00,3,Disetujui,Lembur proyek 1
1169,27,2024-10-28,2024-10-28 17:30:00,2024-10-28 21:30:00,4,Ditolak,Lembur proyek 4
1170,41,2024-10-28,2024-10-28 17:30:00,2024-10-28 21:30:00,4,Disetujui,Lembur proyek 4
1171,47,2024-10-28,2024-10-28 17:30:00,2024-10-28 19:30:00,2,Disetujui,Lembur proyek 4
1172,2,2024-11-01,2024-11-01 17:30:00,2024-11-01 19:30:00,2,Disetujui,Lembur proyek 1
1173,23,2024-11-01,2024-11-01 17:30:00,2024-11-01 20:30:00,3,Disetujui,Lembur proyek 3
1174,27,2024-11-01,2024-11-01 17:30:00,2024-11-01 20:30:00,3,Disetujui,Lembur proyek 3
1175,33,2024-11-01,2024-11-01 17:30:00,2024-11-01 19:30:00,2,Disetujui,Lembur proyek 3
1176,37,2024-11-01,2024-11-01 17:30:00,2024-11-01 20:30:00,3,Disetujui,Lembur proyek 3
1177,44,2024-11-01,2024-11-01 17:30:00,2024-11-01 19:30:00,2,Ditolak,Lembur proyek 5
1178,5,2024-11-02,2024-11-02 17:30:00,2024-11-02 19:30:00,2,Ditolak,Lembur proyek 3
1179,6,2024-11-02,2024-11-02 17:30:00,2024-11-02 18:30:00,1,Disetujui,Lembur proyek 2
1180,9,2024-11-02,2024-11-02 17:30:00,2024-11-02 20:30:00,3,Disetujui,Lembur proyek 3
1181,17,2024-11-02,2024-11-02 17:30:00,2024-11-02 18:30:00,1,Disetujui,Lembur proyek 2
1182,19,2024-11-02,2024-11-02 17:30:00,2024-11-02 18:30:00,1,Disetujui,Lembur proyek 4
1183,24,2024-11-02,2024-11-02 17:30:00,2024-11-02 19:30:00,2,Ditolak,Lembur proyek 3
1184,29,2024-11-02,2024-11-02 17:30:00,2024-11-02 18:30:00,1,Disetujui,Lembur proyek 5
1185,32,2024-11-02,2024-11-02 17:30:00,2024-11-02 20:30:00,3,Disetujui,Lembur proyek 2
1186,38,2024-11-02,2024-11-02 17:30:00,2024-11-02 18:30:00,1,Ditolak,Lembur proyek 1
1187,44,2024-11-02,2024-11-02 17:30:00,2024-11-02 20:30:00,3,Disetujui,Lembur proyek 1
1188,6,2024-11-03,2024-11-03 17:30:00,2024-11-03 19:30:00,2,Disetujui,Lembur proyek 2
1189,12,2024-11-03,2024-11-03 17:30:00,2024-11-03 18:30:00,1,Ditolak,Lembur proyek 2
1190,18,2024-11-03,2024-11-03 17:30:00,2024-11-03 18:30:00,1,Ditolak,Lembur proyek 1
1191,22,2024-11-03,2024-11-03 17:30:00,2024-11-03 20:30:00,3,Disetujui,Lembur proyek 2
1192,23,2024-11-03,2024-11-03 17:30:00,2024-11-03 18:30:00,1,Ditolak,Lembur proyek 5
1193,26,2024-11-03,2024-11-03 17:30:00,2024-11-03 19:30:00,2,Disetujui,Lembur proyek 3
1194,27,2024-11-03,2024-11-03 17:30:00,2024-11-03 19:30:00,2,Ditolak,Lembur proyek 1
1195,34,2024-11-03,2024-11-03 17:30:00,2024-11-03 18:30:00,1,Ditolak,Lembur proyek 4
1196,39,2024-11-03,2024-11-03 17:30:00,2024-11-03 18:30:00,1,Disetujui,Lembur proyek 3
1197,41,2024-11-03,2024-11-03 17:30:00,2024-11-03 18:30:00,1,Ditolak,Lembur proyek 4
1198,42,2024-11-03,2024-11-03 17:30:00,2024-11-03 18:30:00,1,Ditolak,Lembur proyek 1
1199,43,2024-11-03,2024-11-03 17:30:00,2024-11-03 18:30:00,1,Ditolak,Lembur proyek 5
1200,45,2024-11-03,2024-11-03 17:30:00,2024-11-03 21:30:00,4,Ditolak,Lembur proyek 3
1201,8,2024-11-04,2024-11-04 17:30:00,2024-11-04 21:30:00,4,Disetujui,Lembur proyek 3
1202,9,2024-11-04,2024-11-04 17:30:00,2024-11-04 19:30:00,2,Disetujui,Lembur proyek 3
1203,17,2024-11-04,2024-11-04 17:30:00,2024-11-04 19:30:00,2,Ditolak,Lembur proyek 5
1204,35,2024-11-04,2024-11-04 17:30:00,2024-11-04 21:30:00,4,Ditolak,Lembur proyek 1
1205,37,2024-11-04,2024-11-04 17:30:00,2024-11-04 18:30:00,1,Disetujui,Lembur proyek 2
1206,44,2024-11-04,2024-11-04 17:30:00,2024-11-04 20:30:00,3,Ditolak,Lembur proyek 1
1207,11,2024-11-05,2024-11-05 17:30:00,2024-11-05 18:30:00,1,Ditolak,Lembur proyek 4
1208,15,2024-11-05,2024-11-05 17:30:00,2024-11-05 19:30:00,2,Disetujui,Lembur proyek 2
1209,21,2024-11-05,2024-11-05 17:30:00,2024-11-05 19:30:00,2,Disetujui,Lembur proyek 5
1210,32,2024-11-05,2024-11-05 17:30:00,2024-11-05 18:30:00,1,Ditolak,Lembur proyek 2
1211,41,2024-11-05,2024-11-05 17:30:00,2024-11-05 21:30:00,4,Ditolak,Lembur proyek 5
1212,42,2024-11-05,2024-11-05 17:30:00,2024-11-05 18:30:00,1,Ditolak,Lembur proyek 3
1213,46,2024-11-05,2024-11-05 17:30:00,2024-11-05 20:30:00,3,Ditolak,Lembur proyek 3
1214,47,2024-11-05,2024-11-05 17:30:00,2024-11-05 19:30:00,2,Disetujui,Lembur proyek 5
1215,8,2024-11-06,2024-11-06 17:30:00,2024-11-06 20:30:00,3,Ditolak,Lembur proyek 2
1216,16,2024-11-06,2024-11-06 17:30:00,2024-11-06 19:30:00,2,Ditolak,Lembur proyek 5
1217,17,2024-11-06,2024-11-06 17:30:00,2024-11-06 21:30:00,4,Disetujui,Lembur proyek 1
1218,18,2024-11-06,2024-11-06 17:30:00,2024-11-06 20:30:00,3,Ditolak,Lembur proyek 1
1219,26,2024-11-06,2024-11-06 17:30:00,2024-11-06 19:30:00,2,Disetujui,Lembur proyek 5
1220,29,2024-11-06,2024-11-06 17:30:00,2024-11-06 20:30:00,3,Disetujui,Lembur proyek 3
1221,32,2024-11-06,2024-11-06 17:30:00,2024-11-06 20:30:00,3,Ditolak,Lembur proyek 2
1222,36,2024-11-06,2024-11-06 17:30:00,2024-11-06 21:30:00,4,Ditolak,Lembur proyek 3
1223,38,2024-11-06,2024-11-06 17:30:00,2024-11-06 21:30:00,4,Disetujui,Lembur proyek 1
1224,41,2024-11-06,2024-11-06 17:30:00,2024-11-06 19:30:00,2,Disetujui,Lembur proyek 3
1225,43,2024-11-06,2024-11-06 17:30:00,2024-11-06 18:30:00,1,Ditolak,Lembur proyek 4
1226,44,2024-11-06,2024-11-06 17:30:00,2024-11-06 18:30:00,1,Ditolak,Lembur proyek 3
1227,45,2024-11-06,2024-11-06 17:30:00,2024-11-06 20:30:00,3,Ditolak,Lembur proyek 5
1228,48,2024-11-06,2024-11-06 17:30:00,2024-11-06 21:30:00,4,Disetujui,Lembur proyek 3
1229,50,2024-11-06,2024-11-06 17:30:00,2024-11-06 19:30:00,2,Ditolak,Lembur proyek 2
1230,7,2024-11-07,2024-11-07 17:30:00,2024-11-07 21:30:00,4,Ditolak,Lembur proyek 4
1231,10,2024-11-07,2024-11-07 17:30:00,2024-11-07 21:30:00,4,Ditolak,Lembur proyek 1
1232,23,2024-11-07,2024-11-07 17:30:00,2024-11-07 20:30:00,3,Ditolak,Lembur proyek 2
1233,27,2024-11-07,2024-11-07 17:30:00,2024-11-07 20:30:00,3,Disetujui,Lembur proyek 3
1234,49,2024-11-07,2024-11-07 17:30:00,2024-11-07 18:30:00,1,Disetujui,Lembur proyek 3
1235,50,2024-11-07,2024-11-07 17:30:00,2024-11-07 18:30:00,1,Ditolak,Lembur proyek 3
1236,1,2024-11-08,2024-11-08 17:30:00,2024-11-08 18:30:00,1,Ditolak,Lembur proyek 1
1237,9,2024-11-08,2024-11-08 17:30:00,2024-11-08 21:30:00,4,Ditolak,Lembur proyek 3
1238,11,2024-11-08,2024-11-08 17:30:00,2024-11-08 19:30:00,2,Ditolak,Lembur proyek 2
1239,13,2024-11-08,2024-11-08 17:30:00,2024-11-08 19:30:00,2,Ditolak,Lembur proyek 4
1240,16,2024-11-08,2024-11-08 17:30:00,2024-11-08 19:30:00,2,Disetujui,Lembur proyek 4
1241,19,2024-11-08,2024-11-08 17:30:00,2024-11-08 21:30:00,4,Ditolak,Lembur proyek 4
1242,24,2024-11-08,2024-11-08 17:30:00,2024-11-08 21:30:00,4,Disetujui,Lembur proyek 4
1243,27,2024-11-08,2024-11-08 17:30:00,2024-11-08 19:30:00,2,Ditolak,Lembur proyek 3
1244,30,2024-11-08,2024-11-08 17:30:00,2024-11-08 21:30:00,4,Ditolak,Lembur proyek 4
1245,32,2024-11-08,2024-11-08 17:30:00,2024-11-08 21:30:00,4,Disetujui,Lembur proyek 4
1246,34,2024-11-08,2024-11-08 17:30:00,2024-11-08 19:30:00,2,Ditolak,Lembur proyek 1
1247,35,2024-11-08,2024-11-08 17:30:00,2024-11-08 19:30:00,2,Disetujui,Lembur proyek 3
1248,36,2024-11-08,2024-11-08 17:30:00,2024-11-08 20:30:00,3,Ditolak,Lembur proyek 4
1249,43,2024-11-08,2024-11-08 17:30:00,2024-11-08 21:30:00,4,Disetujui,Lembur proyek 3
1250,48,2024-11-08,2024-11-08 17:30:00,2024-11-08 21:30:00,4,Disetujui,Lembur proyek 5
1251,8,2024-11-09,2024-11-09 17:30:00,2024-11-09 18:30:00,1,Ditolak,Lembur proyek 2
1252,9,2024-11-09,2024-11-09 17:30:00,2024-11-09 18:30:00,1,Ditolak,Lembur proyek 1
1253,18,2024-11-09,2024-11-09 17:30:00,2024-11-09 20:30:00,3,Ditolak,Lembur proyek 5
1254,22,2024-11-09,2024-11-09 17:30:00,2024-11-09 21:30:00,4,Ditolak,Lembur proyek 5
1255,28,2024-11-09,2024-11-09 17:30:00,2024-11-09 20:30:00,3,Disetujui,Lembur proyek 4
1256,42,2024-11-09,2024-11-09 17:30:00,2024-11-09 18:30:00,1,Ditolak,Lembur proyek 5
1257,45,2024-11-09,2024-11-09 17:30:00,2024-11-09 20:30:00,3,Ditolak,Lembur proyek 3
1258,46,2024-11-09,2024-11-09 17:30:00,2024-11-09 21:30:00,4,Ditolak,Lembur proyek 5
1259,12,2024-11-10,2024-11-10 17:30:00,2024-11-10 20:30:00,3,Ditolak,Lembur proyek 3
1260,18,2024-11-10,2024-11-10 17:30:00,2024-11-10 21:30:00,4,Disetujui,Lembur proyek 1
1261,19,2024-11-10,2024-11-10 17:30:00,2024-11-10 20:30:00,3,Disetujui,Lembur proyek 4
1262,33,2024-11-10,2024-11-10 17:30:00,2024-11-10 21:30:00,4,Disetujui,Lembur proyek 4
1263,36,2024-11-10,2024-11-10 17:30:00,2024-11-10 21:30:00,4,Disetujui,Lembur proyek 2
1264,39,2024-11-10,2024-11-10 17:30:00,2024-11-10 20:30:00,3,Ditolak,Lembur proyek 5
1265,46,2024-11-10,2024-11-10 17:30:00,2024-11-10 18:30:00,1,Ditolak,Lembur proyek 1
1266,47,2024-11-10,2024-11-10 17:30:00,2024-11-10 19:30:00,2,Ditolak,Lembur proyek 2
1267,49,2024-11-10,2024-11-10 17:30:00,2024-11-10 19:30:00,2,Disetujui,Lembur proyek 2
1268,4,2024-11-11,2024-11-11 17:30:00,2024-11-11 19:30:00,2,Ditolak,Lembur proyek 4
1269,8,2024-11-11,2024-11-11 17:30:00,2024-11-11 21:30:00,4,Ditolak,Lembur proyek 5
1270,26,2024-11-11,2024-11-11 17:30:00,2024-11-11 18:30:00,1,Ditolak,Lembur proyek 4
1271,31,2024-11-11,2024-11-11 17:30:00,2024-11-11 21:30:00,4,Disetujui,Lembur proyek 5
1272,37,2024-11-11,2024-11-11 17:30:00,2024-11-11 19:30:00,2,Ditolak,Lembur proyek 3
1273,38,2024-11-11,2024-11-11 17:30:00,2024-11-11 21:30:00,4,Disetujui,Lembur proyek 4
1274,41,2024-11-11,2024-11-11 17:30:00,2024-11-11 21:30:00,4,Disetujui,Lembur proyek 2
1275,44,2024-11-11,2024-11-11 17:30:00,2024-11-11 18:30:00,1,Disetujui,Lembur proyek 2
1276,49,2024-11-11,2024-11-11 17:30:00,2024-11-11 21:30:00,4,Disetujui,Lembur proyek 4
1277,2,2024-11-12,2024-11-12 17:30:00,2024-11-12 18:30:00,1,Disetujui,Lembur proyek 4
1278,8,2024-11-12,2024-11-12 17:30:00,2024-11-12 18:30:00,1,Ditolak,Lembur proyek 2
1279,15,2024-11-12,2024-11-12 17:30:00,2024-11-12 20:30:00,3,Disetujui,Lembur proyek 1
1280,21,2024-11-12,2024-11-12 17:30:00,2024-11-12 20:30:00,3,Disetujui,Lembur proyek 4
1281,26,2024-11-12,2024-11-12 17:30:00,2024-11-12 20:30:00,3,Ditolak,Lembur proyek 4
1282,27,2024-11-12,2024-11-12 17:30:00,2024-11-12 21:30:00,4,Ditolak,Lembur proyek 4
1283,38,2024-11-12,2024-11-12 17:30:00,2024-11-12 20:30:00,3,Disetujui,Lembur proyek 5
1284,12,2024-11-13,2024-11-13 17:30:00,2024-11-13 20:30:00,3,Disetujui,Lembur proyek 1
1285,13,2024-11-13,2024-11-13 17:30:00,2024-11-13 21:30:00,4,Disetujui,Lembur proyek 5
1286,26,2024-11-13,2024-11-13 17:30:00,2024-11-13 18:30:00,1,Disetujui,Lembur proyek 3
1287,32,2024-11-13,2024-11-13 17:30:00,2024-11-13 20:30:00,3,Ditolak,Lembur proyek 2
1288,40,2024-11-13,2024-11-13 17:30:00,2024-11-13 19:30:00,2,Ditolak,Lembur proyek 4
1289,43,2024-11-13,2024-11-13 17:30:00,2024-11-13 21:30:00,4,Ditolak,Lembur proyek 5
1290,47,2024-11-13,2024-11-13 17:30:00,2024-11-13 18:30:00,1,Ditolak,Lembur proyek 3
1291,28,2024-11-14,2024-11-14 17:30:00,2024-11-14 21:30:00,4,Ditolak,Lembur proyek 1
1292,33,2024-11-14,2024-11-14 17:30:00,2024-11-14 20:30:00,3,Ditolak,Lembur proyek 2
1293,34,2024-11-14,2024-11-14 17:30:00,2024-11-14 18:30:00,1,Disetujui,Lembur proyek 3
1294,35,2024-11-14,2024-11-14 17:30:00,2024-11-14 21:30:00,4,Ditolak,Lembur proyek 3
1295,36,2024-11-14,2024-11-14 17:30:00,2024-11-14 20:30:00,3,Ditolak,Lembur proyek 5
1296,39,2024-11-14,2024-11-14 17:30:00,2024-11-14 21:30:00,4,Disetujui,Lembur proyek 2
1297,40,2024-11-14,2024-11-14 17:30:00,2024-11-14 18:30:00,1,Disetujui,Lembur proyek 2
1298,44,2024-11-14,2024-11-14 17:30:00,2024-11-14 21:30:00,4,Ditolak,Lembur proyek 3
1299,5,2024-11-15,2024-11-15 17:30:00,2024-11-15 18:30:00,1,Disetujui,Lembur proyek 2
1300,15,2024-11-15,2024-11-15 17:30:00,2024-11-15 19:30:00,2,Ditolak,Lembur proyek 2
1301,18,2024-11-15,2024-11-15 17:30:00,2024-11-15 21:30:00,4,Ditolak,Lembur proyek 5
1302,24,2024-11-15,2024-11-15 17:30:00,2024-11-15 21:30:00,4,Disetujui,Lembur proyek 5
1303,28,2024-11-15,2024-11-15 17:30:00,2024-11-15 21:30:00,4,Ditolak,Lembur proyek 1
1304,32,2024-11-15,2024-11-15 17:30:00,2024-11-15 18:30:00,1,Ditolak,Lembur proyek 2
1305,34,2024-11-15,2024-11-15 17:30:00,2024-11-15 21:30:00,4,Disetujui,Lembur proyek 1
1306,44,2024-11-15,2024-11-15 17:30:00,2024-11-15 21:30:00,4,Disetujui,Lembur proyek 5
1307,45,2024-11-15,2024-11-15 17:30:00,2024-11-15 19:30:00,2,Ditolak,Lembur proyek 5
1308,46,2024-11-15,2024-11-15 17:30:00,2024-11-15 21:30:00,4,Ditolak,Lembur proyek 2
1309,49,2024-11-15,2024-11-15 17:30:00,2024-11-15 20:30:00,3,Ditolak,Lembur proyek 2
1310,50,2024-11-15,2024-11-15 17:30:00,2024-11-15 20:30:00,3,Ditolak,Lembur proyek 3
1311,1,2024-11-16,2024-11-16 17:30:00,2024-11-16 19:30:00,2,Ditolak,Lembur proyek 4
1312,2,2024-11-16,2024-11-16 17:30:00,2024-11-16 20:30:00,3,Ditolak,Lembur proyek 4
1313,8,2024-11-16,2024-11-16 17:30:00,2024-11-16 19:30:00,2,Disetujui,Lembur proyek 3
1314,9,2024-11-16,2024-11-16 17:30:00,2024-11-16 19:30:00,2,Disetujui,Lembur proyek 4
1315,11,2024-11-16,2024-11-16 17:30:00,2024-11-16 21:30:00,4,Ditolak,Lembur proyek 1
1316,18,2024-11-16,2024-11-16 17:30:00,2024-11-16 18:30:00,1,Ditolak,Lembur proyek 2
1317,23,2024-11-16,2024-11-16 17:30:00,2024-11-16 18:30:00,1,Ditolak,Lembur proyek 4
1318,24,2024-11-16,2024-11-16 17:30:00,2024-11-16 21:30:00,4,Ditolak,Lembur proyek 3
1319,26,2024-11-16,2024-11-16 17:30:00,2024-11-16 19:30:00,2,Ditolak,Lembur proyek 1
1320,27,2024-11-16,2024-11-16 17:30:00,2024-11-16 18:30:00,1,Ditolak,Lembur proyek 2
1321,35,2024-11-16,2024-11-16 17:30:00,2024-11-16 20:30:00,3,Disetujui,Lembur proyek 1
1322,38,2024-11-16,2024-11-16 17:30:00,2024-11-16 20:30:00,3,Ditolak,Lembur proyek 2
1323,45,2024-11-16,2024-11-16 17:30:00,2024-11-16 18:30:00,1,Ditolak,Lembur proyek 4
1324,46,2024-11-16,2024-11-16 17:30:00,2024-11-16 20:30:00,3,Ditolak,Lembur proyek 4
1325,47,2024-11-16,2024-11-16 17:30:00,2024-11-16 21:30:00,4,Ditolak,Lembur proyek 1
1326,48,2024-11-16,2024-11-16 17:30:00,2024-11-16 21:30:00,4,Disetujui,Lembur proyek 4
1327,50,2024-11-16,2024-11-16 17:30:00,2024-11-16 20:30:00,3,Ditolak,Lembur proyek 4
1328,3,2024-11-17,2024-11-17 17:30:00,2024-11-17 19:30:00,2,Ditolak,Lembur proyek 4
1329,7,2024-11-17,2024-11-17 17:30:00,2024-11-17 21:30:00,4,Disetujui,Lembur proyek 5
1330,9,2024-11-17,2024-11-17 17:30:00,2024-11-17 21:30:00,4,Disetujui,Lembur proyek 1
1331,12,2024-11-17,2024-11-17 17:30:00,2024-11-17 18:30:00,1,Ditolak,Lembur proyek 3
1332,13,2024-11-17,2024-11-17 17:30:00,2024-11-17 18:30:00,1,Ditolak,Lembur proyek 5
1333,26,2024-11-17,2024-11-17 17:30:00,2024-11-17 19:30:00,2,Disetujui,Lembur proyek 1
1334,27,2024-11-17,2024-11-17 17:30:00,2024-11-17 18:30:00,1,Ditolak,Lembur proyek 4
1335,37,2024-11-17,2024-11-17 17:30:00,2024-11-17 19:30:00,2,Ditolak,Lembur proyek 1
1336,38,2024-11-17,2024-11-17 17:30:00,2024-11-17 21:30:00,4,Disetujui,Lembur proyek 3
1337,43,2024-11-17,2024-11-17 17:30:00,2024-11-17 20:30:00,3,Disetujui,Lembur proyek 2
1338,45,2024-11-17,2024-11-17 17:30:00,2024-11-17 19:30:00,2,Ditolak,Lembur proyek 4
1339,49,2024-11-17,2024-11-17 17:30:00,2024-11-17 21:30:00,4,Disetujui,Lembur proyek 1
1340,50,2024-11-17,2024-11-17 17:30:00,2024-11-17 21:30:00,4,Disetujui,Lembur proyek 3
1341,1,2024-11-18,2024-11-18 17:30:00,2024-11-18 19:30:00,2,Disetujui,Lembur proyek 4
1342,6,2024-11-18,2024-11-18 17:30:00,2024-11-18 19:30:00,2,Ditolak,Lembur proyek 2
1343,7,2024-11-18,2024-11-18 17:30:00,2024-11-18 20:30:00,3,Ditolak,Lembur proyek 4
1344,23,2024-11-18,2024-11-18 17:30:00,2024-11-18 19:30:00,2,Ditolak,Lembur proyek 2
1345,25,2024-11-18,2024-11-18 17:30:00,2024-11-18 20:30:00,3,Ditolak,Lembur proyek 5
1346,26,2024-11-18,2024-11-18 17:30:00,2024-11-18 19:30:00,2,Ditolak,Lembur proyek 3
1347,28,2024-11-18,2024-11-18 17:30:00,2024-11-18 21:30:00,4,Disetujui,Lembur proyek 2
1348,42,2024-11-18,2024-11-18 17:30:00,2024-11-18 21:30:00,4,Disetujui,Lembur proyek 3
1349,43,2024-11-18,2024-11-18 17:30:00,2024-11-18 20:30:00,3,Ditolak,Lembur proyek 1
1350,2,2024-11-19,2024-11-19 17:30:00,2024-11-19 18:30:00,1,Ditolak,Lembur proyek 1
1351,7,2024-11-19,2024-11-19 17:30:00,2024-11-19 20:30:00,3,Disetujui,Lembur proyek 1
1352,9,2024-11-19,2024-11-19 17:30:00,2024-11-19 21:30:00,4,Ditolak,Lembur proyek 5
1353,19,2024-11-19,2024-11-19 17:30:00,2024-11-19 20:30:00,3,Ditolak,Lembur proyek 5
1354,27,2024-11-19,2024-11-19 17:30:00,2024-11-19 20:30:00,3,Disetujui,Lembur proyek 4
1355,32,2024-11-19,2024-11-19 17:30:00,2024-11-19 19:30:00,2,Disetujui,Lembur proyek 4
1356,33,2024-11-19,2024-11-19 17:30:00,2024-11-19 20:30:00,3,Disetujui,Lembur proyek 3
1357,38,2024-11-19,2024-11-19 17:30:00,2024-11-19 18:30:00,1,Disetujui,Lembur proyek 5
1358,42,2024-11-19,2024-11-19 17:30:00,2024-11-19 20:30:00,3,Disetujui,Lembur proyek 3
1359,46,2024-11-19,2024-11-19 17:30:00,2024-11-19 20:30:00,3,Disetujui,Lembur proyek 5
1360,47,2024-11-19,2024-11-19 17:30:00,2024-11-19 21:30:00,4,Disetujui,Lembur proyek 4
1361,1,2024-11-20,2024-11-20 17:30:00,2024-11-20 20:30:00,3,Ditolak,Lembur proyek 4
1362,4,2024-11-20,2024-11-20 17:30:00,2024-11-20 21:30:00,4,Ditolak,Lembur proyek 5
1363,17,2024-11-20,2024-11-20 17:30:00,2024-11-20 20:30:00,3,Disetujui,Lembur proyek 3
1364,26,2024-11-20,2024-11-20 17:30:00,2024-11-20 21:30:00,4,Disetujui,Lembur proyek 4
1365,30,2024-11-20,2024-11-20 17:30:00,2024-11-20 18:30:00,1,Ditolak,Lembur proyek 1
1366,31,2024-11-20,2024-11-20 17:30:00,2024-11-20 20:30:00,3,Disetujui,Lembur proyek 4
1367,33,2024-11-20,2024-11-20 17:30:00,2024-11-20 21:30:00,4,Ditolak,Lembur proyek 3
1368,45,2024-11-20,2024-11-20 17:30:00,2024-11-20 18:30:00,1,Ditolak,Lembur proyek 3
1369,2,2024-11-21,2024-11-21 17:30:00,2024-11-21 21:30:00,4,Disetujui,Lembur proyek 1
1370,6,2024-11-21,2024-11-21 17:30:00,2024-11-21 21:30:00,4,Disetujui,Lembur proyek 5
1371,9,2024-11-21,2024-11-21 17:30:00,2024-11-21 20:30:00,3,Ditolak,Lembur proyek 1
1372,11,2024-11-21,2024-11-21 17:30:00,2024-11-21 21:30:00,4,Disetujui,Lembur proyek 2
1373,18,2024-11-21,2024-11-21 17:30:00,2024-11-21 18:30:00,1,Ditolak,Lembur proyek 3
1374,19,2024-11-21,2024-11-21 17:30:00,2024-11-21 20:30:00,3,Disetujui,Lembur proyek 2
1375,20,2024-11-21,2024-11-21 17:30:00,2024-11-21 18:30:00,1,Disetujui,Lembur proyek 2
1376,35,2024-11-21,2024-11-21 17:30:00,2024-11-21 19:30:00,2,Ditolak,Lembur proyek 2
1377,41,2024-11-21,2024-11-21 17:30:00,2024-11-21 19:30:00,2,Disetujui,Lembur proyek 2
1378,44,2024-11-21,2024-11-21 17:30:00,2024-11-21 19:30:00,2,Ditolak,Lembur proyek 3
1379,50,2024-11-21,2024-11-21 17:30:00,2024-11-21 19:30:00,2,Ditolak,Lembur proyek 4
1380,3,2024-11-22,2024-11-22 17:30:00,2024-11-22 18:30:00,1,Disetujui,Lembur proyek 2
1381,14,2024-11-22,2024-11-22 17:30:00,2024-11-22 18:30:00,1,Ditolak,Lembur proyek 2
1382,16,2024-11-22,2024-11-22 17:30:00,2024-11-22 18:30:00,1,Disetujui,Lembur proyek 2
1383,24,2024-11-22,2024-11-22 17:30:00,2024-11-22 18:30:00,1,Disetujui,Lembur proyek 1
1384,26,2024-11-22,2024-11-22 17:30:00,2024-11-22 20:30:00,3,Ditolak,Lembur proyek 2
1385,27,2024-11-22,2024-11-22 17:30:00,2024-11-22 18:30:00,1,Ditolak,Lembur proyek 1
1386,29,2024-11-22,2024-11-22 17:30:00,2024-11-22 18:30:00,1,Disetujui,Lembur proyek 5
1387,34,2024-11-22,2024-11-22 17:30:00,2024-11-22 18:30:00,1,Disetujui,Lembur proyek 1
1388,35,2024-11-22,2024-11-22 17:30:00,2024-11-22 20:30:00,3,Disetujui,Lembur proyek 3
1389,37,2024-11-22,2024-11-22 17:30:00,2024-11-22 20:30:00,3,Disetujui,Lembur proyek 1
1390,42,2024-11-22,2024-11-22 17:30:00,2024-11-22 18:30:00,1,Disetujui,Lembur proyek 4
1391,3,2024-11-23,2024-11-23 17:30:00,2024-11-23 18:30:00,1,Disetujui,Lembur proyek 1
1392,21,2024-11-23,2024-11-23 17:30:00,2024-11-23 21:30:00,4,Ditolak,Lembur proyek 2
1393,22,2024-11-23,2024-11-23 17:30:00,2024-11-23 19:30:00,2,Ditolak,Lembur proyek 4
1394,34,2024-11-23,2024-11-23 17:30:00,2024-11-23 18:30:00,1,Ditolak,Lembur proyek 5
1395,39,2024-11-23,2024-11-23 17:30:00,2024-11-23 20:30:00,3,Disetujui,Lembur proyek 3
1396,47,2024-11-23,2024-11-23 17:30:00,2024-11-23 21:30:00,4,Ditolak,Lembur proyek 3
1397,49,2024-11-23,2024-11-23 17:30:00,2024-11-23 21:30:00,4,Disetujui,Lembur proyek 4
1398,1,2024-11-24,2024-11-24 17:30:00,2024-11-24 21:30:00,4,Disetujui,Lembur proyek 1
1399,11,2024-11-24,2024-11-24 17:30:00,2024-11-24 18:30:00,1,Ditolak,Lembur proyek 5
1400,12,2024-11-24,2024-11-24 17:30:00,2024-11-24 21:30:00,4,Disetujui,Lembur proyek 1
1401,14,2024-11-24,2024-11-24 17:30:00,2024-11-24 21:30:00,4,Disetujui,Lembur proyek 4
1402,23,2024-11-24,2024-11-24 17:30:00,2024-11-24 18:30:00,1,Ditolak,Lembur proyek 3
1403,24,2024-11-24,2024-11-24 17:30:00,2024-11-24 19:30:00,2,Ditolak,Lembur proyek 3
1404,35,2024-11-24,2024-11-24 17:30:00,2024-11-24 19:30:00,2,Disetujui,Lembur proyek 3
1405,36,2024-11-24,2024-11-24 17:30:00,2024-11-24 20:30:00,3,Disetujui,Lembur proyek 3
1406,37,2024-11-24,2024-11-24 17:30:00,2024-11-24 19:30:00,2,Disetujui,Lembur proyek 4
1407,39,2024-11-24,2024-11-24 17:30:00,2024-11-24 21:30:00,4,Disetujui,Lembur proyek 2
1408,42,2024-11-24,2024-11-24 17:30:00,2024-11-24 21:30:00,4,Disetujui,Lembur proyek 4
1409,47,2024-11-24,2024-11-24 17:30:00,2024-11-24 21:30:00,4,Ditolak,Lembur proyek 1
1410,48,2024-11-24,2024-11-24 17:30:00,2024-11-24 21:30:00,4,Ditolak,Lembur proyek 5
1411,4,2024-11-25,2024-11-25 17:30:00,2024-11-25 21:30:00,4,Ditolak,Lembur proyek 2
1412,5,2024-11-25,2024-11-25 17:30:00,2024-11-25 20:30:00,3,Disetujui,Lembur proyek 1
1413,17,2024-11-25,2024-11-25 17:30:00,2024-11-25 18:30:00,1,Ditolak,Lembur proyek 5
1414,19,2024-11-25,2024-11-25 17:30:00,2024-11-25 19:30:00,2,Ditolak,Lembur proyek 3
1415,21,2024-11-25,2024-11-25 17:30:00,2024-11-25 21:30:00,4,Disetujui,Lembur proyek 4
1416,26,2024-11-25,2024-11-25 17:30:00,2024-11-25 18:30:00,1,Disetujui,Lembur proyek 3
1417,27,2024-11-25,2024-11-25 17:30:00,2024-11-25 21:30:00,4,Disetujui,Lembur proyek 4
1418,30,2024-11-25,2024-11-25 17:30:00,2024-11-25 21:30:00,4,Disetujui,Lembur proyek 1
1419,33,2024-11-25,2024-11-25 17:30:00,2024-11-25 19:30:00,2,Disetujui,Lembur proyek 1
1420,37,2024-11-25,2024-11-25 17:30:00,2024-11-25 21:30:00,4,Ditolak,Lembur proyek 4
1421,45,2024-11-25,2024-11-25 17:30:00,2024-11-25 20:30:00,3,Ditolak,Lembur proyek 4
1422,50,2024-11-25,2024-11-25 17:30:00,2024-11-25 18:30:00,1,Ditolak,Lembur proyek 1
1423,4,2024-11-26,2024-11-26 17:30:00,2024-11-26 19:30:00,2,Ditolak,Lembur proyek 5
1424,9,2024-11-26,2024-11-26 17:30:00,2024-11-26 18:30:00,1,Ditolak,Lembur proyek 2
1425,11,2024-11-26,2024-11-26 17:30:00,2024-11-26 18:30:00,1,Ditolak,Lembur proyek 4
1426,21,2024-11-26,2024-11-26 17:30:00,2024-11-26 19:30:00,2,Ditolak,Lembur proyek 1
1427,22,2024-11-26,2024-11-26 17:30:00,2024-11-26 21:30:00,4,Ditolak,Lembur proyek 2
1428,24,2024-11-26,2024-11-26 17:30:00,2024-11-26 21:30:00,4,Ditolak,Lembur proyek 5
1429,26,2024-11-26,2024-11-26 17:30:00,2024-11-26 19:30:00,2,Disetujui,Lembur proyek 3
1430,29,2024-11-26,2024-11-26 17:30:00,2024-11-26 18:30:00,1,Ditolak,Lembur proyek 5
1431,31,2024-11-26,2024-11-26 17:30:00,2024-11-26 20:30:00,3,Ditolak,Lembur proyek 1
1432,32,2024-11-26,2024-11-26 17:30:00,2024-11-26 18:30:00,1,Disetujui,Lembur proyek 4
1433,35,2024-11-26,2024-11-26 17:30:00,2024-11-26 20:30:00,3,Disetujui,Lembur proyek 5
1434,37,2024-11-26,2024-11-26 17:30:00,2024-11-26 19:30:00,2,Ditolak,Lembur proyek 4
1435,38,2024-11-26,2024-11-26 17:30:00,2024-11-26 21:30:00,4,Disetujui,Lembur proyek 4
1436,40,2024-11-26,2024-11-26 17:30:00,2024-11-26 20:30:00,3,Disetujui,Lembur proyek 4
1437,46,2024-11-26,2024-11-26 17:30:00,2024-11-26 19:30:00,2,Ditolak,Lembur proyek 3
1438,47,2024-11-26,2024-11-26 17:30:00,2024-11-26 19:30:00,2,Ditolak,Lembur proyek 3
1439,3,2024-11-27,2024-11-27 17:30:00,2024-11-27 20:30:00,3,Disetujui,Lembur proyek 1
1440,7,2024-11-27,2024-11-27 17:30:00,2024-11-27 21:30:00,4,Disetujui,Lembur proyek 3
1441,17,2024-11-27,2024-11-27 17:30:00,2024-11-27 19:30:00,2,Ditolak,Lembur proyek 3
1442,18,2024-11-27,2024-11-27 17:30:00,2024-11-27 19:30:00,2,Ditolak,Lembur proyek 1
1443,40,2024-11-27,2024-11-27 17:30:00,2024-11-27 19:30:00,2,Ditolak,Lembur proyek 3
1444,42,2024-11-27,2024-11-27 17:30:00,2024-11-27 20:30:00,3,Ditolak,Lembur proyek 1
1445,47,2024-11-27,2024-11-27 17:30:00,2024-11-27 18:30:00,1,Disetujui,Lembur proyek 4
1446,50,2024-11-27,2024-11-27 17:30:00,2024-11-27 21:30:00,4,Ditolak,Lembur proyek 4
1447,5,2024-11-28,2024-11-28 17:30:00,2024-11-28 18:30:00,1,Disetujui,Lembur proyek 2
1448,6,2024-11-28,2024-11-28 17:30:00,2024-11-28 20:30:00,3,Ditolak,Lembur proyek 2
1449,11,2024-11-28,2024-11-28 17:30:00,2024-11-28 19:30:00,2,Ditolak,Lembur proyek 5
1450,13,2024-11-28,2024-11-28 17:30:00,2024-11-28 21:30:00,4,Ditolak,Lembur proyek 1
1451,16,2024-11-28,2024-11-28 17:30:00,2024-11-28 19:30:00,2,Disetujui,Lembur proyek 2
1452,17,2024-11-28,2024-11-28 17:30:00,2024-11-28 18:30:00,1,Disetujui,Lembur proyek 2
1453,20,2024-11-28,2024-11-28 17:30:00,2024-11-28 18:30:00,1,Disetujui,Lembur proyek 5
1454,27,2024-11-28,2024-11-28 17:30:00,2024-11-28 18:30:00,1,Disetujui,Lembur proyek 3
1455,33,2024-11-28,2024-11-28 17:30:00,2024-11-28 20:30:00,3,Ditolak,Lembur proyek 5
1456,40,2024-11-28,2024-11-28 17:30:00,2024-11-28 20:30:00,3,Ditolak,Lembur proyek 1
1457,41,2024-11-28,2024-11-28 17:30:00,2024-11-28 20:30:00,3,Ditolak,Lembur proyek 3
1458,43,2024-11-28,2024-11-28 17:30:00,2024-11-28 20:30:00,3,Ditolak,Lembur proyek 2
1459,44,2024-11-28,2024-11-28 17:30:00,2024-11-28 21:30:00,4,Disetujui,Lembur proyek 3
1460,47,2024-11-28,2024-11-28 17:30:00,2024-11-28 18:30:00,1,Ditolak,Lembur proyek 4
1461,50,2024-11-28,2024-11-28 17:30:00,2024-11-28 20:30:00,3,Ditolak,Lembur proyek 3
1462,2,2024-12-01,2024-12-01 17:30:00,2024-12-01 19:30:00,2,Ditolak,Lembur proyek 2
1463,3,2024-12-01,2024-12-01 17:30:00,2024-12-01 19:30:00,2,Ditolak,Lembur proyek 4
1464,8,2024-12-01,2024-12-01 17:30:00,2024-12-01 20:30:00,3,Ditolak,Lembur proyek 4
1465,9,2024-12-01,2024-12-01 17:30:00,2024-12-01 19:30:00,2,Disetujui,Lembur proyek 1
1466,11,2024-12-01,2024-12-01 17:30:00,2024-12-01 18:30:00,1,Ditolak,Lembur proyek 5
1467,29,2024-12-01,2024-12-01 17:30:00,2024-12-01 18:30:00,1,Ditolak,Lembur proyek 5
1468,31,2024-12-01,2024-12-01 17:30:00,2024-12-01 20:30:00,3,Disetujui,Lembur proyek 3
1469,34,2024-12-01,2024-12-01 17:30:00,2024-12-01 18:30:00,1,Disetujui,Lembur proyek 5
1470,36,2024-12-01,2024-12-01 17:30:00,2024-12-01 20:30:00,3,Ditolak,Lembur proyek 4
1471,48,2024-12-01,2024-12-01 17:30:00,2024-12-01 21:30:00,4,Disetujui,Lembur proyek 1
1472,8,2024-12-02,2024-12-02 17:30:00,2024-12-02 18:30:00,1,Disetujui,Lembur proyek 4
1473,28,2024-12-02,2024-12-02 17:30:00,2024-12-02 21:30:00,4,Disetujui,Lembur proyek 5
1474,32,2024-12-02,2024-12-02 17:30:00,2024-12-02 19:30:00,2,Disetujui,Lembur proyek 1
1475,34,2024-12-02,2024-12-02 17:30:00,2024-12-02 20:30:00,3,Disetujui,Lembur proyek 1
1476,47,2024-12-02,2024-12-02 17:30:00,2024-12-02 20:30:00,3,Ditolak,Lembur proyek 4
1477,48,2024-12-02,2024-12-02 17:30:00,2024-12-02 20:30:00,3,Ditolak,Lembur proyek 2
1478,1,2024-12-03,2024-12-03 17:30:00,2024-12-03 19:30:00,2,Ditolak,Lembur proyek 3
1479,2,2024-12-03,2024-12-03 17:30:00,2024-12-03 19:30:00,2,Disetujui,Lembur proyek 2
1480,8,2024-12-03,2024-12-03 17:30:00,2024-12-03 19:30:00,2,Disetujui,Lembur proyek 2
1481,13,2024-12-03,2024-12-03 17:30:00,2024-12-03 20:30:00,3,Disetujui,Lembur proyek 3
1482,19,2024-12-03,2024-12-03 17:30:00,2024-12-03 18:30:00,1,Disetujui,Lembur proyek 5
1483,21,2024-12-03,2024-12-03 17:30:00,2024-12-03 20:30:00,3,Disetujui,Lembur proyek 3
1484,23,2024-12-03,2024-12-03 17:30:00,2024-12-03 21:30:00,4,Disetujui,Lembur proyek 3
1485,24,2024-12-03,2024-12-03 17:30:00,2024-12-03 21:30:00,4,Ditolak,Lembur proyek 2
1486,40,2024-12-03,2024-12-03 17:30:00,2024-12-03 20:30:00,3,Ditolak,Lembur proyek 3
1487,49,2024-12-03,2024-12-03 17:30:00,2024-12-03 21:30:00,4,Disetujui,Lembur proyek 4
1488,3,2024-12-04,2024-12-04 17:30:00,2024-12-04 20:30:00,3,Disetujui,Lembur proyek 2
1489,6,2024-12-04,2024-12-04 17:30:00,2024-12-04 21:30:00,4,Disetujui,Lembur proyek 4
1490,9,2024-12-04,2024-12-04 17:30:00,2024-12-04 19:30:00,2,Disetujui,Lembur proyek 1
1491,10,2024-12-04,2024-12-04 17:30:00,2024-12-04 21:30:00,4,Ditolak,Lembur proyek 2
1492,12,2024-12-04,2024-12-04 17:30:00,2024-12-04 21:30:00,4,Ditolak,Lembur proyek 3
1493,13,2024-12-04,2024-12-04 17:30:00,2024-12-04 21:30:00,4,Ditolak,Lembur proyek 3
1494,14,2024-12-04,2024-12-04 17:30:00,2024-12-04 18:30:00,1,Ditolak,Lembur proyek 4
1495,16,2024-12-04,2024-12-04 17:30:00,2024-12-04 18:30:00,1,Ditolak,Lembur proyek 5
1496,21,2024-12-04,2024-12-04 17:30:00,2024-12-04 19:30:00,2,Ditolak,Lembur proyek 4
1497,43,2024-12-04,2024-12-04 17:30:00,2024-12-04 19:30:00,2,Disetujui,Lembur proyek 2
1498,50,2024-12-04,2024-12-04 17:30:00,2024-12-04 21:30:00,4,Ditolak,Lembur proyek 2
1499,4,2024-12-05,2024-12-05 17:30:00,2024-12-05 20:30:00,3,Ditolak,Lembur proyek 2
1500,5,2024-12-05,2024-12-05 17:30:00,2024-12-05 21:30:00,4,Ditolak,Lembur proyek 4
1501,13,2024-12-05,2024-12-05 17:30:00,2024-12-05 19:30:00,2,Ditolak,Lembur proyek 5
1502,27,2024-12-05,2024-12-05 17:30:00,2024-12-05 19:30:00,2,Disetujui,Lembur proyek 1
1503,28,2024-12-05,2024-12-05 17:30:00,2024-12-05 18:30:00,1,Ditolak,Lembur proyek 3
1504,34,2024-12-05,2024-12-05 17:30:00,2024-12-05 18:30:00,1,Disetujui,Lembur proyek 5
1505,48,2024-12-05,2024-12-05 17:30:00,2024-12-05 19:30:00,2,Ditolak,Lembur proyek 3
1506,49,2024-12-05,2024-12-05 17:30:00,2024-12-05 21:30:00,4,Disetujui,Lembur proyek 4
1507,8,2024-12-06,2024-12-06 17:30:00,2024-12-06 20:30:00,3,Disetujui,Lembur proyek 5
1508,14,2024-12-06,2024-12-06 17:30:00,2024-12-06 18:30:00,1,Ditolak,Lembur proyek 2
1509,22,2024-12-06,2024-12-06 17:30:00,2024-12-06 20:30:00,3,Disetujui,Lembur proyek 5
1510,23,2024-12-06,2024-12-06 17:30:00,2024-12-06 19:30:00,2,Disetujui,Lembur proyek 4
1511,31,2024-12-06,2024-12-06 17:30:00,2024-12-06 19:30:00,2,Disetujui,Lembur proyek 1
1512,36,2024-12-06,2024-12-06 17:30:00,2024-12-06 18:30:00,1,Disetujui,Lembur proyek 4
1513,37,2024-12-06,2024-12-06 17:30:00,2024-12-06 21:30:00,4,Ditolak,Lembur proyek 5
1514,40,2024-12-06,2024-12-06 17:30:00,2024-12-06 19:30:00,2,Disetujui,Lembur proyek 5
1515,42,2024-12-06,2024-12-06 17:30:00,2024-12-06 21:30:00,4,Ditolak,Lembur proyek 4
1516,45,2024-12-06,2024-12-06 17:30:00,2024-12-06 18:30:00,1,Ditolak,Lembur proyek 3
1517,48,2024-12-06,2024-12-06 17:30:00,2024-12-06 20:30:00,3,Disetujui,Lembur proyek 2
1518,49,2024-12-06,2024-12-06 17:30:00,2024-12-06 21:30:00,4,Ditolak,Lembur proyek 2
1519,2,2024-12-07,2024-12-07 17:30:00,2024-12-07 21:30:00,4,Disetujui,Lembur proyek 3
1520,4,2024-12-07,2024-12-07 17:30:00,2024-12-07 19:30:00,2,Disetujui,Lembur proyek 2
1521,5,2024-12-07,2024-12-07 17:30:00,2024-12-07 21:30:00,4,Ditolak,Lembur proyek 1
1522,9,2024-12-07,2024-12-07 17:30:00,2024-12-07 20:30:00,3,Disetujui,Lembur proyek 1
1523,11,2024-12-07,2024-12-07 17:30:00,2024-12-07 20:30:00,3,Disetujui,Lembur proyek 4
1524,13,2024-12-07,2024-12-07 17:30:00,2024-12-07 21:30:00,4,Disetujui,Lembur proyek 4
1525,17,2024-12-07,2024-12-07 17:30:00,2024-12-07 21:30:00,4,Disetujui,Lembur proyek 1
1526,18,2024-12-07,2024-12-07 17:30:00,2024-12-07 19:30:00,2,Ditolak,Lembur proyek 2
1527,20,2024-12-07,2024-12-07 17:30:00,2024-12-07 20:30:00,3,Ditolak,Lembur proyek 3
1528,27,2024-12-07,2024-12-07 17:30:00,2024-12-07 18:30:00,1,Disetujui,Lembur proyek 2
1529,29,2024-12-07,2024-12-07 17:30:00,2024-12-07 19:30:00,2,Disetujui,Lembur proyek 2
1530,30,2024-12-07,2024-12-07 17:30:00,2024-12-07 19:30:00,2,Ditolak,Lembur proyek 5
1531,33,2024-12-07,2024-12-07 17:30:00,2024-12-07 19:30:00,2,Disetujui,Lembur proyek 2
1532,34,2024-12-07,2024-12-07 17:30:00,2024-12-07 19:30:00,2,Disetujui,Lembur proyek 4
1533,39,2024-12-07,2024-12-07 17:30:00,2024-12-07 19:30:00,2,Disetujui,Lembur proyek 3
1534,49,2024-12-07,2024-12-07 17:30:00,2024-12-07 21:30:00,4,Ditolak,Lembur proyek 2
1535,5,2024-12-08,2024-12-08 17:30:00,2024-12-08 19:30:00,2,Disetujui,Lembur proyek 2
1536,10,2024-12-08,2024-12-08 17:30:00,2024-12-08 18:30:00,1,Disetujui,Lembur proyek 4
1537,18,2024-12-08,2024-12-08 17:30:00,2024-12-08 21:30:00,4,Ditolak,Lembur proyek 1
1538,21,2024-12-08,2024-12-08 17:30:00,2024-12-08 21:30:00,4,Ditolak,Lembur proyek 5
1539,26,2024-12-08,2024-12-08 17:30:00,2024-12-08 20:30:00,3,Disetujui,Lembur proyek 2
1540,29,2024-12-08,2024-12-08 17:30:00,2024-12-08 21:30:00,4,Ditolak,Lembur proyek 4
1541,32,2024-12-08,2024-12-08 17:30:00,2024-12-08 19:30:00,2,Ditolak,Lembur proyek 3
1542,33,2024-12-08,2024-12-08 17:30:00,2024-12-08 21:30:00,4,Ditolak,Lembur proyek 2
1543,35,2024-12-08,2024-12-08 17:30:00,2024-12-08 19:30:00,2,Disetujui,Lembur proyek 1
1544,40,2024-12-08,2024-12-08 17:30:00,2024-12-08 19:30:00,2,Disetujui,Lembur proyek 2
1545,45,2024-12-08,2024-12-08 17:30:00,2024-12-08 21:30:00,4,Ditolak,Lembur proyek 2
1546,46,2024-12-08,2024-12-08 17:30:00,2024-12-08 20:30:00,3,Disetujui,Lembur proyek 1
1547,49,2024-12-08,2024-12-08 17:30:00,2024-12-08 21:30:00,4,Disetujui,Lembur proyek 4
1548,3,2024-12-09,2024-12-09 17:30:00,2024-12-09 18:30:00,1,Disetujui,Lembur proyek 1
1549,7,2024-12-09,2024-12-09 17:30:00,2024-12-09 21:30:00,4,Ditolak,Lembur proyek 5
1550,8,2024-12-09,2024-12-09 17:30:00,2024-12-09 18:30:00,1,Disetujui,Lembur proyek 2
1551,9,2024-12-09,2024-12-09 17:30:00,2024-12-09 20:30:00,3,Disetujui,Lembur proyek 2
1552,16,2024-12-09,2024-12-09 17:30:00,2024-12-09 21:30:00,4,Disetujui,Lembur proyek 4
1553,26,2024-12-09,2024-12-09 17:30:00,2024-12-09 21:30:00,4,Ditolak,Lembur proyek 4
1554,31,2024-12-09,2024-12-09 17:30:00,2024-12-09 21:30:00,4,Ditolak,Lembur proyek 1
1555,34,2024-12-09,2024-12-09 17:30:00,2024-12-09 20:30:00,3,Ditolak,Lembur proyek 4
1556,35,2024-12-09,2024-12-09 17:30:00,2024-12-09 21:30:00,4,Disetujui,Lembur proyek 3
1557,43,2024-12-09,2024-12-09 17:30:00,2024-12-09 21:30:00,4,Disetujui,Lembur proyek 1
1558,50,2024-12-09,2024-12-09 17:30:00,2024-12-09 21:30:00,4,Ditolak,Lembur proyek 2
1559,5,2024-12-10,2024-12-10 17:30:00,2024-12-10 20:30:00,3,Disetujui,Lembur proyek 2
1560,7,2024-12-10,2024-12-10 17:30:00,2024-12-10 19:30:00,2,Disetujui,Lembur proyek 2
1561,11,2024-12-10,2024-12-10 17:30:00,2024-12-10 21:30:00,4,Disetujui,Lembur proyek 4
1562,15,2024-12-10,2024-12-10 17:30:00,2024-12-10 18:30:00,1,Disetujui,Lembur proyek 1
1563,22,2024-12-10,2024-12-10 17:30:00,2024-12-10 21:30:00,4,Disetujui,Lembur proyek 1
1564,40,2024-12-10,2024-12-10 17:30:00,2024-12-10 21:30:00,4,Disetujui,Lembur proyek 2
1565,41,2024-12-10,2024-12-10 17:30:00,2024-12-10 20:30:00,3,Ditolak,Lembur proyek 4
1566,42,2024-12-10,2024-12-10 17:30:00,2024-12-10 18:30:00,1,Ditolak,Lembur proyek 3
1567,43,2024-12-10,2024-12-10 17:30:00,2024-12-10 18:30:00,1,Disetujui,Lembur proyek 4
1568,1,2024-12-11,2024-12-11 17:30:00,2024-12-11 21:30:00,4,Disetujui,Lembur proyek 1
1569,3,2024-12-11,2024-12-11 17:30:00,2024-12-11 19:30:00,2,Disetujui,Lembur proyek 4
1570,19,2024-12-11,2024-12-11 17:30:00,2024-12-11 20:30:00,3,Disetujui,Lembur proyek 5
1571,22,2024-12-11,2024-12-11 17:30:00,2024-12-11 18:30:00,1,Ditolak,Lembur proyek 4
1572,27,2024-12-11,2024-12-11 17:30:00,2024-12-11 20:30:00,3,Disetujui,Lembur proyek 4
1573,29,2024-12-11,2024-12-11 17:30:00,2024-12-11 18:30:00,1,Ditolak,Lembur proyek 1
1574,31,2024-12-11,2024-12-11 17:30:00,2024-12-11 18:30:00,1,Disetujui,Lembur proyek 3
1575,39,2024-12-11,2024-12-11 17:30:00,2024-12-11 21:30:00,4,Disetujui,Lembur proyek 3
1576,41,2024-12-11,2024-12-11 17:30:00,2024-12-11 21:30:00,4,Ditolak,Lembur proyek 5
1577,44,2024-12-11,2024-12-11 17:30:00,2024-12-11 18:30:00,1,Disetujui,Lembur proyek 2
1578,45,2024-12-11,2024-12-11 17:30:00,2024-12-11 21:30:00,4,Ditolak,Lembur proyek 4
1579,8,2024-12-12,2024-12-12 17:30:00,2024-12-12 20:30:00,3,Disetujui,Lembur proyek 2
1580,9,2024-12-12,2024-12-12 17:30:00,2024-12-12 18:30:00,1,Ditolak,Lembur proyek 2
1581,13,2024-12-12,2024-12-12 17:30:00,2024-12-12 20:30:00,3,Disetujui,Lembur proyek 2
1582,14,2024-12-12,2024-12-12 17:30:00,2024-12-12 20:30:00,3,Ditolak,Lembur proyek 3
1583,22,2024-12-12,2024-12-12 17:30:00,2024-12-12 18:30:00,1,Ditolak,Lembur proyek 3
1584,32,2024-12-12,2024-12-12 17:30:00,2024-12-12 19:30:00,2,Disetujui,Lembur proyek 4
1585,36,2024-12-12,2024-12-12 17:30:00,2024-12-12 18:30:00,1,Ditolak,Lembur proyek 5
1586,44,2024-12-12,2024-12-12 17:30:00,2024-12-12 21:30:00,4,Disetujui,Lembur proyek 1
1587,46,2024-12-12,2024-12-12 17:30:00,2024-12-12 20:30:00,3,Ditolak,Lembur proyek 4
1588,2,2024-12-13,2024-12-13 17:30:00,2024-12-13 19:30:00,2,Disetujui,Lembur proyek 5
1589,7,2024-12-13,2024-12-13 17:30:00,2024-12-13 19:30:00,2,Disetujui,Lembur proyek 1
1590,12,2024-12-13,2024-12-13 17:30:00,2024-12-13 20:30:00,3,Ditolak,Lembur proyek 5
1591,15,2024-12-13,2024-12-13 17:30:00,2024-12-13 18:30:00,1,Ditolak,Lembur proyek 5
1592,20,2024-12-13,2024-12-13 17:30:00,2024-12-13 19:30:00,2,Disetujui,Lembur proyek 2
1593,29,2024-12-13,2024-12-13 17:30:00,2024-12-13 20:30:00,3,Ditolak,Lembur proyek 1
1594,30,2024-12-13,2024-12-13 17:30:00,2024-12-13 19:30:00,2,Ditolak,Lembur proyek 5
1595,31,2024-12-13,2024-12-13 17:30:00,2024-12-13 20:30:00,3,Disetujui,Lembur proyek 1
1596,34,2024-12-13,2024-12-13 17:30:00,2024-12-13 20:30:00,3,Ditolak,Lembur proyek 4
1597,35,2024-12-13,2024-12-13 17:30:00,2024-12-13 19:30:00,2,Ditolak,Lembur proyek 2
1598,39,2024-12-13,2024-12-13 17:30:00,2024-12-13 18:30:00,1,Ditolak,Lembur proyek 1
1599,40,2024-12-13,2024-12-13 17:30:00,2024-12-13 21:30:00,4,Disetujui,Lembur proyek 2
1600,46,2024-12-13,2024-12-13 17:30:00,2024-12-13 18:30:00,1,Disetujui,Lembur proyek 4
1601,49,2024-12-13,2024-12-13 17:30:00,2024-12-13 19:30:00,2,Disetujui,Lembur proyek 5
1602,2,2024-12-14,2024-12-14 17:30:00,2024-12-14 18:30:00,1,Ditolak,Lembur proyek 4
1603,5,2024-12-14,2024-12-14 17:30:00,2024-12-14 18:30:00,1,Ditolak,Lembur proyek 4
1604,6,2024-12-14,2024-12-14 17:30:00,2024-12-14 20:30:00,3,Disetujui,Lembur proyek 3
1605,8,2024-12-14,2024-12-14 17:30:00,2024-12-14 19:30:00,2,Ditolak,Lembur proyek 1
1606,15,2024-12-14,2024-12-14 17:30:00,2024-12-14 21:30:00,4,Ditolak,Lembur proyek 2
1607,17,2024-12-14,2024-12-14 17:30:00,2024-12-14 20:30:00,3,Ditolak,Lembur proyek 2
1608,22,2024-12-14,2024-12-14 17:30:00,2024-12-14 21:30:00,4,Disetujui,Lembur proyek 3
1609,24,2024-12-14,2024-12-14 17:30:00,2024-12-14 18:30:00,1,Ditolak,Lembur proyek 5
1610,26,2024-12-14,2024-12-14 17:30:00,2024-12-14 18:30:00,1,Disetujui,Lembur proyek 3
1611,30,2024-12-14,2024-12-14 17:30:00,2024-12-14 20:30:00,3,Ditolak,Lembur proyek 5
1612,34,2024-12-14,2024-12-14 17:30:00,2024-12-14 18:30:00,1,Disetujui,Lembur proyek 5
1613,38,2024-12-14,2024-12-14 17:30:00,2024-12-14 19:30:00,2,Disetujui,Lembur proyek 4
1614,44,2024-12-14,2024-12-14 17:30:00,2024-12-14 21:30:00,4,Disetujui,Lembur proyek 5
1615,46,2024-12-14,2024-12-14 17:30:00,2024-12-14 21:30:00,4,Disetujui,Lembur proyek 5
1616,1,2024-12-15,2024-12-15 17:30:00,2024-12-15 18:30:00,1,Ditolak,Lembur proyek 4
1617,2,2024-12-15,2024-12-15 17:30:00,2024-12-15 19:30:00,2,Ditolak,Lembur proyek 2
1618,5,2024-12-15,2024-12-15 17:30:00,2024-12-15 18:30:00,1,Ditolak,Lembur proyek 2
1619,12,2024-12-15,2024-12-15 17:30:00,2024-12-15 18:30:00,1,Disetujui,Lembur proyek 2
1620,18,2024-12-15,2024-12-15 17:30:00,2024-12-15 21:30:00,4,Disetujui,Lembur proyek 2
1621,25,2024-12-15,2024-12-15 17:30:00,2024-12-15 18:30:00,1,Disetujui,Lembur proyek 5
1622,30,2024-12-15,2024-12-15 17:30:00,2024-12-15 19:30:00,2,Ditolak,Lembur proyek 5
1623,32,2024-12-15,2024-12-15 17:30:00,2024-12-15 21:30:00,4,Disetujui,Lembur proyek 5
1624,38,2024-12-15,2024-12-15 17:30:00,2024-12-15 21:30:00,4,Ditolak,Lembur proyek 2
1625,39,2024-12-15,2024-12-15 17:30:00,2024-12-15 18:30:00,1,Disetujui,Lembur proyek 2
1626,40,2024-12-15,2024-12-15 17:30:00,2024-12-15 19:30:00,2,Ditolak,Lembur proyek 2
1627,42,2024-12-15,2024-12-15 17:30:00,2024-12-15 20:30:00,3,Ditolak,Lembur proyek 1
1628,46,2024-12-15,2024-12-15 17:30:00,2024-12-15 18:30:00,1,Ditolak,Lembur proyek 4
1629,47,2024-12-15,2024-12-15 17:30:00,2024-12-15 19:30:00,2,Disetujui,Lembur proyek 4
1630,1,2024-12-16,2024-12-16 17:30:00,2024-12-16 20:30:00,3,Ditolak,Lembur proyek 3
1631,2,2024-12-16,2024-12-16 17:30:00,2024-12-16 20:30:00,3,Ditolak,Lembur proyek 4
1632,13,2024-12-16,2024-12-16 17:30:00,2024-12-16 21:30:00,4,Ditolak,Lembur proyek 4
1633,14,2024-12-16,2024-12-16 17:30:00,2024-12-16 20:30:00,3,Disetujui,Lembur proyek 2
1634,15,2024-12-16,2024-12-16 17:30:00,2024-12-16 20:30:00,3,Disetujui,Lembur proyek 5
1635,28,2024-12-16,2024-12-16 17:30:00,2024-12-16 21:30:00,4,Ditolak,Lembur proyek 5
1636,29,2024-12-16,2024-12-16 17:30:00,2024-12-16 21:30:00,4,Disetujui,Lembur proyek 3
1637,31,2024-12-16,2024-12-16 17:30:00,2024-12-16 19:30:00,2,Disetujui,Lembur proyek 2
1638,33,2024-12-16,2024-12-16 17:30:00,2024-12-16 19:30:00,2,Disetujui,Lembur proyek 1
1639,34,2024-12-16,2024-12-16 17:30:00,2024-12-16 18:30:00,1,Disetujui,Lembur proyek 2
1640,35,2024-12-16,2024-12-16 17:30:00,2024-12-16 20:30:00,3,Disetujui,Lembur proyek 5
1641,37,2024-12-16,2024-12-16 17:30:00,2024-12-16 20:30:00,3,Disetujui,Lembur proyek 1
1642,39,2024-12-16,2024-12-16 17:30:00,2024-12-16 19:30:00,2,Ditolak,Lembur proyek 1
1643,44,2024-12-16,2024-12-16 17:30:00,2024-12-16 20:30:00,3,Disetujui,Lembur proyek 1
1644,49,2024-12-16,2024-12-16 17:30:00,2024-12-16 19:30:00,2,Disetujui,Lembur proyek 2
1645,5,2024-12-17,2024-12-17 17:30:00,2024-12-17 21:30:00,4,Disetujui,Lembur proyek 2
1646,6,2024-12-17,2024-12-17 17:30:00,2024-12-17 18:30:00,1,Disetujui,Lembur proyek 4
1647,15,2024-12-17,2024-12-17 17:30:00,2024-12-17 20:30:00,3,Ditolak,Lembur proyek 4
1648,17,2024-12-17,2024-12-17 17:30:00,2024-12-17 21:30:00,4,Disetujui,Lembur proyek 1
1649,18,2024-12-17,2024-12-17 17:30:00,2024-12-17 21:30:00,4,Disetujui,Lembur proyek 1
1650,21,2024-12-17,2024-12-17 17:30:00,2024-12-17 21:30:00,4,Disetujui,Lembur proyek 1
1651,25,2024-12-17,2024-12-17 17:30:00,2024-12-17 20:30:00,3,Disetujui,Lembur proyek 5
1652,33,2024-12-17,2024-12-17 17:30:00,2024-12-17 21:30:00,4,Disetujui,Lembur proyek 1
1653,35,2024-12-17,2024-12-17 17:30:00,2024-12-17 20:30:00,3,Ditolak,Lembur proyek 5
1654,41,2024-12-17,2024-12-17 17:30:00,2024-12-17 20:30:00,3,Disetujui,Lembur proyek 1
1655,43,2024-12-17,2024-12-17 17:30:00,2024-12-17 18:30:00,1,Ditolak,Lembur proyek 4
1656,47,2024-12-17,2024-12-17 17:30:00,2024-12-17 19:30:00,2,Disetujui,Lembur proyek 3
1657,48,2024-12-17,2024-12-17 17:30:00,2024-12-17 18:30:00,1,Ditolak,Lembur proyek 4
1658,1,2024-12-18,2024-12-18 17:30:00,2024-12-18 18:30:00,1,Ditolak,Lembur proyek 2
1659,4,2024-12-18,2024-12-18 17:30:00,2024-12-18 18:30:00,1,Disetujui,Lembur proyek 5
1660,20,2024-12-18,2024-12-18 17:30:00,2024-12-18 21:30:00,4,Ditolak,Lembur proyek 1
1661,26,2024-12-18,2024-12-18 17:30:00,2024-12-18 19:30:00,2,Disetujui,Lembur proyek 1
1662,28,2024-12-18,2024-12-18 17:30:00,2024-12-18 21:30:00,4,Disetujui,Lembur proyek 2
1663,29,2024-12-18,2024-12-18 17:30:00,2024-12-18 19:30:00,2,Ditolak,Lembur proyek 2
1664,31,2024-12-18,2024-12-18 17:30:00,2024-12-18 21:30:00,4,Disetujui,Lembur proyek 1
1665,35,2024-12-18,2024-12-18 17:30:00,2024-12-18 21:30:00,4,Disetujui,Lembur proyek 5
1666,40,2024-12-18,2024-12-18 17:30:00,2024-12-18 21:30:00,4,Ditolak,Lembur proyek 5
1667,3,2024-12-19,2024-12-19 17:30:00,2024-12-19 18:30:00,1,Disetujui,Lembur proyek 4
1668,7,2024-12-19,2024-12-19 17:30:00,2024-12-19 18:30:00,1,Ditolak,Lembur proyek 1
1669,14,2024-12-19,2024-12-19 17:30:00,2024-12-19 19:30:00,2,Ditolak,Lembur proyek 2
1670,18,2024-12-19,2024-12-19 17:30:00,2024-12-19 20:30:00,3,Disetujui,Lembur proyek 3
1671,21,2024-12-19,2024-12-19 17:30:00,2024-12-19 18:30:00,1,Disetujui,Lembur proyek 1
1672,25,2024-12-19,2024-12-19 17:30:00,2024-12-19 19:30:00,2,Ditolak,Lembur proyek 1
1673,29,2024-12-19,2024-12-19 17:30:00,2024-12-19 21:30:00,4,Ditolak,Lembur proyek 1
1674,30,2024-12-19,2024-12-19 17:30:00,2024-12-19 20:30:00,3,Disetujui,Lembur proyek 4
1675,41,2024-12-19,2024-12-19 17:30:00,2024-12-19 19:30:00,2,Ditolak,Lembur proyek 5
1676,43,2024-12-19,2024-12-19 17:30:00,2024-12-19 19:30:00,2,Disetujui,Lembur proyek 3
1677,45,2024-12-19,2024-12-19 17:30:00,2024-12-19 19:30:00,2,Ditolak,Lembur proyek 1
1678,46,2024-12-19,2024-12-19 17:30:00,2024-12-19 18:30:00,1,Disetujui,Lembur proyek 5
1679,5,2024-12-20,2024-12-20 17:30:00,2024-12-20 21:30:00,4,Ditolak,Lembur proyek 2
1680,6,2024-12-20,2024-12-20 17:30:00,2024-12-20 19:30:00,2,Ditolak,Lembur proyek 3
1681,7,2024-12-20,2024-12-20 17:30:00,2024-12-20 19:30:00,2,Ditolak,Lembur proyek 4
1682,19,2024-12-20,2024-12-20 17:30:00,2024-12-20 21:30:00,4,Disetujui,Lembur proyek 4
1683,25,2024-12-20,2024-12-20 17:30:00,2024-12-20 20:30:00,3,Ditolak,Lembur proyek 1
1684,28,2024-12-20,2024-12-20 17:30:00,2024-12-20 18:30:00,1,Disetujui,Lembur proyek 1
1685,35,2024-12-20,2024-12-20 17:30:00,2024-12-20 19:30:00,2,Ditolak,Lembur proyek 3
1686,37,2024-12-20,2024-12-20 17:30:00,2024-12-20 20:30:00,3,Ditolak,Lembur proyek 1
1687,50,2024-12-20,2024-12-20 17:30:00,2024-12-20 21:30:00,4,Disetujui,Lembur proyek 2
1688,2,2024-12-21,2024-12-21 17:30:00,2024-12-21 21:30:00,4,Ditolak,Lembur proyek 1
1689,7,2024-12-21,2024-12-21 17:30:00,2024-12-21 21:30:00,4,Disetujui,Lembur proyek 2
1690,13,2024-12-21,2024-12-21 17:30:00,2024-12-21 21:30:00,4,Disetujui,Lembur proyek 4
1691,14,2024-12-21,2024-12-21 17:30:00,2024-12-21 20:30:00,3,Ditolak,Lembur proyek 5
1692,36,2024-12-21,2024-12-21 17:30:00,2024-12-21 20:30:00,3,Ditolak,Lembur proyek 1
1693,49,2024-12-21,2024-12-21 17:30:00,2024-12-21 18:30:00,1,Ditolak,Lembur proyek 2
1694,5,2024-12-22,2024-12-22 17:30:00,2024-12-22 21:30:00,4,Disetujui,Lembur proyek 1
1695,10,2024-12-22,2024-12-22 17:30:00,2024-12-22 21:30:00,4,Ditolak,Lembur proyek 5
1696,18,2024-12-22,2024-12-22 17:30:00,2024-12-22 18:30:00,1,Ditolak,Lembur proyek 5
1697,22,2024-12-22,2024-12-22 17:30:00,2024-12-22 20:30:00,3,Ditolak,Lembur proyek 1
1698,26,2024-12-22,2024-12-22 17:30:00,2024-12-22 18:30:00,1,Disetujui,Lembur proyek 5
1699,32,2024-12-22,2024-12-22 17:30:00,2024-12-22 19:30:00,2,Disetujui,Lembur proyek 5
1700,37,2024-12-22,2024-12-22 17:30:00,2024-12-22 18:30:00,1,Ditolak,Lembur proyek 5
1701,40,2024-12-22,2024-12-22 17:30:00,2024-12-22 18:30:00,1,Ditolak,Lembur proyek 1
1702,46,2024-12-22,2024-12-22 17:30:00,2024-12-22 19:30:00,2,Ditolak,Lembur proyek 3
1703,10,2024-12-23,2024-12-23 17:30:00,2024-12-23 19:30:00,2,Disetujui,Lembur proyek 3
1704,12,2024-12-23,2024-12-23 17:30:00,2024-12-23 21:30:00,4,Ditolak,Lembur proyek 2
1705,13,2024-12-23,2024-12-23 17:30:00,2024-12-23 18:30:00,1,Ditolak,Lembur proyek 5
1706,14,2024-12-23,2024-12-23 17:30:00,2024-12-23 21:30:00,4,Ditolak,Lembur proyek 1
1707,15,2024-12-23,2024-12-23 17:30:00,2024-12-23 18:30:00,1,Disetujui,Lembur proyek 5
1708,19,2024-12-23,2024-12-23 17:30:00,2024-12-23 18:30:00,1,Disetujui,Lembur proyek 1
1709,23,2024-12-23,2024-12-23 17:30:00,2024-12-23 20:30:00,3,Ditolak,Lembur proyek 3
1710,26,2024-12-23,2024-12-23 17:30:00,2024-12-23 21:30:00,4,Disetujui,Lembur proyek 3
1711,29,2024-12-23,2024-12-23 17:30:00,2024-12-23 19:30:00,2,Ditolak,Lembur proyek 4
1712,32,2024-12-23,2024-12-23 17:30:00,2024-12-23 18:30:00,1,Disetujui,Lembur proyek 3
1713,33,2024-12-23,2024-12-23 17:30:00,2024-12-23 20:30:00,3,Disetujui,Lembur proyek 4
1714,8,2024-12-24,2024-12-24 17:30:00,2024-12-24 20:30:00,3,Ditolak,Lembur proyek 3
1715,9,2024-12-24,2024-12-24 17:30:00,2024-12-24 19:30:00,2,Ditolak,Lembur proyek 3
1716,10,2024-12-24,2024-12-24 17:30:00,2024-12-24 21:30:00,4,Disetujui,Lembur proyek 1
1717,15,2024-12-24,2024-12-24 17:30:00,2024-12-24 19:30:00,2,Disetujui,Lembur proyek 5
1718,19,2024-12-24,2024-12-24 17:30:00,2024-12-24 21:30:00,4,Disetujui,Lembur proyek 5
1719,37,2024-12-24,2024-12-24 17:30:00,2024-12-24 21:30:00,4,Ditolak,Lembur proyek 1
1720,45,2024-12-24,2024-12-24 17:30:00,2024-12-24 21:30:00,4,Disetujui,Lembur proyek 2
1721,49,2024-12-24,2024-12-24 17:30:00,2024-12-24 18:30:00,1,Ditolak,Lembur proyek 3
1722,4,2024-12-25,2024-12-25 17:30:00,2024-12-25 18:30:00,1,Ditolak,Lembur proyek 1
1723,7,2024-12-25,2024-12-25 17:30:00,2024-12-25 20:30:00,3,Disetujui,Lembur proyek 3
1724,9,2024-12-25,2024-12-25 17:30:00,2024-12-25 19:30:00,2,Ditolak,Lembur proyek 4
1725,16,2024-12-25,2024-12-25 17:30:00,2024-12-25 18:30:00,1,Ditolak,Lembur proyek 1
1726,19,2024-12-25,2024-12-25 17:30:00,2024-12-25 20:30:00,3,Ditolak,Lembur proyek 4
1727,20,2024-12-25,2024-12-25 17:30:00,2024-12-25 21:30:00,4,Ditolak,Lembur proyek 5
1728,22,2024-12-25,2024-12-25 17:30:00,2024-12-25 21:30:00,4,Disetujui,Lembur proyek 4
1729,23,2024-12-25,2024-12-25 17:30:00,2024-12-25 18:30:00,1,Disetujui,Lembur proyek 5
1730,25,2024-12-25,2024-12-25 17:30:00,2024-12-25 18:30:00,1,Disetujui,Lembur proyek 4
1731,27,2024-12-25,2024-12-25 17:30:00,2024-12-25 21:30:00,4,Ditolak,Lembur proyek 2
1732,40,2024-12-25,2024-12-25 17:30:00,2024-12-25 18:30:00,1,Disetujui,Lembur proyek 2
1733,42,2024-12-25,2024-12-25 17:30:00,2024-12-25 21:30:00,4,Disetujui,Lembur proyek 3
1734,43,2024-12-25,2024-12-25 17:30:00,2024-12-25 19:30:00,2,Disetujui,Lembur proyek 3
1735,44,2024-12-25,2024-12-25 17:30:00,2024-12-25 20:30:00,3,Disetujui,Lembur proyek 4
1736,2,2024-12-26,2024-12-26 17:30:00,2024-12-26 19:30:00,2,Ditolak,Lembur proyek 2
1737,6,2024-12-26,2024-12-26 17:30:00,2024-12-26 20:30:00,3,Disetujui,Lembur proyek 1
1738,7,2024-12-26,2024-12-26 17:30:00,2024-12-26 19:30:00,2,Ditolak,Lembur proyek 4
1739,11,2024-12-26,2024-12-26 17:30:00,2024-12-26 21:30:00,4,Ditolak,Lembur proyek 2
1740,13,2024-12-26,2024-12-26 17:30:00,2024-12-26 18:30:00,1,Ditolak,Lembur proyek 3
1741,20,2024-12-26,2024-12-26 17:30:00,2024-12-26 19:30:00,2,Ditolak,Lembur proyek 2
1742,23,2024-12-26,2024-12-26 17:30:00,2024-12-26 19:30:00,2,Disetujui,Lembur proyek 1
1743,25,2024-12-26,2024-12-26 17:30:00,2024-12-26 19:30:00,2,Disetujui,Lembur proyek 3
1744,26,2024-12-26,2024-12-26 17:30:00,2024-12-26 18:30:00,1,Disetujui,Lembur proyek 4
1745,40,2024-12-26,2024-12-26 17:30:00,2024-12-26 19:30:00,2,Ditolak,Lembur proyek 5
1746,41,2024-12-26,2024-12-26 17:30:00,2024-12-26 21:30:00,4,Disetujui,Lembur proyek 5
1747,4,2024-12-27,2024-12-27 17:30:00,2024-12-27 21:30:00,4,Disetujui,Lembur proyek 3
1748,14,2024-12-27,2024-12-27 17:30:00,2024-12-27 21:30:00,4,Disetujui,Lembur proyek 5
1749,16,2024-12-27,2024-12-27 17:30:00,2024-12-27 19:30:00,2,Ditolak,Lembur proyek 4
1750,24,2024-12-27,2024-12-27 17:30:00,2024-12-27 20:30:00,3,Ditolak,Lembur proyek 2
1751,38,2024-12-27,2024-12-27 17:30:00,2024-12-27 21:30:00,4,Disetujui,Lembur proyek 5
1752,47,2024-12-27,2024-12-27 17:30:00,2024-12-27 21:30:00,4,Disetujui,Lembur proyek 2
1753,49,2024-12-27,2024-12-27 17:30:00,2024-12-27 20:30:00,3,Disetujui,Lembur proyek 5
1754,14,2024-12-28,2024-12-28 17:30:00,2024-12-28 21:30:00,4,Ditolak,Lembur proyek 1
1755,17,2024-12-28,2024-12-28 17:30:00,2024-12-28 18:30:00,1,Ditolak,Lembur proyek 4
1756,18,2024-12-28,2024-12-28 17:30:00,2024-12-28 20:30:00,3,Ditolak,Lembur proyek 1
1757,24,2024-12-28,2024-12-28 17:30:00,2024-12-28 19:30:00,2,Disetujui,Lembur proyek 2
1758,36,2024-12-28,2024-12-28 17:30:00,2024-12-28 19:30:00,2,Ditolak,Lembur proyek 4
1759,43,2024-12-28,2024-12-28 17:30:00,2024-12-28 19:30:00,2,Ditolak,Lembur proyek 4
1760,4,2025-01-01,2025-01-01 17:30:00,2025-01-01 21:30:00,4,Disetujui,Lembur proyek 4
1761,14,2025-01-01,2025-01-01 17:30:00,2025-01-01 18:30:00,1,Disetujui,Lembur proyek 3
1762,21,2025-01-01,2025-01-01 17:30:00,2025-01-01 20:30:00,3,Disetujui,Lembur proyek 5
1763,23,2025-01-01,2025-01-01 17:30:00,2025-01-01 18:30:00,1,Disetujui,Lembur proyek 2
1764,24,2025-01-01,2025-01-01 17:30:00,2025-01-01 19:30:00,2,Disetujui,Lembur proyek 1
1765,25,2025-01-01,2025-01-01 17:30:00,2025-01-01 18:30:00,1,Ditolak,Lembur proyek 1
1766,26,2025-01-01,2025-01-01 17:30:00,2025-01-01 21:30:00,4,Ditolak,Lembur proyek 2
1767,31,2025-01-01,2025-01-01 17:30:00,2025-01-01 18:30:00,1,Disetujui,Lembur proyek 2
1768,35,2025-01-01,2025-01-01 17:30:00,2025-01-01 19:30:00,2,Disetujui,Lembur proyek 2
1769,37,2025-01-01,2025-01-01 17:30:00,2025-01-01 19:30:00,2,Disetujui,Lembur proyek 1
1770,38,2025-01-01,2025-01-01 17:30:00,2025-01-01 21:30:00,4,Ditolak,Lembur proyek 5
1771,48,2025-01-01,2025-01-01 17:30:00,2025-01-01 18:30:00,1,Disetujui,Lembur proyek 5
1772,49,2025-01-01,2025-01-01 17:30:00,2025-01-01 21:30:00,4,Ditolak,Lembur proyek 3
1773,5,2025-01-02,2025-01-02 17:30:00,2025-01-02 19:30:00,2,Disetujui,Lembur proyek 2
1774,7,2025-01-02,2025-01-02 17:30:00,2025-01-02 19:30:00,2,Ditolak,Lembur proyek 3
1775,14,2025-01-02,2025-01-02 17:30:00,2025-01-02 19:30:00,2,Disetujui,Lembur proyek 3
1776,31,2025-01-02,2025-01-02 17:30:00,2025-01-02 18:30:00,1,Ditolak,Lembur proyek 4
1777,33,2025-01-02,2025-01-02 17:30:00,2025-01-02 19:30:00,2,Ditolak,Lembur proyek 1
1778,41,2025-01-02,2025-01-02 17:30:00,2025-01-02 19:30:00,2,Disetujui,Lembur proyek 2
1779,1,2025-01-03,2025-01-03 17:30:00,2025-01-03 21:30:00,4,Disetujui,Lembur proyek 3
1780,5,2025-01-03,2025-01-03 17:30:00,2025-01-03 21:30:00,4,Ditolak,Lembur proyek 4
1781,6,2025-01-03,2025-01-03 17:30:00,2025-01-03 19:30:00,2,Ditolak,Lembur proyek 2
1782,8,2025-01-03,2025-01-03 17:30:00,2025-01-03 21:30:00,4,Disetujui,Lembur proyek 5
1783,9,2025-01-03,2025-01-03 17:30:00,2025-01-03 19:30:00,2,Ditolak,Lembur proyek 4
1784,10,2025-01-03,2025-01-03 17:30:00,2025-01-03 20:30:00,3,Ditolak,Lembur proyek 3
1785,11,2025-01-03,2025-01-03 17:30:00,2025-01-03 18:30:00,1,Disetujui,Lembur proyek 2
1786,12,2025-01-03,2025-01-03 17:30:00,2025-01-03 21:30:00,4,Disetujui,Lembur proyek 2
1787,15,2025-01-03,2025-01-03 17:30:00,2025-01-03 21:30:00,4,Disetujui,Lembur proyek 5
1788,27,2025-01-03,2025-01-03 17:30:00,2025-01-03 20:30:00,3,Ditolak,Lembur proyek 5
1789,35,2025-01-03,2025-01-03 17:30:00,2025-01-03 18:30:00,1,Disetujui,Lembur proyek 2
1790,42,2025-01-03,2025-01-03 17:30:00,2025-01-03 20:30:00,3,Disetujui,Lembur proyek 3
1791,43,2025-01-03,2025-01-03 17:30:00,2025-01-03 19:30:00,2,Disetujui,Lembur proyek 2
1792,45,2025-01-03,2025-01-03 17:30:00,2025-01-03 20:30:00,3,Disetujui,Lembur proyek 3
1793,48,2025-01-03,2025-01-03 17:30:00,2025-01-03 18:30:00,1,Ditolak,Lembur proyek 2
1794,49,2025-01-03,2025-01-03 17:30:00,2025-01-03 21:30:00,4,Ditolak,Lembur proyek 1
1795,5,2025-01-04,2025-01-04 17:30:00,2025-01-04 19:30:00,2,Disetujui,Lembur proyek 3
1796,6,2025-01-04,2025-01-04 17:30:00,2025-01-04 19:30:00,2,Ditolak,Lembur proyek 2
1797,14,2025-01-04,2025-01-04 17:30:00,2025-01-04 19:30:00,2,Ditolak,Lembur proyek 1
1798,23,2025-01-04,2025-01-04 17:30:00,2025-01-04 20:30:00,3,Disetujui,Lembur proyek 4
1799,24,2025-01-04,2025-01-04 17:30:00,2025-01-04 18:30:00,1,Ditolak,Lembur proyek 4
1800,25,2025-01-04,2025-01-04 17:30:00,2025-01-04 18:30:00,1,Disetujui,Lembur proyek 4
1801,29,2025-01-04,2025-01-04 17:30:00,2025-01-04 19:30:00,2,Disetujui,Lembur proyek 5
1802,34,2025-01-04,2025-01-04 17:30:00,2025-01-04 18:30:00,1,Ditolak,Lembur proyek 3
1803,36,2025-01-04,2025-01-04 17:30:00,2025-01-04 21:30:00,4,Disetujui,Lembur proyek 5
1804,37,2025-01-04,2025-01-04 17:30:00,2025-01-04 20:30:00,3,Ditolak,Lembur proyek 1
1805,39,2025-01-04,2025-01-04 17:30:00,2025-01-04 21:30:00,4,Disetujui,Lembur proyek 2
1806,41,2025-01-04,2025-01-04 17:30:00,2025-01-04 20:30:00,3,Disetujui,Lembur proyek 4
1807,43,2025-01-04,2025-01-04 17:30:00,2025-01-04 20:30:00,3,Disetujui,Lembur proyek 2
1808,44,2025-01-04,2025-01-04 17:30:00,2025-01-04 18:30:00,1,Ditolak,Lembur proyek 2
1809,48,2025-01-04,2025-01-04 17:30:00,2025-01-04 18:30:00,1,Ditolak,Lembur proyek 4
1810,49,2025-01-04,2025-01-04 17:30:00,2025-01-04 19:30:00,2,Disetujui,Lembur proyek 2
1811,1,2025-01-05,2025-01-05 17:30:00,2025-01-05 19:30:00,2,Disetujui,Lembur proyek 4
1812,6,2025-01-05,2025-01-05 17:30:00,2025-01-05 20:30:00,3,Ditolak,Lembur proyek 1
1813,11,2025-01-05,2025-01-05 17:30:00,2025-01-05 18:30:00,1,Disetujui,Lembur proyek 1
1814,23,2025-01-05,2025-01-05 17:30:00,2025-01-05 18:30:00,1,Disetujui,Lembur proyek 5
1815,25,2025-01-05,2025-01-05 17:30:00,2025-01-05 19:30:00,2,Ditolak,Lembur proyek 2
1816,28,2025-01-05,2025-01-05 17:30:00,2025-01-05 18:30:00,1,Ditolak,Lembur proyek 5
1817,29,2025-01-05,2025-01-05 17:30:00,2025-01-05 19:30:00,2,Ditolak,Lembur proyek 1
1818,30,2025-01-05,2025-01-05 17:30:00,2025-01-05 21:30:00,4,Ditolak,Lembur proyek 2
1819,37,2025-01-05,2025-01-05 17:30:00,2025-01-05 18:30:00,1,Disetujui,Lembur proyek 2
1820,39,2025-01-05,2025-01-05 17:30:00,2025-01-05 21:30:00,4,Disetujui,Lembur proyek 2
1821,46,2025-01-05,2025-01-05 17:30:00,2025-01-05 18:30:00,1,Disetujui,Lembur proyek 3
1822,47,2025-01-05,2025-01-05 17:30:00,2025-01-05 19:30:00,2,Disetujui,Lembur proyek 3
1823,4,2025-01-06,2025-01-06 17:30:00,2025-01-06 18:30:00,1,Ditolak,Lembur proyek 4
1824,7,2025-01-06,2025-01-06 17:30:00,2025-01-06 19:30:00,2,Disetujui,Lembur proyek 2
1825,9,2025-01-06,2025-01-06 17:30:00,2025-01-06 20:30:00,3,Disetujui,Lembur proyek 2
1826,16,2025-01-06,2025-01-06 17:30:00,2025-01-06 19:30:00,2,Disetujui,Lembur proyek 3
1827,17,2025-01-06,2025-01-06 17:30:00,2025-01-06 21:30:00,4,Ditolak,Lembur proyek 3
1828,20,2025-01-06,2025-01-06 17:30:00,2025-01-06 21:30:00,4,Ditolak,Lembur proyek 2
1829,29,2025-01-06,2025-01-06 17:30:00,2025-01-06 21:30:00,4,Disetujui,Lembur proyek 1
1830,30,2025-01-06,2025-01-06 17:30:00,2025-01-06 18:30:00,1,Disetujui,Lembur proyek 4
1831,31,2025-01-06,2025-01-06 17:30:00,2025-01-06 20:30:00,3,Ditolak,Lembur proyek 5
1832,42,2025-01-06,2025-01-06 17:30:00,2025-01-06 20:30:00,3,Disetujui,Lembur proyek 4
1833,50,2025-01-06,2025-01-06 17:30:00,2025-01-06 19:30:00,2,Disetujui,Lembur proyek 2
1834,2,2025-01-07,2025-01-07 17:30:00,2025-01-07 21:30:00,4,Disetujui,Lembur proyek 5
1835,4,2025-01-07,2025-01-07 17:30:00,2025-01-07 19:30:00,2,Ditolak,Lembur proyek 2
1836,9,2025-01-07,2025-01-07 17:30:00,2025-01-07 20:30:00,3,Disetujui,Lembur proyek 2
1837,17,2025-01-07,2025-01-07 17:30:00,2025-01-07 21:30:00,4,Disetujui,Lembur proyek 2
1838,22,2025-01-07,2025-01-07 17:30:00,2025-01-07 20:30:00,3,Disetujui,Lembur proyek 1
1839,25,2025-01-07,2025-01-07 17:30:00,2025-01-07 19:30:00,2,Ditolak,Lembur proyek 1
1840,34,2025-01-07,2025-01-07 17:30:00,2025-01-07 21:30:00,4,Ditolak,Lembur proyek 4
1841,35,2025-01-07,2025-01-07 17:30:00,2025-01-07 21:30:00,4,Ditolak,Lembur proyek 5
1842,42,2025-01-07,2025-01-07 17:30:00,2025-01-07 20:30:00,3,Disetujui,Lembur proyek 3
1843,48,2025-01-07,2025-01-07 17:30:00,2025-01-07 18:30:00,1,Ditolak,Lembur proyek 4
1844,28,2025-01-08,2025-01-08 17:30:00,2025-01-08 20:30:00,3,Disetujui,Lembur proyek 1
1845,43,2025-01-08,2025-01-08 17:30:00,2025-01-08 21:30:00,4,Ditolak,Lembur proyek 2
1846,49,2025-01-08,2025-01-08 17:30:00,2025-01-08 18:30:00,1,Ditolak,Lembur proyek 5
1847,6,2025-01-09,2025-01-09 17:30:00,2025-01-09 20:30:00,3,Ditolak,Lembur proyek 2
1848,9,2025-01-09,2025-01-09 17:30:00,2025-01-09 21:30:00,4,Ditolak,Lembur proyek 3
1849,11,2025-01-09,2025-01-09 17:30:00,2025-01-09 21:30:00,4,Disetujui,Lembur proyek 1
1850,12,2025-01-09,2025-01-09 17:30:00,2025-01-09 20:30:00,3,Disetujui,Lembur proyek 2
1851,13,2025-01-09,2025-01-09 17:30:00,2025-01-09 21:30:00,4,Disetujui,Lembur proyek 5
1852,14,2025-01-09,2025-01-09 17:30:00,2025-01-09 20:30:00,3,Ditolak,Lembur proyek 4
1853,17,2025-01-09,2025-01-09 17:30:00,2025-01-09 18:30:00,1,Disetujui,Lembur proyek 3
1854,28,2025-01-09,2025-01-09 17:30:00,2025-01-09 19:30:00,2,Disetujui,Lembur proyek 1
1855,33,2025-01-09,2025-01-09 17:30:00,2025-01-09 20:30:00,3,Ditolak,Lembur proyek 1
1856,34,2025-01-09,2025-01-09 17:30:00,2025-01-09 20:30:00,3,Disetujui,Lembur proyek 1
1857,35,2025-01-09,2025-01-09 17:30:00,2025-01-09 18:30:00,1,Disetujui,Lembur proyek 4
1858,37,2025-01-09,2025-01-09 17:30:00,2025-01-09 19:30:00,2,Ditolak,Lembur proyek 4
1859,39,2025-01-09,2025-01-09 17:30:00,2025-01-09 21:30:00,4,Disetujui,Lembur proyek 4
1860,41,2025-01-09,2025-01-09 17:30:00,2025-01-09 20:30:00,3,Ditolak,Lembur proyek 1
1861,42,2025-01-09,2025-01-09 17:30:00,2025-01-09 21:30:00,4,Ditolak,Lembur proyek 3
1862,48,2025-01-09,2025-01-09 17:30:00,2025-01-09 19:30:00,2,Ditolak,Lembur proyek 3
1863,5,2025-01-10,2025-01-10 17:30:00,2025-01-10 18:30:00,1,Disetujui,Lembur proyek 2
1864,6,2025-01-10,2025-01-10 17:30:00,2025-01-10 18:30:00,1,Disetujui,Lembur proyek 3
1865,10,2025-01-10,2025-01-10 17:30:00,2025-01-10 18:30:00,1,Ditolak,Lembur proyek 1
1866,14,2025-01-10,2025-01-10 17:30:00,2025-01-10 19:30:00,2,Ditolak,Lembur proyek 2
1867,15,2025-01-10,2025-01-10 17:30:00,2025-01-10 21:30:00,4,Disetujui,Lembur proyek 4
1868,21,2025-01-10,2025-01-10 17:30:00,2025-01-10 20:30:00,3,Disetujui,Lembur proyek 2
1869,24,2025-01-10,2025-01-10 17:30:00,2025-01-10 19:30:00,2,Disetujui,Lembur proyek 2
1870,31,2025-01-10,2025-01-10 17:30:00,2025-01-10 18:30:00,1,Ditolak,Lembur proyek 5
1871,32,2025-01-10,2025-01-10 17:30:00,2025-01-10 19:30:00,2,Disetujui,Lembur proyek 5
1872,34,2025-01-10,2025-01-10 17:30:00,2025-01-10 20:30:00,3,Ditolak,Lembur proyek 2
1873,40,2025-01-10,2025-01-10 17:30:00,2025-01-10 20:30:00,3,Disetujui,Lembur proyek 2
1874,45,2025-01-10,2025-01-10 17:30:00,2025-01-10 21:30:00,4,Disetujui,Lembur proyek 3
1875,46,2025-01-10,2025-01-10 17:30:00,2025-01-10 18:30:00,1,Disetujui,Lembur proyek 1
1876,5,2025-01-11,2025-01-11 17:30:00,2025-01-11 19:30:00,2,Disetujui,Lembur proyek 3
1877,8,2025-01-11,2025-01-11 17:30:00,2025-01-11 19:30:00,2,Disetujui,Lembur proyek 2
1878,9,2025-01-11,2025-01-11 17:30:00,2025-01-11 19:30:00,2,Ditolak,Lembur proyek 5
1879,15,2025-01-11,2025-01-11 17:30:00,2025-01-11 19:30:00,2,Ditolak,Lembur proyek 5
1880,18,2025-01-11,2025-01-11 17:30:00,2025-01-11 18:30:00,1,Ditolak,Lembur proyek 5
1881,24,2025-01-11,2025-01-11 17:30:00,2025-01-11 19:30:00,2,Ditolak,Lembur proyek 2
1882,32,2025-01-11,2025-01-11 17:30:00,2025-01-11 18:30:00,1,Ditolak,Lembur proyek 5
1883,33,2025-01-11,2025-01-11 17:30:00,2025-01-11 18:30:00,1,Disetujui,Lembur proyek 5
1884,49,2025-01-11,2025-01-11 17:30:00,2025-01-11 21:30:00,4,Disetujui,Lembur proyek 3
1885,8,2025-01-12,2025-01-12 17:30:00,2025-01-12 21:30:00,4,Disetujui,Lembur proyek 1
1886,13,2025-01-12,2025-01-12 17:30:00,2025-01-12 21:30:00,4,Disetujui,Lembur proyek 2
1887,14,2025-01-12,2025-01-12 17:30:00,2025-01-12 20:30:00,3,Ditolak,Lembur proyek 5
1888,16,2025-01-12,2025-01-12 17:30:00,2025-01-12 18:30:00,1,Disetujui,Lembur proyek 2
1889,23,2025-01-12,2025-01-12 17:30:00,2025-01-12 18:30:00,1,Ditolak,Lembur proyek 4
1890,24,2025-01-12,2025-01-12 17:30:00,2025-01-12 21:30:00,4,Disetujui,Lembur proyek 5
1891,29,2025-01-12,2025-01-12 17:30:00,2025-01-12 19:30:00,2,Ditolak,Lembur proyek 1
1892,30,2025-01-12,2025-01-12 17:30:00,2025-01-12 20:30:00,3,Ditolak,Lembur proyek 3
1893,34,2025-01-12,2025-01-12 17:30:00,2025-01-12 18:30:00,1,Disetujui,Lembur proyek 3
1894,36,2025-01-12,2025-01-12 17:30:00,2025-01-12 18:30:00,1,Ditolak,Lembur proyek 2
1895,38,2025-01-12,2025-01-12 17:30:00,2025-01-12 19:30:00,2,Disetujui,Lembur proyek 1
1896,48,2025-01-12,2025-01-12 17:30:00,2025-01-12 18:30:00,1,Ditolak,Lembur proyek 2
1897,50,2025-01-12,2025-01-12 17:30:00,2025-01-12 20:30:00,3,Disetujui,Lembur proyek 2
1898,6,2025-01-13,2025-01-13 17:30:00,2025-01-13 18:30:00,1,Disetujui,Lembur proyek 4
1899,11,2025-01-13,2025-01-13 17:30:00,2025-01-13 19:30:00,2,Disetujui,Lembur proyek 4
1900,16,2025-01-13,2025-01-13 17:30:00,2025-01-13 21:30:00,4,Disetujui,Lembur proyek 4
1901,19,2025-01-13,2025-01-13 17:30:00,2025-01-13 19:30:00,2,Ditolak,Lembur proyek 5
1902,36,2025-01-13,2025-01-13 17:30:00,2025-01-13 20:30:00,3,Ditolak,Lembur proyek 5
1903,39,2025-01-13,2025-01-13 17:30:00,2025-01-13 20:30:00,3,Disetujui,Lembur proyek 1
1904,45,2025-01-13,2025-01-13 17:30:00,2025-01-13 19:30:00,2,Disetujui,Lembur proyek 4
1905,2,2025-01-14,2025-01-14 17:30:00,2025-01-14 21:30:00,4,Ditolak,Lembur proyek 2
1906,5,2025-01-14,2025-01-14 17:30:00,2025-01-14 18:30:00,1,Ditolak,Lembur proyek 5
1907,16,2025-01-14,2025-01-14 17:30:00,2025-01-14 18:30:00,1,Ditolak,Lembur proyek 2
1908,18,2025-01-14,2025-01-14 17:30:00,2025-01-14 20:30:00,3,Ditolak,Lembur proyek 1
1909,19,2025-01-14,2025-01-14 17:30:00,2025-01-14 19:30:00,2,Ditolak,Lembur proyek 4
1910,25,2025-01-14,2025-01-14 17:30:00,2025-01-14 20:30:00,3,Ditolak,Lembur proyek 3
1911,27,2025-01-14,2025-01-14 17:30:00,2025-01-14 19:30:00,2,Disetujui,Lembur proyek 4
1912,35,2025-01-14,2025-01-14 17:30:00,2025-01-14 18:30:00,1,Ditolak,Lembur proyek 4
1913,37,2025-01-14,2025-01-14 17:30:00,2025-01-14 19:30:00,2,Ditolak,Lembur proyek 4
1914,40,2025-01-14,2025-01-14 17:30:00,2025-01-14 21:30:00,4,Ditolak,Lembur proyek 2
1915,9,2025-01-15,2025-01-15 17:30:00,2025-01-15 18:30:00,1,Disetujui,Lembur proyek 1
1916,10,2025-01-15,2025-01-15 17:30:00,2025-01-15 18:30:00,1,Ditolak,Lembur proyek 4
1917,21,2025-01-15,2025-01-15 17:30:00,2025-01-15 18:30:00,1,Ditolak,Lembur proyek 1
1918,27,2025-01-15,2025-01-15 17:30:00,2025-01-15 18:30:00,1,Ditolak,Lembur proyek 1
1919,46,2025-01-15,2025-01-15 17:30:00,2025-01-15 20:30:00,3,Disetujui,Lembur proyek 2
1920,13,2025-01-16,2025-01-16 17:30:00,2025-01-16 19:30:00,2,Ditolak,Lembur proyek 3
1921,14,2025-01-16,2025-01-16 17:30:00,2025-01-16 20:30:00,3,Ditolak,Lembur proyek 2
1922,20,2025-01-16,2025-01-16 17:30:00,2025-01-16 18:30:00,1,Disetujui,Lembur proyek 5
1923,21,2025-01-16,2025-01-16 17:30:00,2025-01-16 21:30:00,4,Ditolak,Lembur proyek 3
1924,27,2025-01-16,2025-01-16 17:30:00,2025-01-16 19:30:00,2,Disetujui,Lembur proyek 1
1925,31,2025-01-16,2025-01-16 17:30:00,2025-01-16 18:30:00,1,Disetujui,Lembur proyek 2
1926,40,2025-01-16,2025-01-16 17:30:00,2025-01-16 21:30:00,4,Disetujui,Lembur proyek 1
1927,46,2025-01-16,2025-01-16 17:30:00,2025-01-16 20:30:00,3,Disetujui,Lembur proyek 1
1928,47,2025-01-16,2025-01-16 17:30:00,2025-01-16 21:30:00,4,Ditolak,Lembur proyek 4
1929,6,2025-01-17,2025-01-17 17:30:00,2025-01-17 20:30:00,3,Disetujui,Lembur proyek 1
1930,9,2025-01-17,2025-01-17 17:30:00,2025-01-17 21:30:00,4,Disetujui,Lembur proyek 2
1931,19,2025-01-17,2025-01-17 17:30:00,2025-01-17 19:30:00,2,Disetujui,Lembur proyek 5
1932,20,2025-01-17,2025-01-17 17:30:00,2025-01-17 21:30:00,4,Disetujui,Lembur proyek 5
1933,21,2025-01-17,2025-01-17 17:30:00,2025-01-17 18:30:00,1,Disetujui,Lembur proyek 4
1934,28,2025-01-17,2025-01-17 17:30:00,2025-01-17 18:30:00,1,Ditolak,Lembur proyek 1
1935,29,2025-01-17,2025-01-17 17:30:00,2025-01-17 19:30:00,2,Disetujui,Lembur proyek 2
1936,30,2025-01-17,2025-01-17 17:30:00,2025-01-17 19:30:00,2,Ditolak,Lembur proyek 3
1937,31,2025-01-17,2025-01-17 17:30:00,2025-01-17 18:30:00,1,Ditolak,Lembur proyek 5
1938,35,2025-01-17,2025-01-17 17:30:00,2025-01-17 19:30:00,2,Disetujui,Lembur proyek 2
1939,36,2025-01-17,2025-01-17 17:30:00,2025-01-17 21:30:00,4,Ditolak,Lembur proyek 5
1940,48,2025-01-17,2025-01-17 17:30:00,2025-01-17 20:30:00,3,Ditolak,Lembur proyek 3
1941,12,2025-01-18,2025-01-18 17:30:00,2025-01-18 18:30:00,1,Ditolak,Lembur proyek 5
1942,23,2025-01-18,2025-01-18 17:30:00,2025-01-18 18:30:00,1,Ditolak,Lembur proyek 2
1943,26,2025-01-18,2025-01-18 17:30:00,2025-01-18 19:30:00,2,Disetujui,Lembur proyek 5
1944,39,2025-01-18,2025-01-18 17:30:00,2025-01-18 21:30:00,4,Ditolak,Lembur proyek 2
1945,44,2025-01-18,2025-01-18 17:30:00,2025-01-18 19:30:00,2,Ditolak,Lembur proyek 2
1946,49,2025-01-18,2025-01-18 17:30:00,2025-01-18 20:30:00,3,Ditolak,Lembur proyek 3
1947,7,2025-01-19,2025-01-19 17:30:00,2025-01-19 21:30:00,4,Disetujui,Lembur proyek 1
1948,11,2025-01-19,2025-01-19 17:30:00,2025-01-19 21:30:00,4,Ditolak,Lembur proyek 3
1949,15,2025-01-19,2025-01-19 17:30:00,2025-01-19 21:30:00,4,Disetujui,Lembur proyek 3
1950,18,2025-01-19,2025-01-19 17:30:00,2025-01-19 18:30:00,1,Disetujui,Lembur proyek 4
1951,23,2025-01-19,2025-01-19 17:30:00,2025-01-19 19:30:00,2,Ditolak,Lembur proyek 3
1952,27,2025-01-19,2025-01-19 17:30:00,2025-01-19 20:30:00,3,Disetujui,Lembur proyek 1
1953,29,2025-01-19,2025-01-19 17:30:00,2025-01-19 21:30:00,4,Ditolak,Lembur proyek 4
1954,31,2025-01-19,2025-01-19 17:30:00,2025-01-19 21:30:00,4,Ditolak,Lembur proyek 5
1955,37,2025-01-19,2025-01-19 17:30:00,2025-01-19 21:30:00,4,Ditolak,Lembur proyek 2
1956,44,2025-01-19,2025-01-19 17:30:00,2025-01-19 18:30:00,1,Disetujui,Lembur proyek 1
1957,45,2025-01-19,2025-01-19 17:30:00,2025-01-19 20:30:00,3,Ditolak,Lembur proyek 4
1958,49,2025-01-19,2025-01-19 17:30:00,2025-01-19 20:30:00,3,Disetujui,Lembur proyek 3
1959,1,2025-01-20,2025-01-20 17:30:00,2025-01-20 18:30:00,1,Ditolak,Lembur proyek 5
1960,3,2025-01-20,2025-01-20 17:30:00,2025-01-20 18:30:00,1,Disetujui,Lembur proyek 3
1961,6,2025-01-20,2025-01-20 17:30:00,2025-01-20 19:30:00,2,Disetujui,Lembur proyek 4
1962,17,2025-01-20,2025-01-20 17:30:00,2025-01-20 19:30:00,2,Ditolak,Lembur proyek 1
1963,19,2025-01-20,2025-01-20 17:30:00,2025-01-20 21:30:00,4,Disetujui,Lembur proyek 4
1964,23,2025-01-20,2025-01-20 17:30:00,2025-01-20 19:30:00,2,Ditolak,Lembur proyek 1
1965,25,2025-01-20,2025-01-20 17:30:00,2025-01-20 21:30:00,4,Ditolak,Lembur proyek 1
1966,29,2025-01-20,2025-01-20 17:30:00,2025-01-20 18:30:00,1,Disetujui,Lembur proyek 4
1967,32,2025-01-20,2025-01-20 17:30:00,2025-01-20 20:30:00,3,Disetujui,Lembur proyek 2
1968,35,2025-01-20,2025-01-20 17:30:00,2025-01-20 21:30:00,4,Ditolak,Lembur proyek 1
1969,43,2025-01-20,2025-01-20 17:30:00,2025-01-20 18:30:00,1,Disetujui,Lembur proyek 5
1970,45,2025-01-20,2025-01-20 17:30:00,2025-01-20 20:30:00,3,Disetujui,Lembur proyek 1
1971,48,2025-01-20,2025-01-20 17:30:00,2025-01-20 21:30:00,4,Ditolak,Lembur proyek 4
1972,10,2025-01-21,2025-01-21 17:30:00,2025-01-21 20:30:00,3,Ditolak,Lembur proyek 4
1973,20,2025-01-21,2025-01-21 17:30:00,2025-01-21 18:30:00,1,Disetujui,Lembur proyek 4
1974,23,2025-01-21,2025-01-21 17:30:00,2025-01-21 18:30:00,1,Disetujui,Lembur proyek 4
1975,29,2025-01-21,2025-01-21 17:30:00,2025-01-21 18:30:00,1,Disetujui,Lembur proyek 1
1976,30,2025-01-21,2025-01-21 17:30:00,2025-01-21 21:30:00,4,Ditolak,Lembur proyek 3
1977,39,2025-01-21,2025-01-21 17:30:00,2025-01-21 18:30:00,1,Disetujui,Lembur proyek 5
1978,44,2025-01-21,2025-01-21 17:30:00,2025-01-21 18:30:00,1,Ditolak,Lembur proyek 2
1979,2,2025-01-22,2025-01-22 17:30:00,2025-01-22 19:30:00,2,Ditolak,Lembur proyek 5
1980,4,2025-01-22,2025-01-22 17:30:00,2025-01-22 20:30:00,3,Ditolak,Lembur proyek 1
1981,8,2025-01-22,2025-01-22 17:30:00,2025-01-22 20:30:00,3,Disetujui,Lembur proyek 5
1982,9,2025-01-22,2025-01-22 17:30:00,2025-01-22 19:30:00,2,Ditolak,Lembur proyek 1
1983,10,2025-01-22,2025-01-22 17:30:00,2025-01-22 20:30:00,3,Ditolak,Lembur proyek 4
1984,23,2025-01-22,2025-01-22 17:30:00,2025-01-22 19:30:00,2,Disetujui,Lembur proyek 2
1985,29,2025-01-22,2025-01-22 17:30:00,2025-01-22 21:30:00,4,Disetujui,Lembur proyek 1
1986,40,2025-01-22,2025-01-22 17:30:00,2025-01-22 21:30:00,4,Disetujui,Lembur proyek 4
1987,47,2025-01-22,2025-01-22 17:30:00,2025-01-22 20:30:00,3,Ditolak,Lembur proyek 4
1988,1,2025-01-23,2025-01-23 17:30:00,2025-01-23 20:30:00,3,Ditolak,Lembur proyek 5
1989,2,2025-01-23,2025-01-23 17:30:00,2025-01-23 21:30:00,4,Ditolak,Lembur proyek 5
1990,5,2025-01-23,2025-01-23 17:30:00,2025-01-23 18:30:00,1,Ditolak,Lembur proyek 2
1991,7,2025-01-23,2025-01-23 17:30:00,2025-01-23 20:30:00,3,Disetujui,Lembur proyek 1
1992,9,2025-01-23,2025-01-23 17:30:00,2025-01-23 18:30:00,1,Ditolak,Lembur proyek 5
1993,12,2025-01-23,2025-01-23 17:30:00,2025-01-23 21:30:00,4,Disetujui,Lembur proyek 5
1994,15,2025-01-23,2025-01-23 17:30:00,2025-01-23 21:30:00,4,Disetujui,Lembur proyek 5
1995,18,2025-01-23,2025-01-23 17:30:00,2025-01-23 21:30:00,4,Ditolak,Lembur proyek 1
1996,23,2025-01-23,2025-01-23 17:30:00,2025-01-23 21:30:00,4,Disetujui,Lembur proyek 4
1997,24,2025-01-23,2025-01-23 17:30:00,2025-01-23 18:30:00,1,Disetujui,Lembur proyek 5
1998,26,2025-01-23,2025-01-23 17:30:00,2025-01-23 18:30:00,1,Ditolak,Lembur proyek 5
1999,37,2025-01-23,2025-01-23 17:30:00,2025-01-23 18:30:00,1,Ditolak,Lembur proyek 2
2000,41,2025-01-23,2025-01-23 17:30:00,2025-01-23 19:30:00,2,Ditolak,Lembur proyek 2
2001,44,2025-01-23,2025-01-23 17:30:00,2025-01-23 21:30:00,4,Ditolak,Lembur proyek 1
2002,46,2025-01-23,2025-01-23 17:30:00,2025-01-23 19:30:00,2,Ditolak,Lembur proyek 2
2003,49,2025-01-23,2025-01-23 17:30:00,2025-01-23 20:30:00,3,Ditolak,Lembur proyek 2
2004,10,2025-01-24,2025-01-24 17:30:00,2025-01-24 21:30:00,4,Ditolak,Lembur proyek 2
2005,12,2025-01-24,2025-01-24 17:30:00,2025-01-24 21:30:00,4,Ditolak,Lembur proyek 2
2006,16,2025-01-24,2025-01-24 17:30:00,2025-01-24 18:30:00,1,Disetujui,Lembur proyek 2
2007,18,2025-01-24,2025-01-24 17:30:00,2025-01-24 18:30:00,1,Disetujui,Lembur proyek 2
2008,26,2025-01-24,2025-01-24 17:30:00,2025-01-24 19:30:00,2,Disetujui,Lembur proyek 3
2009,37,2025-01-24,2025-01-24 17:30:00,2025-01-24 20:30:00,3,Ditolak,Lembur proyek 3
2010,38,2025-01-24,2025-01-24 17:30:00,2025-01-24 20:30:00,3,Disetujui,Lembur proyek 2
2011,44,2025-01-24,2025-01-24 17:30:00,2025-01-24 21:30:00,4,Ditolak,Lembur proyek 1
2012,49,2025-01-24,2025-01-24 17:30:00,2025-01-24 18:30:00,1,Disetujui,Lembur proyek 2
2013,12,2025-01-25,2025-01-25 17:30:00,2025-01-25 19:30:00,2,Disetujui,Lembur proyek 4
2014,14,2025-01-25,2025-01-25 17:30:00,2025-01-25 18:30:00,1,Disetujui,Lembur proyek 2
2015,15,2025-01-25,2025-01-25 17:30:00,2025-01-25 18:30:00,1,Ditolak,Lembur proyek 5
2016,20,2025-01-25,2025-01-25 17:30:00,2025-01-25 19:30:00,2,Disetujui,Lembur proyek 1
2017,22,2025-01-25,2025-01-25 17:30:00,2025-01-25 18:30:00,1,Disetujui,Lembur proyek 3
2018,43,2025-01-25,2025-01-25 17:30:00,2025-01-25 19:30:00,2,Ditolak,Lembur proyek 4
2019,47,2025-01-25,2025-01-25 17:30:00,2025-01-25 19:30:00,2,Ditolak,Lembur proyek 2
2020,49,2025-01-25,2025-01-25 17:30:00,2025-01-25 18:30:00,1,Disetujui,Lembur proyek 1
2021,1,2025-01-26,2025-01-26 17:30:00,2025-01-26 19:30:00,2,Disetujui,Lembur proyek 4
2022,12,2025-01-26,2025-01-26 17:30:00,2025-01-26 19:30:00,2,Ditolak,Lembur proyek 2
2023,16,2025-01-26,2025-01-26 17:30:00,2025-01-26 18:30:00,1,Ditolak,Lembur proyek 2
2024,18,2025-01-26,2025-01-26 17:30:00,2025-01-26 19:30:00,2,Ditolak,Lembur proyek 1
2025,27,2025-01-26,2025-01-26 17:30:00,2025-01-26 18:30:00,1,Ditolak,Lembur proyek 1
2026,29,2025-01-26,2025-01-26 17:30:00,2025-01-26 21:30:00,4,Disetujui,Lembur proyek 4
2027,35,2025-01-26,2025-01-26 17:30:00,2025-01-26 18:30:00,1,Ditolak,Lembur proyek 5
2028,39,2025-01-26,2025-01-26 17:30:00,2025-01-26 20:30:00,3,Disetujui,Lembur proyek 3
2029,40,2025-01-26,2025-01-26 17:30:00,2025-01-26 19:30:00,2,Disetujui,Lembur proyek 5
2030,44,2025-01-26,2025-01-26 17:30:00,2025-01-26 19:30:00,2,Ditolak,Lembur proyek 5
2031,49,2025-01-26,2025-01-26 17:30:00,2025-01-26 21:30:00,4,Ditolak,Lembur proyek 4
2032,50,2025-01-26,2025-01-26 17:30:00,2025-01-26 18:30:00,1,Ditolak,Lembur proyek 4
2033,11,2025-01-27,2025-01-27 17:30:00,2025-01-27 21:30:00,4,Ditolak,Lembur proyek 1
2034,13,2025-01-27,2025-01-27 17:30:00,2025-01-27 19:30:00,2,Ditolak,Lembur proyek 2
2035,18,2025-01-27,2025-01-27 17:30:00,2025-01-27 18:30:00,1,Disetujui,Lembur proyek 2
2036,28,2025-01-27,2025-01-27 17:30:00,2025-01-27 18:30:00,1,Ditolak,Lembur proyek 2
2037,34,2025-01-27,2025-01-27 17:30:00,2025-01-27 19:30:00,2,Ditolak,Lembur proyek 4
2038,48,2025-01-27,2025-01-27 17:30:00,2025-01-27 18:30:00,1,Ditolak,Lembur proyek 2
2039,50,2025-01-27,2025-01-27 17:30:00,2025-01-27 21:30:00,4,Ditolak,Lembur proyek 2
2040,3,2025-01-28,2025-01-28 17:30:00,2025-01-28 19:30:00,2,Ditolak,Lembur proyek 3
2041,4,2025-01-28,2025-01-28 17:30:00,2025-01-28 21:30:00,4,Disetujui,Lembur proyek 1
2042,7,2025-01-28,2025-01-28 17:30:00,2025-01-28 20:30:00,3,Ditolak,Lembur proyek 4
2043,8,2025-01-28,2025-01-28 17:30:00,2025-01-28 18:30:00,1,Ditolak,Lembur proyek 1
2044,10,2025-01-28,2025-01-28 17:30:00,2025-01-28 20:30:00,3,Disetujui,Lembur proyek 3
2045,11,2025-01-28,2025-01-28 17:30:00,2025-01-28 21:30:00,4,Disetujui,Lembur proyek 3
2046,15,2025-01-28,2025-01-28 17:30:00,2025-01-28 19:30:00,2,Disetujui,Lembur proyek 2
2047,17,2025-01-28,2025-01-28 17:30:00,2025-01-28 18:30:00,1,Ditolak,Lembur proyek 4
2048,18,2025-01-28,2025-01-28 17:30:00,2025-01-28 20:30:00,3,Disetujui,Lembur proyek 3
2049,21,2025-01-28,2025-01-28 17:30:00,2025-01-28 21:30:00,4,Disetujui,Lembur proyek 4
2050,23,2025-01-28,2025-01-28 17:30:00,2025-01-28 20:30:00,3,Disetujui,Lembur proyek 4
2051,24,2025-01-28,2025-01-28 17:30:00,2025-01-28 20:30:00,3,Disetujui,Lembur proyek 4
2052,26,2025-01-28,2025-01-28 17:30:00,2025-01-28 18:30:00,1,Ditolak,Lembur proyek 5
2053,30,2025-01-28,2025-01-28 17:30:00,2025-01-28 20:30:00,3,Disetujui,Lembur proyek 2
2054,34,2025-01-28,2025-01-28 17:30:00,2025-01-28 20:30:00,3,Disetujui,Lembur proyek 5
2055,37,2025-01-28,2025-01-28 17:30:00,2025-01-28 21:30:00,4,Ditolak,Lembur proyek 5
2056,49,2025-01-28,2025-01-28 17:30:00,2025-01-28 19:30:00,2,Ditolak,Lembur proyek 3
2057,19,2025-02-01,2025-02-01 17:30:00,2025-02-01 20:30:00,3,Ditolak,Lembur proyek 4
2058,25,2025-02-01,2025-02-01 17:30:00,2025-02-01 18:30:00,1,Disetujui,Lembur proyek 1
2059,3,2025-02-02,2025-02-02 17:30:00,2025-02-02 19:30:00,2,Disetujui,Lembur proyek 4
2060,5,2025-02-02,2025-02-02 17:30:00,2025-02-02 21:30:00,4,Disetujui,Lembur proyek 1
2061,9,2025-02-02,2025-02-02 17:30:00,2025-02-02 21:30:00,4,Ditolak,Lembur proyek 1
2062,11,2025-02-02,2025-02-02 17:30:00,2025-02-02 20:30:00,3,Ditolak,Lembur proyek 5
2063,16,2025-02-02,2025-02-02 17:30:00,2025-02-02 21:30:00,4,Ditolak,Lembur proyek 3
2064,20,2025-02-02,2025-02-02 17:30:00,2025-02-02 21:30:00,4,Ditolak,Lembur proyek 1
2065,22,2025-02-02,2025-02-02 17:30:00,2025-02-02 20:30:00,3,Disetujui,Lembur proyek 5
2066,25,2025-02-02,2025-02-02 17:30:00,2025-02-02 21:30:00,4,Ditolak,Lembur proyek 2
2067,32,2025-02-02,2025-02-02 17:30:00,2025-02-02 19:30:00,2,Disetujui,Lembur proyek 4
2068,36,2025-02-02,2025-02-02 17:30:00,2025-02-02 20:30:00,3,Disetujui,Lembur proyek 5
2069,43,2025-02-02,2025-02-02 17:30:00,2025-02-02 20:30:00,3,Ditolak,Lembur proyek 3
2070,44,2025-02-02,2025-02-02 17:30:00,2025-02-02 18:30:00,1,Disetujui,Lembur proyek 4
2071,45,2025-02-02,2025-02-02 17:30:00,2025-02-02 21:30:00,4,Disetujui,Lembur proyek 1
2072,47,2025-02-02,2025-02-02 17:30:00,2025-02-02 21:30:00,4,Disetujui,Lembur proyek 1
2073,48,2025-02-02,2025-02-02 17:30:00,2025-02-02 21:30:00,4,Disetujui,Lembur proyek 2
2074,49,2025-02-02,2025-02-02 17:30:00,2025-02-02 20:30:00,3,Disetujui,Lembur proyek 5
2075,17,2025-02-03,2025-02-03 17:30:00,2025-02-03 20:30:00,3,Disetujui,Lembur proyek 4
2076,21,2025-02-03,2025-02-03 17:30:00,2025-02-03 18:30:00,1,Ditolak,Lembur proyek 5
2077,25,2025-02-03,2025-02-03 17:30:00,2025-02-03 18:30:00,1,Disetujui,Lembur proyek 4
2078,31,2025-02-03,2025-02-03 17:30:00,2025-02-03 19:30:00,2,Ditolak,Lembur proyek 5
2079,44,2025-02-03,2025-02-03 17:30:00,2025-02-03 20:30:00,3,Disetujui,Lembur proyek 5
2080,4,2025-02-04,2025-02-04 17:30:00,2025-02-04 20:30:00,3,Disetujui,Lembur proyek 3
2081,16,2025-02-04,2025-02-04 17:30:00,2025-02-04 18:30:00,1,Ditolak,Lembur proyek 1
2082,17,2025-02-04,2025-02-04 17:30:00,2025-02-04 18:30:00,1,Disetujui,Lembur proyek 2
2083,18,2025-02-04,2025-02-04 17:30:00,2025-02-04 18:30:00,1,Ditolak,Lembur proyek 1
2084,23,2025-02-04,2025-02-04 17:30:00,2025-02-04 19:30:00,2,Disetujui,Lembur proyek 4
2085,33,2025-02-04,2025-02-04 17:30:00,2025-02-04 18:30:00,1,Disetujui,Lembur proyek 5
2086,35,2025-02-04,2025-02-04 17:30:00,2025-02-04 19:30:00,2,Disetujui,Lembur proyek 1
2087,37,2025-02-04,2025-02-04 17:30:00,2025-02-04 21:30:00,4,Ditolak,Lembur proyek 3
2088,41,2025-02-04,2025-02-04 17:30:00,2025-02-04 19:30:00,2,Ditolak,Lembur proyek 4
2089,45,2025-02-04,2025-02-04 17:30:00,2025-02-04 19:30:00,2,Disetujui,Lembur proyek 2
2090,47,2025-02-04,2025-02-04 17:30:00,2025-02-04 21:30:00,4,Ditolak,Lembur proyek 4
2091,50,2025-02-04,2025-02-04 17:30:00,2025-02-04 19:30:00,2,Ditolak,Lembur proyek 1
2092,14,2025-02-05,2025-02-05 17:30:00,2025-02-05 20:30:00,3,Ditolak,Lembur proyek 4
2093,18,2025-02-05,2025-02-05 17:30:00,2025-02-05 18:30:00,1,Disetujui,Lembur proyek 2
2094,26,2025-02-05,2025-02-05 17:30:00,2025-02-05 20:30:00,3,Disetujui,Lembur proyek 4
2095,27,2025-02-05,2025-02-05 17:30:00,2025-02-05 20:30:00,3,Disetujui,Lembur proyek 1
2096,30,2025-02-05,2025-02-05 17:30:00,2025-02-05 18:30:00,1,Disetujui,Lembur proyek 1
2097,42,2025-02-05,2025-02-05 17:30:00,2025-02-05 19:30:00,2,Disetujui,Lembur proyek 1
2098,44,2025-02-05,2025-02-05 17:30:00,2025-02-05 20:30:00,3,Disetujui,Lembur proyek 3
2099,3,2025-02-06,2025-02-06 17:30:00,2025-02-06 18:30:00,1,Disetujui,Lembur proyek 4
2100,6,2025-02-06,2025-02-06 17:30:00,2025-02-06 21:30:00,4,Disetujui,Lembur proyek 2
2101,8,2025-02-06,2025-02-06 17:30:00,2025-02-06 20:30:00,3,Disetujui,Lembur proyek 3
2102,17,2025-02-06,2025-02-06 17:30:00,2025-02-06 20:30:00,3,Disetujui,Lembur proyek 1
2103,43,2025-02-06,2025-02-06 17:30:00,2025-02-06 18:30:00,1,Ditolak,Lembur proyek 4
2104,45,2025-02-06,2025-02-06 17:30:00,2025-02-06 21:30:00,4,Ditolak,Lembur proyek 5
2105,1,2025-02-07,2025-02-07 17:30:00,2025-02-07 19:30:00,2,Ditolak,Lembur proyek 1
2106,21,2025-02-07,2025-02-07 17:30:00,2025-02-07 21:30:00,4,Disetujui,Lembur proyek 1
2107,22,2025-02-07,2025-02-07 17:30:00,2025-02-07 20:30:00,3,Disetujui,Lembur proyek 4
2108,26,2025-02-07,2025-02-07 17:30:00,2025-02-07 21:30:00,4,Ditolak,Lembur proyek 1
2109,31,2025-02-07,2025-02-07 17:30:00,2025-02-07 19:30:00,2,Disetujui,Lembur proyek 4
2110,35,2025-02-07,2025-02-07 17:30:00,2025-02-07 18:30:00,1,Disetujui,Lembur proyek 1
2111,41,2025-02-07,2025-02-07 17:30:00,2025-02-07 20:30:00,3,Disetujui,Lembur proyek 4
2112,42,2025-02-07,2025-02-07 17:30:00,2025-02-07 19:30:00,2,Disetujui,Lembur proyek 4
2113,44,2025-02-07,2025-02-07 17:30:00,2025-02-07 18:30:00,1,Disetujui,Lembur proyek 3
2114,2,2025-02-08,2025-02-08 17:30:00,2025-02-08 18:30:00,1,Ditolak,Lembur proyek 1
2115,4,2025-02-08,2025-02-08 17:30:00,2025-02-08 21:30:00,4,Disetujui,Lembur proyek 2
2116,7,2025-02-08,2025-02-08 17:30:00,2025-02-08 21:30:00,4,Disetujui,Lembur proyek 5
2117,14,2025-02-08,2025-02-08 17:30:00,2025-02-08 20:30:00,3,Disetujui,Lembur proyek 5
2118,16,2025-02-08,2025-02-08 17:30:00,2025-02-08 18:30:00,1,Ditolak,Lembur proyek 5
2119,21,2025-02-08,2025-02-08 17:30:00,2025-02-08 19:30:00,2,Disetujui,Lembur proyek 5
2120,26,2025-02-08,2025-02-08 17:30:00,2025-02-08 18:30:00,1,Disetujui,Lembur proyek 2
2121,40,2025-02-08,2025-02-08 17:30:00,2025-02-08 21:30:00,4,Disetujui,Lembur proyek 2
2122,41,2025-02-08,2025-02-08 17:30:00,2025-02-08 19:30:00,2,Ditolak,Lembur proyek 3
2123,45,2025-02-08,2025-02-08 17:30:00,2025-02-08 19:30:00,2,Ditolak,Lembur proyek 3
2124,46,2025-02-08,2025-02-08 17:30:00,2025-02-08 20:30:00,3,Disetujui,Lembur proyek 1
2125,1,2025-02-09,2025-02-09 17:30:00,2025-02-09 18:30:00,1,Disetujui,Lembur proyek 3
2126,3,2025-02-09,2025-02-09 17:30:00,2025-02-09 21:30:00,4,Disetujui,Lembur proyek 3
2127,5,2025-02-09,2025-02-09 17:30:00,2025-02-09 19:30:00,2,Ditolak,Lembur proyek 1
2128,13,2025-02-09,2025-02-09 17:30:00,2025-02-09 21:30:00,4,Ditolak,Lembur proyek 3
2129,17,2025-02-09,2025-02-09 17:30:00,2025-02-09 19:30:00,2,Ditolak,Lembur proyek 1
2130,23,2025-02-09,2025-02-09 17:30:00,2025-02-09 19:30:00,2,Ditolak,Lembur proyek 4
2131,26,2025-02-09,2025-02-09 17:30:00,2025-02-09 19:30:00,2,Disetujui,Lembur proyek 4
2132,28,2025-02-09,2025-02-09 17:30:00,2025-02-09 18:30:00,1,Disetujui,Lembur proyek 3
2133,37,2025-02-09,2025-02-09 17:30:00,2025-02-09 18:30:00,1,Disetujui,Lembur proyek 3
2134,40,2025-02-09,2025-02-09 17:30:00,2025-02-09 21:30:00,4,Disetujui,Lembur proyek 4
2135,43,2025-02-09,2025-02-09 17:30:00,2025-02-09 21:30:00,4,Disetujui,Lembur proyek 2
2136,44,2025-02-09,2025-02-09 17:30:00,2025-02-09 21:30:00,4,Ditolak,Lembur proyek 1
2137,48,2025-02-09,2025-02-09 17:30:00,2025-02-09 21:30:00,4,Ditolak,Lembur proyek 3
2138,5,2025-02-10,2025-02-10 17:30:00,2025-02-10 21:30:00,4,Disetujui,Lembur proyek 3
2139,7,2025-02-10,2025-02-10 17:30:00,2025-02-10 20:30:00,3,Disetujui,Lembur proyek 5
2140,8,2025-02-10,2025-02-10 17:30:00,2025-02-10 21:30:00,4,Disetujui,Lembur proyek 1
2141,10,2025-02-10,2025-02-10 17:30:00,2025-02-10 19:30:00,2,Disetujui,Lembur proyek 2
2142,11,2025-02-10,2025-02-10 17:30:00,2025-02-10 19:30:00,2,Ditolak,Lembur proyek 5
2143,20,2025-02-10,2025-02-10 17:30:00,2025-02-10 21:30:00,4,Ditolak,Lembur proyek 3
2144,22,2025-02-10,2025-02-10 17:30:00,2025-02-10 20:30:00,3,Disetujui,Lembur proyek 1
2145,24,2025-02-10,2025-02-10 17:30:00,2025-02-10 19:30:00,2,Ditolak,Lembur proyek 3
2146,27,2025-02-10,2025-02-10 17:30:00,2025-02-10 18:30:00,1,Disetujui,Lembur proyek 4
2147,41,2025-02-10,2025-02-10 17:30:00,2025-02-10 18:30:00,1,Disetujui,Lembur proyek 4
2148,42,2025-02-10,2025-02-10 17:30:00,2025-02-10 19:30:00,2,Ditolak,Lembur proyek 5
2149,44,2025-02-10,2025-02-10 17:30:00,2025-02-10 19:30:00,2,Ditolak,Lembur proyek 5
2150,49,2025-02-10,2025-02-10 17:30:00,2025-02-10 21:30:00,4,Disetujui,Lembur proyek 1
2151,1,2025-02-11,2025-02-11 17:30:00,2025-02-11 19:30:00,2,Disetujui,Lembur proyek 5
2152,2,2025-02-11,2025-02-11 17:30:00,2025-02-11 21:30:00,4,Ditolak,Lembur proyek 1
2153,14,2025-02-11,2025-02-11 17:30:00,2025-02-11 21:30:00,4,Disetujui,Lembur proyek 2
2154,21,2025-02-11,2025-02-11 17:30:00,2025-02-11 21:30:00,4,Disetujui,Lembur proyek 1
2155,23,2025-02-11,2025-02-11 17:30:00,2025-02-11 20:30:00,3,Disetujui,Lembur proyek 2
2156,27,2025-02-11,2025-02-11 17:30:00,2025-02-11 19:30:00,2,Ditolak,Lembur proyek 5
2157,32,2025-02-11,2025-02-11 17:30:00,2025-02-11 20:30:00,3,Disetujui,Lembur proyek 1
2158,45,2025-02-11,2025-02-11 17:30:00,2025-02-11 21:30:00,4,Ditolak,Lembur proyek 3
2159,2,2025-02-12,2025-02-12 17:30:00,2025-02-12 21:30:00,4,Disetujui,Lembur proyek 5
2160,4,2025-02-12,2025-02-12 17:30:00,2025-02-12 21:30:00,4,Ditolak,Lembur proyek 3
2161,6,2025-02-12,2025-02-12 17:30:00,2025-02-12 20:30:00,3,Disetujui,Lembur proyek 2
2162,22,2025-02-12,2025-02-12 17:30:00,2025-02-12 18:30:00,1,Ditolak,Lembur proyek 1
2163,25,2025-02-12,2025-02-12 17:30:00,2025-02-12 20:30:00,3,Disetujui,Lembur proyek 1
2164,31,2025-02-12,2025-02-12 17:30:00,2025-02-12 20:30:00,3,Ditolak,Lembur proyek 4
2165,34,2025-02-12,2025-02-12 17:30:00,2025-02-12 19:30:00,2,Ditolak,Lembur proyek 2
2166,38,2025-02-12,2025-02-12 17:30:00,2025-02-12 18:30:00,1,Disetujui,Lembur proyek 4
2167,39,2025-02-12,2025-02-12 17:30:00,2025-02-12 19:30:00,2,Disetujui,Lembur proyek 4
2168,40,2025-02-12,2025-02-12 17:30:00,2025-02-12 19:30:00,2,Ditolak,Lembur proyek 2
2169,49,2025-02-12,2025-02-12 17:30:00,2025-02-12 18:30:00,1,Disetujui,Lembur proyek 2
2170,2,2025-02-13,2025-02-13 17:30:00,2025-02-13 20:30:00,3,Disetujui,Lembur proyek 5
2171,7,2025-02-13,2025-02-13 17:30:00,2025-02-13 20:30:00,3,Ditolak,Lembur proyek 3
2172,8,2025-02-13,2025-02-13 17:30:00,2025-02-13 20:30:00,3,Disetujui,Lembur proyek 4
2173,10,2025-02-13,2025-02-13 17:30:00,2025-02-13 18:30:00,1,Disetujui,Lembur proyek 2
2174,11,2025-02-13,2025-02-13 17:30:00,2025-02-13 19:30:00,2,Ditolak,Lembur proyek 3
2175,19,2025-02-13,2025-02-13 17:30:00,2025-02-13 19:30:00,2,Disetujui,Lembur proyek 1
2176,22,2025-02-13,2025-02-13 17:30:00,2025-02-13 20:30:00,3,Ditolak,Lembur proyek 1
2177,28,2025-02-13,2025-02-13 17:30:00,2025-02-13 21:30:00,4,Disetujui,Lembur proyek 1
2178,33,2025-02-13,2025-02-13 17:30:00,2025-02-13 19:30:00,2,Ditolak,Lembur proyek 3
2179,40,2025-02-13,2025-02-13 17:30:00,2025-02-13 18:30:00,1,Ditolak,Lembur proyek 2
2180,44,2025-02-13,2025-02-13 17:30:00,2025-02-13 18:30:00,1,Ditolak,Lembur proyek 2
2181,45,2025-02-13,2025-02-13 17:30:00,2025-02-13 21:30:00,4,Disetujui,Lembur proyek 4
2182,49,2025-02-13,2025-02-13 17:30:00,2025-02-13 21:30:00,4,Ditolak,Lembur proyek 2
2183,50,2025-02-13,2025-02-13 17:30:00,2025-02-13 19:30:00,2,Ditolak,Lembur proyek 2
2184,5,2025-02-14,2025-02-14 17:30:00,2025-02-14 20:30:00,3,Disetujui,Lembur proyek 2
2185,6,2025-02-14,2025-02-14 17:30:00,2025-02-14 18:30:00,1,Ditolak,Lembur proyek 2
2186,7,2025-02-14,2025-02-14 17:30:00,2025-02-14 19:30:00,2,Ditolak,Lembur proyek 3
2187,13,2025-02-14,2025-02-14 17:30:00,2025-02-14 18:30:00,1,Disetujui,Lembur proyek 2
2188,18,2025-02-14,2025-02-14 17:30:00,2025-02-14 20:30:00,3,Disetujui,Lembur proyek 2
2189,23,2025-02-14,2025-02-14 17:30:00,2025-02-14 19:30:00,2,Ditolak,Lembur proyek 1
2190,28,2025-02-14,2025-02-14 17:30:00,2025-02-14 20:30:00,3,Ditolak,Lembur proyek 2
2191,40,2025-02-14,2025-02-14 17:30:00,2025-02-14 20:30:00,3,Disetujui,Lembur proyek 3
2192,42,2025-02-14,2025-02-14 17:30:00,2025-02-14 20:30:00,3,Ditolak,Lembur proyek 1
2193,44,2025-02-14,2025-02-14 17:30:00,2025-02-14 18:30:00,1,Ditolak,Lembur proyek 1
2194,4,2025-02-15,2025-02-15 17:30:00,2025-02-15 20:30:00,3,Disetujui,Lembur proyek 2
2195,9,2025-02-15,2025-02-15 17:30:00,2025-02-15 18:30:00,1,Disetujui,Lembur proyek 3
2196,18,2025-02-15,2025-02-15 17:30:00,2025-02-15 20:30:00,3,Ditolak,Lembur proyek 4
2197,23,2025-02-15,2025-02-15 17:30:00,2025-02-15 19:30:00,2,Ditolak,Lembur proyek 3
2198,24,2025-02-15,2025-02-15 17:30:00,2025-02-15 21:30:00,4,Disetujui,Lembur proyek 4
2199,28,2025-02-15,2025-02-15 17:30:00,2025-02-15 19:30:00,2,Ditolak,Lembur proyek 1
2200,29,2025-02-15,2025-02-15 17:30:00,2025-02-15 20:30:00,3,Ditolak,Lembur proyek 4
2201,47,2025-02-15,2025-02-15 17:30:00,2025-02-15 18:30:00,1,Disetujui,Lembur proyek 4
2202,15,2025-02-16,2025-02-16 17:30:00,2025-02-16 18:30:00,1,Ditolak,Lembur proyek 5
2203,20,2025-02-16,2025-02-16 17:30:00,2025-02-16 20:30:00,3,Disetujui,Lembur proyek 1
2204,22,2025-02-16,2025-02-16 17:30:00,2025-02-16 19:30:00,2,Disetujui,Lembur proyek 5
2205,24,2025-02-16,2025-02-16 17:30:00,2025-02-16 21:30:00,4,Disetujui,Lembur proyek 2
2206,36,2025-02-16,2025-02-16 17:30:00,2025-02-16 19:30:00,2,Ditolak,Lembur proyek 4
2207,42,2025-02-16,2025-02-16 17:30:00,2025-02-16 21:30:00,4,Disetujui,Lembur proyek 4
2208,44,2025-02-16,2025-02-16 17:30:00,2025-02-16 20:30:00,3,Ditolak,Lembur proyek 5
2209,46,2025-02-16,2025-02-16 17:30:00,2025-02-16 18:30:00,1,Ditolak,Lembur proyek 2
2210,5,2025-02-17,2025-02-17 17:30:00,2025-02-17 20:30:00,3,Ditolak,Lembur proyek 2
2211,10,2025-02-17,2025-02-17 17:30:00,2025-02-17 18:30:00,1,Disetujui,Lembur proyek 4
2212,12,2025-02-17,2025-02-17 17:30:00,2025-02-17 19:30:00,2,Ditolak,Lembur proyek 3
2213,21,2025-02-17,2025-02-17 17:30:00,2025-02-17 18:30:00,1,Ditolak,Lembur proyek 3
2214,24,2025-02-17,2025-02-17 17:30:00,2025-02-17 21:30:00,4,Disetujui,Lembur proyek 3
2215,33,2025-02-17,2025-02-17 17:30:00,2025-02-17 20:30:00,3,Disetujui,Lembur proyek 3
2216,35,2025-02-17,2025-02-17 17:30:00,2025-02-17 19:30:00,2,Ditolak,Lembur proyek 3
2217,36,2025-02-17,2025-02-17 17:30:00,2025-02-17 20:30:00,3,Disetujui,Lembur proyek 3
2218,39,2025-02-17,2025-02-17 17:30:00,2025-02-17 20:30:00,3,Disetujui,Lembur proyek 1
2219,42,2025-02-17,2025-02-17 17:30:00,2025-02-17 19:30:00,2,Disetujui,Lembur proyek 3
2220,8,2025-02-18,2025-02-18 17:30:00,2025-02-18 19:30:00,2,Ditolak,Lembur proyek 1
2221,14,2025-02-18,2025-02-18 17:30:00,2025-02-18 21:30:00,4,Ditolak,Lembur proyek 2
2222,16,2025-02-18,2025-02-18 17:30:00,2025-02-18 18:30:00,1,Ditolak,Lembur proyek 1
2223,18,2025-02-18,2025-02-18 17:30:00,2025-02-18 20:30:00,3,Disetujui,Lembur proyek 2
2224,28,2025-02-18,2025-02-18 17:30:00,2025-02-18 18:30:00,1,Ditolak,Lembur proyek 1
2225,45,2025-02-18,2025-02-18 17:30:00,2025-02-18 20:30:00,3,Disetujui,Lembur proyek 1
2226,1,2025-02-19,2025-02-19 17:30:00,2025-02-19 18:30:00,1,Ditolak,Lembur proyek 5
2227,2,2025-02-19,2025-02-19 17:30:00,2025-02-19 19:30:00,2,Ditolak,Lembur proyek 4
2228,9,2025-02-19,2025-02-19 17:30:00,2025-02-19 21:30:00,4,Ditolak,Lembur proyek 1
2229,15,2025-02-19,2025-02-19 17:30:00,2025-02-19 19:30:00,2,Ditolak,Lembur proyek 2
2230,17,2025-02-19,2025-02-19 17:30:00,2025-02-19 21:30:00,4,Ditolak,Lembur proyek 5
2231,21,2025-02-19,2025-02-19 17:30:00,2025-02-19 21:30:00,4,Disetujui,Lembur proyek 1
2232,22,2025-02-19,2025-02-19 17:30:00,2025-02-19 19:30:00,2,Ditolak,Lembur proyek 2
2233,25,2025-02-19,2025-02-19 17:30:00,2025-02-19 19:30:00,2,Disetujui,Lembur proyek 1
2234,28,2025-02-19,2025-02-19 17:30:00,2025-02-19 18:30:00,1,Ditolak,Lembur proyek 3
2235,31,2025-02-19,2025-02-19 17:30:00,2025-02-19 19:30:00,2,Disetujui,Lembur proyek 3
2236,32,2025-02-19,2025-02-19 17:30:00,2025-02-19 21:30:00,4,Disetujui,Lembur proyek 1
2237,39,2025-02-19,2025-02-19 17:30:00,2025-02-19 20:30:00,3,Disetujui,Lembur proyek 2
2238,3,2025-02-20,2025-02-20 17:30:00,2025-02-20 21:30:00,4,Disetujui,Lembur proyek 4
2239,12,2025-02-20,2025-02-20 17:30:00,2025-02-20 20:30:00,3,Disetujui,Lembur proyek 4
2240,15,2025-02-20,2025-02-20 17:30:00,2025-02-20 19:30:00,2,Disetujui,Lembur proyek 3
2241,25,2025-02-20,2025-02-20 17:30:00,2025-02-20 21:30:00,4,Disetujui,Lembur proyek 4
2242,47,2025-02-20,2025-02-20 17:30:00,2025-02-20 21:30:00,4,Disetujui,Lembur proyek 4
2243,48,2025-02-20,2025-02-20 17:30:00,2025-02-20 19:30:00,2,Disetujui,Lembur proyek 5
2244,10,2025-02-21,2025-02-21 17:30:00,2025-02-21 20:30:00,3,Ditolak,Lembur proyek 5
2245,15,2025-02-21,2025-02-21 17:30:00,2025-02-21 20:30:00,3,Ditolak,Lembur proyek 5
2246,17,2025-02-21,2025-02-21 17:30:00,2025-02-21 18:30:00,1,Disetujui,Lembur proyek 5
2247,22,2025-02-21,2025-02-21 17:30:00,2025-02-21 19:30:00,2,Disetujui,Lembur proyek 5
2248,29,2025-02-21,2025-02-21 17:30:00,2025-02-21 21:30:00,4,Disetujui,Lembur proyek 3
2249,34,2025-02-21,2025-02-21 17:30:00,2025-02-21 21:30:00,4,Disetujui,Lembur proyek 1
2250,37,2025-02-21,2025-02-21 17:30:00,2025-02-21 21:30:00,4,Ditolak,Lembur proyek 4
2251,40,2025-02-21,2025-02-21 17:30:00,2025-02-21 21:30:00,4,Disetujui,Lembur proyek 2
2252,41,2025-02-21,2025-02-21 17:30:00,2025-02-21 20:30:00,3,Disetujui,Lembur proyek 5
2253,50,2025-02-21,2025-02-21 17:30:00,2025-02-21 20:30:00,3,Ditolak,Lembur proyek 3
2254,4,2025-02-22,2025-02-22 17:30:00,2025-02-22 21:30:00,4,Ditolak,Lembur proyek 1
2255,9,2025-02-22,2025-02-22 17:30:00,2025-02-22 18:30:00,1,Disetujui,Lembur proyek 2
2256,11,2025-02-22,2025-02-22 17:30:00,2025-02-22 20:30:00,3,Disetujui,Lembur proyek 3
2257,18,2025-02-22,2025-02-22 17:30:00,2025-02-22 18:30:00,1,Ditolak,Lembur proyek 5
2258,29,2025-02-22,2025-02-22 17:30:00,2025-02-22 18:30:00,1,Ditolak,Lembur proyek 5
2259,31,2025-02-22,2025-02-22 17:30:00,2025-02-22 21:30:00,4,Ditolak,Lembur proyek 1
2260,34,2025-02-22,2025-02-22 17:30:00,2025-02-22 19:30:00,2,Ditolak,Lembur proyek 4
2261,3,2025-02-23,2025-02-23 17:30:00,2025-02-23 18:30:00,1,Ditolak,Lembur proyek 1
2262,5,2025-02-23,2025-02-23 17:30:00,2025-02-23 20:30:00,3,Disetujui,Lembur proyek 5
2263,9,2025-02-23,2025-02-23 17:30:00,2025-02-23 20:30:00,3,Ditolak,Lembur proyek 4
2264,11,2025-02-23,2025-02-23 17:30:00,2025-02-23 20:30:00,3,Disetujui,Lembur proyek 3
2265,22,2025-02-23,2025-02-23 17:30:00,2025-02-23 19:30:00,2,Disetujui,Lembur proyek 1
2266,34,2025-02-23,2025-02-23 17:30:00,2025-02-23 20:30:00,3,Ditolak,Lembur proyek 1
2267,43,2025-02-23,2025-02-23 17:30:00,2025-02-23 19:30:00,2,Ditolak,Lembur proyek 5
2268,47,2025-02-23,2025-02-23 17:30:00,2025-02-23 20:30:00,3,Ditolak,Lembur proyek 2
2269,2,2025-02-24,2025-02-24 17:30:00,2025-02-24 18:30:00,1,Ditolak,Lembur proyek 3
2270,4,2025-02-24,2025-02-24 17:30:00,2025-02-24 21:30:00,4,Disetujui,Lembur proyek 3
2271,9,2025-02-24,2025-02-24 17:30:00,2025-02-24 19:30:00,2,Ditolak,Lembur proyek 2
2272,11,2025-02-24,2025-02-24 17:30:00,2025-02-24 20:30:00,3,Ditolak,Lembur proyek 5
2273,12,2025-02-24,2025-02-24 17:30:00,2025-02-24 21:30:00,4,Disetujui,Lembur proyek 1
2274,17,2025-02-24,2025-02-24 17:30:00,2025-02-24 19:30:00,2,Ditolak,Lembur proyek 2
2275,19,2025-02-24,2025-02-24 17:30:00,2025-02-24 18:30:00,1,Disetujui,Lembur proyek 3
2276,20,2025-02-24,2025-02-24 17:30:00,2025-02-24 19:30:00,2,Ditolak,Lembur proyek 4
2277,21,2025-02-24,2025-02-24 17:30:00,2025-02-24 21:30:00,4,Ditolak,Lembur proyek 5
2278,31,2025-02-24,2025-02-24 17:30:00,2025-02-24 20:30:00,3,Disetujui,Lembur proyek 5
2279,33,2025-02-24,2025-02-24 17:30:00,2025-02-24 19:30:00,2,Ditolak,Lembur proyek 3
2280,34,2025-02-24,2025-02-24 17:30:00,2025-02-24 21:30:00,4,Disetujui,Lembur proyek 3
2281,35,2025-02-24,2025-02-24 17:30:00,2025-02-24 19:30:00,2,Disetujui,Lembur proyek 2
2282,38,2025-02-24,2025-02-24 17:30:00,2025-02-24 19:30:00,2,Ditolak,Lembur proyek 2
2283,39,2025-02-24,2025-02-24 17:30:00,2025-02-24 20:30:00,3,Ditolak,Lembur proyek 1
2284,40,2025-02-24,2025-02-24 17:30:00,2025-02-24 20:30:00,3,Disetujui,Lembur proyek 2
2285,44,2025-02-24,2025-02-24 17:30:00,2025-02-24 18:30:00,1,Ditolak,Lembur proyek 3
2286,45,2025-02-24,2025-02-24 17:30:00,2025-02-24 21:30:00,4,Ditolak,Lembur proyek 1
2287,46,2025-02-24,2025-02-24 17:30:00,2025-02-24 21:30:00,4,Disetujui,Lembur proyek 5
2288,47,2025-02-24,2025-02-24 17:30:00,2025-02-24 19:30:00,2,Disetujui,Lembur proyek 4
2289,1,2025-02-25,2025-02-25 17:30:00,2025-02-25 18:30:00,1,Disetujui,Lembur proyek 2
2290,4,2025-02-25,2025-02-25 17:30:00,2025-02-25 18:30:00,1,Ditolak,Lembur proyek 4
2291,8,2025-02-25,2025-02-25 17:30:00,2025-02-25 19:30:00,2,Disetujui,Lembur proyek 2
2292,9,2025-02-25,2025-02-25 17:30:00,2025-02-25 18:30:00,1,Ditolak,Lembur proyek 1
2293,12,2025-02-25,2025-02-25 17:30:00,2025-02-25 18:30:00,1,Disetujui,Lembur proyek 4
2294,14,2025-02-25,2025-02-25 17:30:00,2025-02-25 21:30:00,4,Ditolak,Lembur proyek 1
2295,15,2025-02-25,2025-02-25 17:30:00,2025-02-25 20:30:00,3,Ditolak,Lembur proyek 1
2296,17,2025-02-25,2025-02-25 17:30:00,2025-02-25 19:30:00,2,Disetujui,Lembur proyek 3
2297,18,2025-02-25,2025-02-25 17:30:00,2025-02-25 18:30:00,1,Disetujui,Lembur proyek 4
2298,19,2025-02-25,2025-02-25 17:30:00,2025-02-25 20:30:00,3,Disetujui,Lembur proyek 4
2299,21,2025-02-25,2025-02-25 17:30:00,2025-02-25 18:30:00,1,Disetujui,Lembur proyek 2
2300,22,2025-02-25,2025-02-25 17:30:00,2025-02-25 19:30:00,2,Ditolak,Lembur proyek 1
2301,33,2025-02-25,2025-02-25 17:30:00,2025-02-25 19:30:00,2,Ditolak,Lembur proyek 2
2302,36,2025-02-25,2025-02-25 17:30:00,2025-02-25 19:30:00,2,Disetujui,Lembur proyek 1
2303,38,2025-02-25,2025-02-25 17:30:00,2025-02-25 19:30:00,2,Disetujui,Lembur proyek 1
2304,49,2025-02-25,2025-02-25 17:30:00,2025-02-25 18:30:00,1,Disetujui,Lembur proyek 4
2305,2,2025-02-26,2025-02-26 17:30:00,2025-02-26 20:30:00,3,Ditolak,Lembur proyek 5
2306,6,2025-02-26,2025-02-26 17:30:00,2025-02-26 19:30:00,2,Ditolak,Lembur proyek 3
2307,10,2025-02-26,2025-02-26 17:30:00,2025-02-26 18:30:00,1,Ditolak,Lembur proyek 3
2308,13,2025-02-26,2025-02-26 17:30:00,2025-02-26 18:30:00,1,Ditolak,Lembur proyek 2
2309,20,2025-02-26,2025-02-26 17:30:00,2025-02-26 21:30:00,4,Disetujui,Lembur proyek 4
2310,23,2025-02-26,2025-02-26 17:30:00,2025-02-26 19:30:00,2,Disetujui,Lembur proyek 2
2311,32,2025-02-26,2025-02-26 17:30:00,2025-02-26 20:30:00,3,Ditolak,Lembur proyek 2
2312,37,2025-02-26,2025-02-26 17:30:00,2025-02-26 21:30:00,4,Ditolak,Lembur proyek 2
2313,38,2025-02-26,2025-02-26 17:30:00,2025-02-26 19:30:00,2,Disetujui,Lembur proyek 4
2314,40,2025-02-26,2025-02-26 17:30:00,2025-02-26 19:30:00,2,Disetujui,Lembur proyek 1
2315,48,2025-02-26,2025-02-26 17:30:00,2025-02-26 18:30:00,1,Disetujui,Lembur proyek 1
2316,49,2025-02-26,2025-02-26 17:30:00,2025-02-26 21:30:00,4,Disetujui,Lembur proyek 5
2317,15,2025-02-27,2025-02-27 17:30:00,2025-02-27 18:30:00,1,Ditolak,Lembur proyek 5
2318,16,2025-02-27,2025-02-27 17:30:00,2025-02-27 20:30:00,3,Ditolak,Lembur proyek 3
2319,17,2025-02-27,2025-02-27 17:30:00,2025-02-27 20:30:00,3,Disetujui,Lembur proyek 5
2320,24,2025-02-27,2025-02-27 17:30:00,2025-02-27 19:30:00,2,Disetujui,Lembur proyek 3
2321,30,2025-02-27,2025-02-27 17:30:00,2025-02-27 18:30:00,1,Ditolak,Lembur proyek 1
2322,31,2025-02-27,2025-02-27 17:30:00,2025-02-27 21:30:00,4,Ditolak,Lembur proyek 5
2323,34,2025-02-27,2025-02-27 17:30:00,2025-02-27 18:30:00,1,Ditolak,Lembur proyek 1
2324,42,2025-02-27,2025-02-27 17:30:00,2025-02-27 20:30:00,3,Disetujui,Lembur proyek 1
2325,43,2025-02-27,2025-02-27 17:30:00,2025-02-27 21:30:00,4,Disetujui,Lembur proyek 3
2326,45,2025-02-27,2025-02-27 17:30:00,2025-02-27 20:30:00,3,Ditolak,Lembur proyek 3
2327,46,2025-02-27,2025-02-27 17:30:00,2025-02-27 20:30:00,3,Disetujui,Lembur proyek 4
2328,50,2025-02-27,2025-02-27 17:30:00,2025-02-27 18:30:00,1,Ditolak,Lembur proyek 3
2329,6,2025-02-28,2025-02-28 17:30:00,2025-02-28 18:30:00,1,Ditolak,Lembur proyek 2
2330,15,2025-02-28,2025-02-28 17:30:00,2025-02-28 21:30:00,4,Disetujui,Lembur proyek 4
2331,19,2025-02-28,2025-02-28 17:30:00,2025-02-28 19:30:00,2,Disetujui,Lembur proyek 2
2332,46,2025-02-28,2025-02-28 17:30:00,2025-02-28 18:30:00,1,Ditolak,Lembur proyek 4
2333,2,2025-03-01,2025-03-01 17:30:00,2025-03-01 21:30:00,4,Ditolak,Lembur proyek 4
2334,4,2025-03-01,2025-03-01 17:30:00,2025-03-01 21:30:00,4,Ditolak,Lembur proyek 5
2335,20,2025-03-01,2025-03-01 17:30:00,2025-03-01 18:30:00,1,Ditolak,Lembur proyek 3
2336,24,2025-03-01,2025-03-01 17:30:00,2025-03-01 21:30:00,4,Disetujui,Lembur proyek 2
2337,26,2025-03-01,2025-03-01 17:30:00,2025-03-01 18:30:00,1,Disetujui,Lembur proyek 2
2338,31,2025-03-01,2025-03-01 17:30:00,2025-03-01 18:30:00,1,Ditolak,Lembur proyek 4
2339,34,2025-03-01,2025-03-01 17:30:00,2025-03-01 19:30:00,2,Ditolak,Lembur proyek 4
2340,49,2025-03-01,2025-03-01 17:30:00,2025-03-01 20:30:00,3,Ditolak,Lembur proyek 1
2341,4,2025-03-02,2025-03-02 17:30:00,2025-03-02 21:30:00,4,Ditolak,Lembur proyek 5
2342,9,2025-03-02,2025-03-02 17:30:00,2025-03-02 18:30:00,1,Disetujui,Lembur proyek 1
2343,10,2025-03-02,2025-03-02 17:30:00,2025-03-02 20:30:00,3,Ditolak,Lembur proyek 5
2344,17,2025-03-02,2025-03-02 17:30:00,2025-03-02 18:30:00,1,Ditolak,Lembur proyek 5
2345,21,2025-03-02,2025-03-02 17:30:00,2025-03-02 20:30:00,3,Disetujui,Lembur proyek 4
2346,23,2025-03-02,2025-03-02 17:30:00,2025-03-02 20:30:00,3,Ditolak,Lembur proyek 4
2347,30,2025-03-02,2025-03-02 17:30:00,2025-03-02 21:30:00,4,Ditolak,Lembur proyek 1
2348,40,2025-03-02,2025-03-02 17:30:00,2025-03-02 20:30:00,3,Disetujui,Lembur proyek 1
2349,43,2025-03-02,2025-03-02 17:30:00,2025-03-02 18:30:00,1,Disetujui,Lembur proyek 2
2350,46,2025-03-02,2025-03-02 17:30:00,2025-03-02 18:30:00,1,Ditolak,Lembur proyek 5
2351,1,2025-03-03,2025-03-03 17:30:00,2025-03-03 21:30:00,4,Ditolak,Lembur proyek 2
2352,13,2025-03-03,2025-03-03 17:30:00,2025-03-03 21:30:00,4,Disetujui,Lembur proyek 5
2353,15,2025-03-03,2025-03-03 17:30:00,2025-03-03 20:30:00,3,Ditolak,Lembur proyek 2
2354,16,2025-03-03,2025-03-03 17:30:00,2025-03-03 19:30:00,2,Ditolak,Lembur proyek 3
2355,18,2025-03-03,2025-03-03 17:30:00,2025-03-03 18:30:00,1,Ditolak,Lembur proyek 2
2356,21,2025-03-03,2025-03-03 17:30:00,2025-03-03 20:30:00,3,Disetujui,Lembur proyek 5
2357,24,2025-03-03,2025-03-03 17:30:00,2025-03-03 20:30:00,3,Ditolak,Lembur proyek 5
2358,29,2025-03-03,2025-03-03 17:30:00,2025-03-03 20:30:00,3,Ditolak,Lembur proyek 5
2359,37,2025-03-03,2025-03-03 17:30:00,2025-03-03 21:30:00,4,Disetujui,Lembur proyek 1
2360,40,2025-03-03,2025-03-03 17:30:00,2025-03-03 18:30:00,1,Ditolak,Lembur proyek 1
2361,43,2025-03-03,2025-03-03 17:30:00,2025-03-03 21:30:00,4,Disetujui,Lembur proyek 4
2362,1,2025-03-04,2025-03-04 17:30:00,2025-03-04 21:30:00,4,Disetujui,Lembur proyek 1
2363,7,2025-03-04,2025-03-04 17:30:00,2025-03-04 18:30:00,1,Ditolak,Lembur proyek 4
2364,10,2025-03-04,2025-03-04 17:30:00,2025-03-04 21:30:00,4,Ditolak,Lembur proyek 3
2365,13,2025-03-04,2025-03-04 17:30:00,2025-03-04 18:30:00,1,Ditolak,Lembur proyek 3
2366,15,2025-03-04,2025-03-04 17:30:00,2025-03-04 20:30:00,3,Ditolak,Lembur proyek 3
2367,23,2025-03-04,2025-03-04 17:30:00,2025-03-04 19:30:00,2,Ditolak,Lembur proyek 5
2368,24,2025-03-04,2025-03-04 17:30:00,2025-03-04 20:30:00,3,Ditolak,Lembur proyek 1
2369,28,2025-03-04,2025-03-04 17:30:00,2025-03-04 21:30:00,4,Ditolak,Lembur proyek 2
2370,29,2025-03-04,2025-03-04 17:30:00,2025-03-04 20:30:00,3,Ditolak,Lembur proyek 2
2371,33,2025-03-04,2025-03-04 17:30:00,2025-03-04 19:30:00,2,Disetujui,Lembur proyek 1
2372,40,2025-03-04,2025-03-04 17:30:00,2025-03-04 21:30:00,4,Disetujui,Lembur proyek 3
2373,42,2025-03-04,2025-03-04 17:30:00,2025-03-04 20:30:00,3,Ditolak,Lembur proyek 5
2374,47,2025-03-04,2025-03-04 17:30:00,2025-03-04 19:30:00,2,Ditolak,Lembur proyek 2
2375,49,2025-03-04,2025-03-04 17:30:00,2025-03-04 19:30:00,2,Disetujui,Lembur proyek 3
2376,4,2025-03-05,2025-03-05 17:30:00,2025-03-05 20:30:00,3,Disetujui,Lembur proyek 3
2377,8,2025-03-05,2025-03-05 17:30:00,2025-03-05 19:30:00,2,Ditolak,Lembur proyek 5
2378,9,2025-03-05,2025-03-05 17:30:00,2025-03-05 21:30:00,4,Disetujui,Lembur proyek 5
2379,15,2025-03-05,2025-03-05 17:30:00,2025-03-05 21:30:00,4,Ditolak,Lembur proyek 2
2380,20,2025-03-05,2025-03-05 17:30:00,2025-03-05 18:30:00,1,Ditolak,Lembur proyek 2
2381,24,2025-03-05,2025-03-05 17:30:00,2025-03-05 19:30:00,2,Disetujui,Lembur proyek 1
2382,36,2025-03-05,2025-03-05 17:30:00,2025-03-05 18:30:00,1,Disetujui,Lembur proyek 2
2383,38,2025-03-05,2025-03-05 17:30:00,2025-03-05 19:30:00,2,Disetujui,Lembur proyek 3
2384,39,2025-03-05,2025-03-05 17:30:00,2025-03-05 20:30:00,3,Ditolak,Lembur proyek 5
2385,41,2025-03-05,2025-03-05 17:30:00,2025-03-05 19:30:00,2,Ditolak,Lembur proyek 4
2386,44,2025-03-05,2025-03-05 17:30:00,2025-03-05 21:30:00,4,Disetujui,Lembur proyek 3
2387,5,2025-03-06,2025-03-06 17:30:00,2025-03-06 18:30:00,1,Ditolak,Lembur proyek 2
2388,8,2025-03-06,2025-03-06 17:30:00,2025-03-06 20:30:00,3,Ditolak,Lembur proyek 3
2389,20,2025-03-06,2025-03-06 17:30:00,2025-03-06 20:30:00,3,Ditolak,Lembur proyek 1
2390,22,2025-03-06,2025-03-06 17:30:00,2025-03-06 21:30:00,4,Ditolak,Lembur proyek 2
2391,24,2025-03-06,2025-03-06 17:30:00,2025-03-06 19:30:00,2,Disetujui,Lembur proyek 5
2392,25,2025-03-06,2025-03-06 17:30:00,2025-03-06 21:30:00,4,Ditolak,Lembur proyek 1
2393,27,2025-03-06,2025-03-06 17:30:00,2025-03-06 20:30:00,3,Ditolak,Lembur proyek 3
2394,31,2025-03-06,2025-03-06 17:30:00,2025-03-06 19:30:00,2,Ditolak,Lembur proyek 1
2395,33,2025-03-06,2025-03-06 17:30:00,2025-03-06 20:30:00,3,Ditolak,Lembur proyek 3
2396,35,2025-03-06,2025-03-06 17:30:00,2025-03-06 19:30:00,2,Disetujui,Lembur proyek 4
2397,39,2025-03-06,2025-03-06 17:30:00,2025-03-06 18:30:00,1,Disetujui,Lembur proyek 5
2398,46,2025-03-06,2025-03-06 17:30:00,2025-03-06 20:30:00,3,Disetujui,Lembur proyek 1
2399,48,2025-03-06,2025-03-06 17:30:00,2025-03-06 19:30:00,2,Disetujui,Lembur proyek 3
2400,6,2025-03-07,2025-03-07 17:30:00,2025-03-07 20:30:00,3,Disetujui,Lembur proyek 4
2401,7,2025-03-07,2025-03-07 17:30:00,2025-03-07 18:30:00,1,Disetujui,Lembur proyek 4
2402,9,2025-03-07,2025-03-07 17:30:00,2025-03-07 18:30:00,1,Ditolak,Lembur proyek 2
2403,10,2025-03-07,2025-03-07 17:30:00,2025-03-07 21:30:00,4,Disetujui,Lembur proyek 1
2404,16,2025-03-07,2025-03-07 17:30:00,2025-03-07 21:30:00,4,Ditolak,Lembur proyek 1
2405,17,2025-03-07,2025-03-07 17:30:00,2025-03-07 19:30:00,2,Ditolak,Lembur proyek 3
2406,32,2025-03-07,2025-03-07 17:30:00,2025-03-07 18:30:00,1,Ditolak,Lembur proyek 4
2407,35,2025-03-07,2025-03-07 17:30:00,2025-03-07 19:30:00,2,Disetujui,Lembur proyek 4
2408,37,2025-03-07,2025-03-07 17:30:00,2025-03-07 21:30:00,4,Disetujui,Lembur proyek 1
2409,42,2025-03-07,2025-03-07 17:30:00,2025-03-07 21:30:00,4,Ditolak,Lembur proyek 5
2410,27,2025-03-08,2025-03-08 17:30:00,2025-03-08 19:30:00,2,Disetujui,Lembur proyek 3
2411,28,2025-03-08,2025-03-08 17:30:00,2025-03-08 19:30:00,2,Ditolak,Lembur proyek 1
2412,36,2025-03-08,2025-03-08 17:30:00,2025-03-08 18:30:00,1,Ditolak,Lembur proyek 5
2413,44,2025-03-08,2025-03-08 17:30:00,2025-03-08 18:30:00,1,Ditolak,Lembur proyek 2
2414,11,2025-03-09,2025-03-09 17:30:00,2025-03-09 18:30:00,1,Disetujui,Lembur proyek 5
2415,20,2025-03-09,2025-03-09 17:30:00,2025-03-09 18:30:00,1,Disetujui,Lembur proyek 4
2416,26,2025-03-09,2025-03-09 17:30:00,2025-03-09 21:30:00,4,Disetujui,Lembur proyek 4
2417,28,2025-03-09,2025-03-09 17:30:00,2025-03-09 19:30:00,2,Disetujui,Lembur proyek 4
2418,36,2025-03-09,2025-03-09 17:30:00,2025-03-09 18:30:00,1,Disetujui,Lembur proyek 2
2419,45,2025-03-09,2025-03-09 17:30:00,2025-03-09 20:30:00,3,Ditolak,Lembur proyek 2
2420,46,2025-03-09,2025-03-09 17:30:00,2025-03-09 19:30:00,2,Ditolak,Lembur proyek 4
2421,9,2025-03-10,2025-03-10 17:30:00,2025-03-10 19:30:00,2,Ditolak,Lembur proyek 1
2422,10,2025-03-10,2025-03-10 17:30:00,2025-03-10 21:30:00,4,Disetujui,Lembur proyek 3
2423,12,2025-03-10,2025-03-10 17:30:00,2025-03-10 18:30:00,1,Disetujui,Lembur proyek 1
2424,18,2025-03-10,2025-03-10 17:30:00,2025-03-10 18:30:00,1,Disetujui,Lembur proyek 2
2425,24,2025-03-10,2025-03-10 17:30:00,2025-03-10 21:30:00,4,Disetujui,Lembur proyek 4
2426,27,2025-03-10,2025-03-10 17:30:00,2025-03-10 20:30:00,3,Ditolak,Lembur proyek 2
2427,31,2025-03-10,2025-03-10 17:30:00,2025-03-10 19:30:00,2,Disetujui,Lembur proyek 3
2428,35,2025-03-10,2025-03-10 17:30:00,2025-03-10 20:30:00,3,Ditolak,Lembur proyek 3
2429,36,2025-03-10,2025-03-10 17:30:00,2025-03-10 21:30:00,4,Disetujui,Lembur proyek 4
2430,46,2025-03-10,2025-03-10 17:30:00,2025-03-10 21:30:00,4,Disetujui,Lembur proyek 5
2431,1,2025-03-11,2025-03-11 17:30:00,2025-03-11 21:30:00,4,Disetujui,Lembur proyek 5
2432,7,2025-03-11,2025-03-11 17:30:00,2025-03-11 20:30:00,3,Ditolak,Lembur proyek 2
2433,10,2025-03-11,2025-03-11 17:30:00,2025-03-11 19:30:00,2,Disetujui,Lembur proyek 1
2434,12,2025-03-11,2025-03-11 17:30:00,2025-03-11 18:30:00,1,Disetujui,Lembur proyek 3
2435,13,2025-03-11,2025-03-11 17:30:00,2025-03-11 18:30:00,1,Disetujui,Lembur proyek 5
2436,14,2025-03-11,2025-03-11 17:30:00,2025-03-11 19:30:00,2,Disetujui,Lembur proyek 1
2437,29,2025-03-11,2025-03-11 17:30:00,2025-03-11 18:30:00,1,Ditolak,Lembur proyek 4
2438,31,2025-03-11,2025-03-11 17:30:00,2025-03-11 20:30:00,3,Disetujui,Lembur proyek 1
2439,35,2025-03-11,2025-03-11 17:30:00,2025-03-11 21:30:00,4,Ditolak,Lembur proyek 1
2440,38,2025-03-11,2025-03-11 17:30:00,2025-03-11 21:30:00,4,Ditolak,Lembur proyek 2
2441,45,2025-03-11,2025-03-11 17:30:00,2025-03-11 18:30:00,1,Disetujui,Lembur proyek 3
2442,3,2025-03-12,2025-03-12 17:30:00,2025-03-12 20:30:00,3,Disetujui,Lembur proyek 5
2443,12,2025-03-12,2025-03-12 17:30:00,2025-03-12 20:30:00,3,Ditolak,Lembur proyek 3
2444,14,2025-03-12,2025-03-12 17:30:00,2025-03-12 18:30:00,1,Disetujui,Lembur proyek 3
2445,17,2025-03-12,2025-03-12 17:30:00,2025-03-12 19:30:00,2,Disetujui,Lembur proyek 3
2446,20,2025-03-12,2025-03-12 17:30:00,2025-03-12 19:30:00,2,Disetujui,Lembur proyek 2
2447,26,2025-03-12,2025-03-12 17:30:00,2025-03-12 19:30:00,2,Ditolak,Lembur proyek 2
2448,28,2025-03-12,2025-03-12 17:30:00,2025-03-12 18:30:00,1,Disetujui,Lembur proyek 5
2449,31,2025-03-12,2025-03-12 17:30:00,2025-03-12 21:30:00,4,Ditolak,Lembur proyek 2
2450,39,2025-03-12,2025-03-12 17:30:00,2025-03-12 18:30:00,1,Disetujui,Lembur proyek 3
2451,40,2025-03-12,2025-03-12 17:30:00,2025-03-12 20:30:00,3,Disetujui,Lembur proyek 4
2452,42,2025-03-12,2025-03-12 17:30:00,2025-03-12 21:30:00,4,Ditolak,Lembur proyek 4
2453,47,2025-03-12,2025-03-12 17:30:00,2025-03-12 20:30:00,3,Disetujui,Lembur proyek 2
2454,49,2025-03-12,2025-03-12 17:30:00,2025-03-12 19:30:00,2,Ditolak,Lembur proyek 3
2455,9,2025-03-13,2025-03-13 17:30:00,2025-03-13 19:30:00,2,Ditolak,Lembur proyek 1
2456,17,2025-03-13,2025-03-13 17:30:00,2025-03-13 20:30:00,3,Ditolak,Lembur proyek 4
2457,20,2025-03-13,2025-03-13 17:30:00,2025-03-13 18:30:00,1,Ditolak,Lembur proyek 4
2458,23,2025-03-13,2025-03-13 17:30:00,2025-03-13 20:30:00,3,Ditolak,Lembur proyek 1
2459,24,2025-03-13,2025-03-13 17:30:00,2025-03-13 21:30:00,4,Ditolak,Lembur proyek 3
2460,33,2025-03-13,2025-03-13 17:30:00,2025-03-13 19:30:00,2,Ditolak,Lembur proyek 5
2461,34,2025-03-13,2025-03-13 17:30:00,2025-03-13 19:30:00,2,Ditolak,Lembur proyek 3
2462,37,2025-03-13,2025-03-13 17:30:00,2025-03-13 21:30:00,4,Ditolak,Lembur proyek 2
2463,38,2025-03-13,2025-03-13 17:30:00,2025-03-13 19:30:00,2,Disetujui,Lembur proyek 2
2464,40,2025-03-13,2025-03-13 17:30:00,2025-03-13 20:30:00,3,Ditolak,Lembur proyek 1
2465,41,2025-03-13,2025-03-13 17:30:00,2025-03-13 18:30:00,1,Disetujui,Lembur proyek 1
2466,42,2025-03-13,2025-03-13 17:30:00,2025-03-13 20:30:00,3,Ditolak,Lembur proyek 5
2467,43,2025-03-13,2025-03-13 17:30:00,2025-03-13 21:30:00,4,Ditolak,Lembur proyek 5
2468,45,2025-03-13,2025-03-13 17:30:00,2025-03-13 21:30:00,4,Ditolak,Lembur proyek 5
2469,48,2025-03-13,2025-03-13 17:30:00,2025-03-13 19:30:00,2,Disetujui,Lembur proyek 4
2470,50,2025-03-13,2025-03-13 17:30:00,2025-03-13 19:30:00,2,Ditolak,Lembur proyek 5
2471,2,2025-03-14,2025-03-14 17:30:00,2025-03-14 19:30:00,2,Ditolak,Lembur proyek 5
2472,3,2025-03-14,2025-03-14 17:30:00,2025-03-14 20:30:00,3,Ditolak,Lembur proyek 2
2473,4,2025-03-14,2025-03-14 17:30:00,2025-03-14 21:30:00,4,Disetujui,Lembur proyek 2
2474,5,2025-03-14,2025-03-14 17:30:00,2025-03-14 19:30:00,2,Disetujui,Lembur proyek 3
2475,7,2025-03-14,2025-03-14 17:30:00,2025-03-14 21:30:00,4,Disetujui,Lembur proyek 3
2476,14,2025-03-14,2025-03-14 17:30:00,2025-03-14 18:30:00,1,Disetujui,Lembur proyek 3
2477,24,2025-03-14,2025-03-14 17:30:00,2025-03-14 18:30:00,1,Disetujui,Lembur proyek 1
2478,25,2025-03-14,2025-03-14 17:30:00,2025-03-14 19:30:00,2,Disetujui,Lembur proyek 5
2479,29,2025-03-14,2025-03-14 17:30:00,2025-03-14 21:30:00,4,Disetujui,Lembur proyek 4
2480,31,2025-03-14,2025-03-14 17:30:00,2025-03-14 19:30:00,2,Disetujui,Lembur proyek 2
2481,43,2025-03-14,2025-03-14 17:30:00,2025-03-14 18:30:00,1,Ditolak,Lembur proyek 3
2482,46,2025-03-14,2025-03-14 17:30:00,2025-03-14 19:30:00,2,Disetujui,Lembur proyek 1
2483,47,2025-03-14,2025-03-14 17:30:00,2025-03-14 18:30:00,1,Disetujui,Lembur proyek 3
2484,14,2025-03-15,2025-03-15 17:30:00,2025-03-15 19:30:00,2,Ditolak,Lembur proyek 5
2485,30,2025-03-15,2025-03-15 17:30:00,2025-03-15 19:30:00,2,Disetujui,Lembur proyek 4
2486,38,2025-03-15,2025-03-15 17:30:00,2025-03-15 20:30:00,3,Ditolak,Lembur proyek 4
2487,39,2025-03-15,2025-03-15 17:30:00,2025-03-15 20:30:00,3,Disetujui,Lembur proyek 3
2488,40,2025-03-15,2025-03-15 17:30:00,2025-03-15 19:30:00,2,Disetujui,Lembur proyek 5
2489,8,2025-03-16,2025-03-16 17:30:00,2025-03-16 19:30:00,2,Disetujui,Lembur proyek 3
2490,16,2025-03-16,2025-03-16 17:30:00,2025-03-16 20:30:00,3,Ditolak,Lembur proyek 1
2491,23,2025-03-16,2025-03-16 17:30:00,2025-03-16 20:30:00,3,Ditolak,Lembur proyek 2
2492,26,2025-03-16,2025-03-16 17:30:00,2025-03-16 21:30:00,4,Disetujui,Lembur proyek 1
2493,28,2025-03-16,2025-03-16 17:30:00,2025-03-16 18:30:00,1,Disetujui,Lembur proyek 2
2494,42,2025-03-16,2025-03-16 17:30:00,2025-03-16 21:30:00,4,Disetujui,Lembur proyek 2
2495,45,2025-03-16,2025-03-16 17:30:00,2025-03-16 19:30:00,2,Disetujui,Lembur proyek 4
2496,2,2025-03-17,2025-03-17 17:30:00,2025-03-17 19:30:00,2,Ditolak,Lembur proyek 2
2497,4,2025-03-17,2025-03-17 17:30:00,2025-03-17 20:30:00,3,Disetujui,Lembur proyek 5
2498,20,2025-03-17,2025-03-17 17:30:00,2025-03-17 18:30:00,1,Ditolak,Lembur proyek 3
2499,22,2025-03-17,2025-03-17 17:30:00,2025-03-17 20:30:00,3,Disetujui,Lembur proyek 3
2500,25,2025-03-17,2025-03-17 17:30:00,2025-03-17 18:30:00,1,Disetujui,Lembur proyek 5
2501,34,2025-03-17,2025-03-17 17:30:00,2025-03-17 18:30:00,1,Disetujui,Lembur proyek 4
2502,38,2025-03-17,2025-03-17 17:30:00,2025-03-17 20:30:00,3,Ditolak,Lembur proyek 4
2503,41,2025-03-17,2025-03-17 17:30:00,2025-03-17 19:30:00,2,Ditolak,Lembur proyek 4
2504,13,2025-03-18,2025-03-18 17:30:00,2025-03-18 19:30:00,2,Ditolak,Lembur proyek 5
2505,17,2025-03-18,2025-03-18 17:30:00,2025-03-18 18:30:00,1,Disetujui,Lembur proyek 2
2506,22,2025-03-18,2025-03-18 17:30:00,2025-03-18 18:30:00,1,Ditolak,Lembur proyek 5
2507,26,2025-03-18,2025-03-18 17:30:00,2025-03-18 18:30:00,1,Disetujui,Lembur proyek 4
2508,31,2025-03-18,2025-03-18 17:30:00,2025-03-18 21:30:00,4,Disetujui,Lembur proyek 1
2509,33,2025-03-18,2025-03-18 17:30:00,2025-03-18 18:30:00,1,Disetujui,Lembur proyek 3
2510,34,2025-03-18,2025-03-18 17:30:00,2025-03-18 20:30:00,3,Disetujui,Lembur proyek 2
2511,36,2025-03-18,2025-03-18 17:30:00,2025-03-18 21:30:00,4,Ditolak,Lembur proyek 1
2512,40,2025-03-18,2025-03-18 17:30:00,2025-03-18 21:30:00,4,Ditolak,Lembur proyek 5
2513,46,2025-03-18,2025-03-18 17:30:00,2025-03-18 19:30:00,2,Disetujui,Lembur proyek 5
2514,47,2025-03-18,2025-03-18 17:30:00,2025-03-18 21:30:00,4,Ditolak,Lembur proyek 3
2515,14,2025-03-19,2025-03-19 17:30:00,2025-03-19 18:30:00,1,Ditolak,Lembur proyek 1
2516,16,2025-03-19,2025-03-19 17:30:00,2025-03-19 19:30:00,2,Disetujui,Lembur proyek 4
2517,17,2025-03-19,2025-03-19 17:30:00,2025-03-19 20:30:00,3,Disetujui,Lembur proyek 2
2518,18,2025-03-19,2025-03-19 17:30:00,2025-03-19 20:30:00,3,Disetujui,Lembur proyek 5
2519,19,2025-03-19,2025-03-19 17:30:00,2025-03-19 20:30:00,3,Disetujui,Lembur proyek 4
2520,23,2025-03-19,2025-03-19 17:30:00,2025-03-19 21:30:00,4,Disetujui,Lembur proyek 2
2521,24,2025-03-19,2025-03-19 17:30:00,2025-03-19 19:30:00,2,Ditolak,Lembur proyek 2
2522,27,2025-03-19,2025-03-19 17:30:00,2025-03-19 18:30:00,1,Disetujui,Lembur proyek 5
2523,32,2025-03-19,2025-03-19 17:30:00,2025-03-19 19:30:00,2,Disetujui,Lembur proyek 1
2524,34,2025-03-19,2025-03-19 17:30:00,2025-03-19 21:30:00,4,Ditolak,Lembur proyek 5
2525,37,2025-03-19,2025-03-19 17:30:00,2025-03-19 20:30:00,3,Ditolak,Lembur proyek 1
2526,42,2025-03-19,2025-03-19 17:30:00,2025-03-19 18:30:00,1,Ditolak,Lembur proyek 5
2527,43,2025-03-19,2025-03-19 17:30:00,2025-03-19 18:30:00,1,Ditolak,Lembur proyek 4
2528,48,2025-03-19,2025-03-19 17:30:00,2025-03-19 18:30:00,1,Ditolak,Lembur proyek 4
2529,3,2025-03-20,2025-03-20 17:30:00,2025-03-20 19:30:00,2,Ditolak,Lembur proyek 4
2530,10,2025-03-20,2025-03-20 17:30:00,2025-03-20 20:30:00,3,Disetujui,Lembur proyek 2
2531,11,2025-03-20,2025-03-20 17:30:00,2025-03-20 20:30:00,3,Disetujui,Lembur proyek 2
2532,12,2025-03-20,2025-03-20 17:30:00,2025-03-20 20:30:00,3,Disetujui,Lembur proyek 4
2533,25,2025-03-20,2025-03-20 17:30:00,2025-03-20 18:30:00,1,Ditolak,Lembur proyek 4
2534,33,2025-03-20,2025-03-20 17:30:00,2025-03-20 19:30:00,2,Ditolak,Lembur proyek 5
2535,43,2025-03-20,2025-03-20 17:30:00,2025-03-20 19:30:00,2,Ditolak,Lembur proyek 1
2536,4,2025-03-21,2025-03-21 17:30:00,2025-03-21 21:30:00,4,Disetujui,Lembur proyek 3
2537,16,2025-03-21,2025-03-21 17:30:00,2025-03-21 18:30:00,1,Disetujui,Lembur proyek 3
2538,23,2025-03-21,2025-03-21 17:30:00,2025-03-21 18:30:00,1,Disetujui,Lembur proyek 1
2539,35,2025-03-21,2025-03-21 17:30:00,2025-03-21 19:30:00,2,Ditolak,Lembur proyek 4
2540,20,2025-03-22,2025-03-22 17:30:00,2025-03-22 21:30:00,4,Ditolak,Lembur proyek 1
2541,30,2025-03-22,2025-03-22 17:30:00,2025-03-22 18:30:00,1,Ditolak,Lembur proyek 5
2542,34,2025-03-22,2025-03-22 17:30:00,2025-03-22 20:30:00,3,Disetujui,Lembur proyek 4
2543,37,2025-03-22,2025-03-22 17:30:00,2025-03-22 19:30:00,2,Disetujui,Lembur proyek 3
2544,40,2025-03-22,2025-03-22 17:30:00,2025-03-22 21:30:00,4,Disetujui,Lembur proyek 2
2545,41,2025-03-22,2025-03-22 17:30:00,2025-03-22 20:30:00,3,Ditolak,Lembur proyek 4
2546,42,2025-03-22,2025-03-22 17:30:00,2025-03-22 20:30:00,3,Ditolak,Lembur proyek 1
2547,49,2025-03-22,2025-03-22 17:30:00,2025-03-22 21:30:00,4,Ditolak,Lembur proyek 4
2548,7,2025-03-23,2025-03-23 17:30:00,2025-03-23 21:30:00,4,Ditolak,Lembur proyek 4
2549,14,2025-03-23,2025-03-23 17:30:00,2025-03-23 21:30:00,4,Disetujui,Lembur proyek 3
2550,19,2025-03-23,2025-03-23 17:30:00,2025-03-23 18:30:00,1,Disetujui,Lembur proyek 2
2551,26,2025-03-23,2025-03-23 17:30:00,2025-03-23 20:30:00,3,Ditolak,Lembur proyek 3
2552,31,2025-03-23,2025-03-23 17:30:00,2025-03-23 18:30:00,1,Ditolak,Lembur proyek 3
2553,44,2025-03-23,2025-03-23 17:30:00,2025-03-23 18:30:00,1,Ditolak,Lembur proyek 1
2554,2,2025-03-24,2025-03-24 17:30:00,2025-03-24 18:30:00,1,Disetujui,Lembur proyek 1
2555,4,2025-03-24,2025-03-24 17:30:00,2025-03-24 18:30:00,1,Ditolak,Lembur proyek 4
2556,6,2025-03-24,2025-03-24 17:30:00,2025-03-24 20:30:00,3,Ditolak,Lembur proyek 2
2557,21,2025-03-24,2025-03-24 17:30:00,2025-03-24 19:30:00,2,Disetujui,Lembur proyek 1
2558,23,2025-03-24,2025-03-24 17:30:00,2025-03-24 21:30:00,4,Ditolak,Lembur proyek 2
2559,26,2025-03-24,2025-03-24 17:30:00,2025-03-24 19:30:00,2,Ditolak,Lembur proyek 1
2560,29,2025-03-24,2025-03-24 17:30:00,2025-03-24 21:30:00,4,Ditolak,Lembur proyek 3
2561,35,2025-03-24,2025-03-24 17:30:00,2025-03-24 19:30:00,2,Disetujui,Lembur proyek 4
2562,37,2025-03-24,2025-03-24 17:30:00,2025-03-24 21:30:00,4,Disetujui,Lembur proyek 1
2563,38,2025-03-24,2025-03-24 17:30:00,2025-03-24 19:30:00,2,Ditolak,Lembur proyek 2
2564,46,2025-03-24,2025-03-24 17:30:00,2025-03-24 18:30:00,1,Disetujui,Lembur proyek 1
2565,2,2025-03-25,2025-03-25 17:30:00,2025-03-25 18:30:00,1,Ditolak,Lembur proyek 3
2566,7,2025-03-25,2025-03-25 17:30:00,2025-03-25 20:30:00,3,Disetujui,Lembur proyek 5
2567,13,2025-03-25,2025-03-25 17:30:00,2025-03-25 20:30:00,3,Disetujui,Lembur proyek 3
2568,16,2025-03-25,2025-03-25 17:30:00,2025-03-25 21:30:00,4,Ditolak,Lembur proyek 5
2569,35,2025-03-25,2025-03-25 17:30:00,2025-03-25 19:30:00,2,Disetujui,Lembur proyek 5
2570,49,2025-03-25,2025-03-25 17:30:00,2025-03-25 20:30:00,3,Disetujui,Lembur proyek 1
2571,5,2025-03-26,2025-03-26 17:30:00,2025-03-26 18:30:00,1,Disetujui,Lembur proyek 4
2572,7,2025-03-26,2025-03-26 17:30:00,2025-03-26 18:30:00,1,Disetujui,Lembur proyek 1
2573,21,2025-03-26,2025-03-26 17:30:00,2025-03-26 18:30:00,1,Ditolak,Lembur proyek 2
2574,22,2025-03-26,2025-03-26 17:30:00,2025-03-26 21:30:00,4,Disetujui,Lembur proyek 2
2575,26,2025-03-26,2025-03-26 17:30:00,2025-03-26 19:30:00,2,Disetujui,Lembur proyek 2
2576,28,2025-03-26,2025-03-26 17:30:00,2025-03-26 20:30:00,3,Disetujui,Lembur proyek 5
2577,30,2025-03-26,2025-03-26 17:30:00,2025-03-26 21:30:00,4,Ditolak,Lembur proyek 2
2578,41,2025-03-26,2025-03-26 17:30:00,2025-03-26 19:30:00,2,Disetujui,Lembur proyek 2
2579,45,2025-03-26,2025-03-26 17:30:00,2025-03-26 19:30:00,2,Ditolak,Lembur proyek 5
2580,6,2025-03-27,2025-03-27 17:30:00,2025-03-27 21:30:00,4,Disetujui,Lembur proyek 5
2581,11,2025-03-27,2025-03-27 17:30:00,2025-03-27 18:30:00,1,Ditolak,Lembur proyek 3
2582,12,2025-03-27,2025-03-27 17:30:00,2025-03-27 21:30:00,4,Disetujui,Lembur proyek 3
2583,16,2025-03-27,2025-03-27 17:30:00,2025-03-27 21:30:00,4,Disetujui,Lembur proyek 4
2584,20,2025-03-27,2025-03-27 17:30:00,2025-03-27 21:30:00,4,Disetujui,Lembur proyek 1
2585,21,2025-03-27,2025-03-27 17:30:00,2025-03-27 21:30:00,4,Ditolak,Lembur proyek 3
2586,24,2025-03-27,2025-03-27 17:30:00,2025-03-27 18:30:00,1,Disetujui,Lembur proyek 2
2587,31,2025-03-27,2025-03-27 17:30:00,2025-03-27 19:30:00,2,Disetujui,Lembur proyek 1
2588,35,2025-03-27,2025-03-27 17:30:00,2025-03-27 19:30:00,2,Ditolak,Lembur proyek 1
2589,38,2025-03-27,2025-03-27 17:30:00,2025-03-27 21:30:00,4,Disetujui,Lembur proyek 2
2590,41,2025-03-27,2025-03-27 17:30:00,2025-03-27 18:30:00,1,Ditolak,Lembur proyek 4
2591,45,2025-03-27,2025-03-27 17:30:00,2025-03-27 20:30:00,3,Disetujui,Lembur proyek 5
2592,50,2025-03-27,2025-03-27 17:30:00,2025-03-27 21:30:00,4,Ditolak,Lembur proyek 1
2593,1,2025-03-28,2025-03-28 17:30:00,2025-03-28 19:30:00,2,Disetujui,Lembur proyek 3
2594,3,2025-03-28,2025-03-28 17:30:00,2025-03-28 21:30:00,4,Disetujui,Lembur proyek 4
2595,15,2025-03-28,2025-03-28 17:30:00,2025-03-28 18:30:00,1,Ditolak,Lembur proyek 5
2596,18,2025-03-28,2025-03-28 17:30:00,2025-03-28 20:30:00,3,Disetujui,Lembur proyek 4
2597,27,2025-03-28,2025-03-28 17:30:00,2025-03-28 21:30:00,4,Ditolak,Lembur proyek 4
2598,4,2025-04-01,2025-04-01 17:30:00,2025-04-01 18:30:00,1,Disetujui,Lembur proyek 3
2599,6,2025-04-01,2025-04-01 17:30:00,2025-04-01 20:30:00,3,Ditolak,Lembur proyek 4
2600,14,2025-04-01,2025-04-01 17:30:00,2025-04-01 21:30:00,4,Disetujui,Lembur proyek 2
2601,15,2025-04-01,2025-04-01 17:30:00,2025-04-01 18:30:00,1,Ditolak,Lembur proyek 3
2602,18,2025-04-01,2025-04-01 17:30:00,2025-04-01 20:30:00,3,Ditolak,Lembur proyek 5
2603,19,2025-04-01,2025-04-01 17:30:00,2025-04-01 18:30:00,1,Disetujui,Lembur proyek 5
2604,20,2025-04-01,2025-04-01 17:30:00,2025-04-01 20:30:00,3,Disetujui,Lembur proyek 1
2605,31,2025-04-01,2025-04-01 17:30:00,2025-04-01 18:30:00,1,Disetujui,Lembur proyek 3
2606,37,2025-04-01,2025-04-01 17:30:00,2025-04-01 21:30:00,4,Ditolak,Lembur proyek 5
2607,40,2025-04-01,2025-04-01 17:30:00,2025-04-01 21:30:00,4,Disetujui,Lembur proyek 5
2608,42,2025-04-01,2025-04-01 17:30:00,2025-04-01 21:30:00,4,Disetujui,Lembur proyek 3
2609,46,2025-04-01,2025-04-01 17:30:00,2025-04-01 19:30:00,2,Ditolak,Lembur proyek 1
2610,8,2025-04-02,2025-04-02 17:30:00,2025-04-02 18:30:00,1,Disetujui,Lembur proyek 5
2611,14,2025-04-02,2025-04-02 17:30:00,2025-04-02 18:30:00,1,Ditolak,Lembur proyek 3
2612,15,2025-04-02,2025-04-02 17:30:00,2025-04-02 19:30:00,2,Disetujui,Lembur proyek 1
2613,19,2025-04-02,2025-04-02 17:30:00,2025-04-02 20:30:00,3,Disetujui,Lembur proyek 2
2614,20,2025-04-02,2025-04-02 17:30:00,2025-04-02 20:30:00,3,Ditolak,Lembur proyek 2
2615,25,2025-04-02,2025-04-02 17:30:00,2025-04-02 18:30:00,1,Disetujui,Lembur proyek 3
2616,37,2025-04-02,2025-04-02 17:30:00,2025-04-02 19:30:00,2,Disetujui,Lembur proyek 2
2617,41,2025-04-02,2025-04-02 17:30:00,2025-04-02 21:30:00,4,Disetujui,Lembur proyek 5
2618,44,2025-04-02,2025-04-02 17:30:00,2025-04-02 20:30:00,3,Disetujui,Lembur proyek 3
2619,46,2025-04-02,2025-04-02 17:30:00,2025-04-02 20:30:00,3,Disetujui,Lembur proyek 3
2620,49,2025-04-02,2025-04-02 17:30:00,2025-04-02 20:30:00,3,Ditolak,Lembur proyek 1
2621,7,2025-04-03,2025-04-03 17:30:00,2025-04-03 20:30:00,3,Disetujui,Lembur proyek 2
2622,8,2025-04-03,2025-04-03 17:30:00,2025-04-03 18:30:00,1,Disetujui,Lembur proyek 4
2623,12,2025-04-03,2025-04-03 17:30:00,2025-04-03 19:30:00,2,Disetujui,Lembur proyek 4
2624,13,2025-04-03,2025-04-03 17:30:00,2025-04-03 19:30:00,2,Ditolak,Lembur proyek 1
2625,48,2025-04-03,2025-04-03 17:30:00,2025-04-03 19:30:00,2,Disetujui,Lembur proyek 1
2626,49,2025-04-03,2025-04-03 17:30:00,2025-04-03 18:30:00,1,Ditolak,Lembur proyek 1
2627,2,2025-04-04,2025-04-04 17:30:00,2025-04-04 18:30:00,1,Ditolak,Lembur proyek 1
2628,4,2025-04-04,2025-04-04 17:30:00,2025-04-04 19:30:00,2,Ditolak,Lembur proyek 4
2629,5,2025-04-04,2025-04-04 17:30:00,2025-04-04 20:30:00,3,Disetujui,Lembur proyek 1
2630,11,2025-04-04,2025-04-04 17:30:00,2025-04-04 21:30:00,4,Disetujui,Lembur proyek 4
2631,18,2025-04-04,2025-04-04 17:30:00,2025-04-04 20:30:00,3,Ditolak,Lembur proyek 2
2632,40,2025-04-04,2025-04-04 17:30:00,2025-04-04 19:30:00,2,Ditolak,Lembur proyek 3
2633,42,2025-04-04,2025-04-04 17:30:00,2025-04-04 21:30:00,4,Ditolak,Lembur proyek 5
2634,43,2025-04-04,2025-04-04 17:30:00,2025-04-04 20:30:00,3,Disetujui,Lembur proyek 1
2635,47,2025-04-04,2025-04-04 17:30:00,2025-04-04 20:30:00,3,Disetujui,Lembur proyek 5
2636,48,2025-04-04,2025-04-04 17:30:00,2025-04-04 21:30:00,4,Disetujui,Lembur proyek 2
2637,7,2025-04-05,2025-04-05 17:30:00,2025-04-05 19:30:00,2,Ditolak,Lembur proyek 3
2638,8,2025-04-05,2025-04-05 17:30:00,2025-04-05 18:30:00,1,Ditolak,Lembur proyek 2
2639,13,2025-04-05,2025-04-05 17:30:00,2025-04-05 20:30:00,3,Ditolak,Lembur proyek 4
2640,19,2025-04-05,2025-04-05 17:30:00,2025-04-05 18:30:00,1,Ditolak,Lembur proyek 3
2641,21,2025-04-05,2025-04-05 17:30:00,2025-04-05 19:30:00,2,Disetujui,Lembur proyek 3
2642,27,2025-04-05,2025-04-05 17:30:00,2025-04-05 21:30:00,4,Ditolak,Lembur proyek 5
2643,30,2025-04-05,2025-04-05 17:30:00,2025-04-05 18:30:00,1,Disetujui,Lembur proyek 2
2644,35,2025-04-05,2025-04-05 17:30:00,2025-04-05 19:30:00,2,Ditolak,Lembur proyek 3
2645,39,2025-04-05,2025-04-05 17:30:00,2025-04-05 19:30:00,2,Disetujui,Lembur proyek 5
2646,43,2025-04-05,2025-04-05 17:30:00,2025-04-05 19:30:00,2,Ditolak,Lembur proyek 5
2647,47,2025-04-05,2025-04-05 17:30:00,2025-04-05 21:30:00,4,Ditolak,Lembur proyek 2
2648,48,2025-04-05,2025-04-05 17:30:00,2025-04-05 21:30:00,4,Ditolak,Lembur proyek 3
2649,49,2025-04-05,2025-04-05 17:30:00,2025-04-05 21:30:00,4,Disetujui,Lembur proyek 2
2650,3,2025-04-06,2025-04-06 17:30:00,2025-04-06 18:30:00,1,Disetujui,Lembur proyek 4
2651,4,2025-04-06,2025-04-06 17:30:00,2025-04-06 18:30:00,1,Ditolak,Lembur proyek 2
2652,5,2025-04-06,2025-04-06 17:30:00,2025-04-06 19:30:00,2,Disetujui,Lembur proyek 5
2653,7,2025-04-06,2025-04-06 17:30:00,2025-04-06 21:30:00,4,Ditolak,Lembur proyek 5
2654,8,2025-04-06,2025-04-06 17:30:00,2025-04-06 20:30:00,3,Ditolak,Lembur proyek 1
2655,11,2025-04-06,2025-04-06 17:30:00,2025-04-06 21:30:00,4,Disetujui,Lembur proyek 5
2656,15,2025-04-06,2025-04-06 17:30:00,2025-04-06 18:30:00,1,Ditolak,Lembur proyek 3
2657,24,2025-04-06,2025-04-06 17:30:00,2025-04-06 18:30:00,1,Ditolak,Lembur proyek 5
2658,27,2025-04-06,2025-04-06 17:30:00,2025-04-06 20:30:00,3,Disetujui,Lembur proyek 5
2659,37,2025-04-06,2025-04-06 17:30:00,2025-04-06 20:30:00,3,Ditolak,Lembur proyek 1
2660,8,2025-04-07,2025-04-07 17:30:00,2025-04-07 20:30:00,3,Disetujui,Lembur proyek 2
2661,11,2025-04-07,2025-04-07 17:30:00,2025-04-07 18:30:00,1,Ditolak,Lembur proyek 2
2662,26,2025-04-07,2025-04-07 17:30:00,2025-04-07 21:30:00,4,Ditolak,Lembur proyek 3
2663,29,2025-04-07,2025-04-07 17:30:00,2025-04-07 21:30:00,4,Disetujui,Lembur proyek 4
2664,31,2025-04-07,2025-04-07 17:30:00,2025-04-07 19:30:00,2,Ditolak,Lembur proyek 1
2665,39,2025-04-07,2025-04-07 17:30:00,2025-04-07 19:30:00,2,Ditolak,Lembur proyek 4
2666,43,2025-04-07,2025-04-07 17:30:00,2025-04-07 18:30:00,1,Ditolak,Lembur proyek 3
2667,44,2025-04-07,2025-04-07 17:30:00,2025-04-07 20:30:00,3,Disetujui,Lembur proyek 1
2668,48,2025-04-07,2025-04-07 17:30:00,2025-04-07 20:30:00,3,Disetujui,Lembur proyek 4
2669,5,2025-04-08,2025-04-08 17:30:00,2025-04-08 19:30:00,2,Ditolak,Lembur proyek 1
2670,6,2025-04-08,2025-04-08 17:30:00,2025-04-08 20:30:00,3,Ditolak,Lembur proyek 5
2671,7,2025-04-08,2025-04-08 17:30:00,2025-04-08 19:30:00,2,Ditolak,Lembur proyek 1
2672,9,2025-04-08,2025-04-08 17:30:00,2025-04-08 18:30:00,1,Ditolak,Lembur proyek 5
2673,13,2025-04-08,2025-04-08 17:30:00,2025-04-08 18:30:00,1,Ditolak,Lembur proyek 1
2674,21,2025-04-08,2025-04-08 17:30:00,2025-04-08 18:30:00,1,Ditolak,Lembur proyek 5
2675,24,2025-04-08,2025-04-08 17:30:00,2025-04-08 21:30:00,4,Ditolak,Lembur proyek 1
2676,33,2025-04-08,2025-04-08 17:30:00,2025-04-08 18:30:00,1,Disetujui,Lembur proyek 5
2677,1,2025-04-09,2025-04-09 17:30:00,2025-04-09 21:30:00,4,Disetujui,Lembur proyek 3
2678,15,2025-04-09,2025-04-09 17:30:00,2025-04-09 20:30:00,3,Disetujui,Lembur proyek 1
2679,27,2025-04-09,2025-04-09 17:30:00,2025-04-09 21:30:00,4,Disetujui,Lembur proyek 1
2680,30,2025-04-09,2025-04-09 17:30:00,2025-04-09 20:30:00,3,Ditolak,Lembur proyek 1
2681,32,2025-04-09,2025-04-09 17:30:00,2025-04-09 21:30:00,4,Disetujui,Lembur proyek 1
2682,38,2025-04-09,2025-04-09 17:30:00,2025-04-09 20:30:00,3,Ditolak,Lembur proyek 1
2683,43,2025-04-09,2025-04-09 17:30:00,2025-04-09 18:30:00,1,Ditolak,Lembur proyek 3
2684,45,2025-04-09,2025-04-09 17:30:00,2025-04-09 21:30:00,4,Disetujui,Lembur proyek 3
2685,47,2025-04-09,2025-04-09 17:30:00,2025-04-09 20:30:00,3,Disetujui,Lembur proyek 1
2686,3,2025-04-10,2025-04-10 17:30:00,2025-04-10 21:30:00,4,Disetujui,Lembur proyek 2
2687,12,2025-04-10,2025-04-10 17:30:00,2025-04-10 19:30:00,2,Ditolak,Lembur proyek 3
2688,22,2025-04-10,2025-04-10 17:30:00,2025-04-10 20:30:00,3,Disetujui,Lembur proyek 3
2689,24,2025-04-10,2025-04-10 17:30:00,2025-04-10 19:30:00,2,Ditolak,Lembur proyek 1
2690,27,2025-04-10,2025-04-10 17:30:00,2025-04-10 21:30:00,4,Ditolak,Lembur proyek 5
2691,28,2025-04-10,2025-04-10 17:30:00,2025-04-10 20:30:00,3,Ditolak,Lembur proyek 3
2692,30,2025-04-10,2025-04-10 17:30:00,2025-04-10 20:30:00,3,Disetujui,Lembur proyek 5
2693,35,2025-04-10,2025-04-10 17:30:00,2025-04-10 21:30:00,4,Disetujui,Lembur proyek 1
2694,39,2025-04-10,2025-04-10 17:30:00,2025-04-10 19:30:00,2,Ditolak,Lembur proyek 1
2695,40,2025-04-10,2025-04-10 17:30:00,2025-04-10 19:30:00,2,Disetujui,Lembur proyek 5
2696,41,2025-04-10,2025-04-10 17:30:00,2025-04-10 20:30:00,3,Disetujui,Lembur proyek 3
2697,42,2025-04-10,2025-04-10 17:30:00,2025-04-10 18:30:00,1,Disetujui,Lembur proyek 2
2698,43,2025-04-10,2025-04-10 17:30:00,2025-04-10 19:30:00,2,Ditolak,Lembur proyek 3
2699,50,2025-04-10,2025-04-10 17:30:00,2025-04-10 20:30:00,3,Ditolak,Lembur proyek 2
2700,2,2025-04-11,2025-04-11 17:30:00,2025-04-11 19:30:00,2,Disetujui,Lembur proyek 3
2701,9,2025-04-11,2025-04-11 17:30:00,2025-04-11 20:30:00,3,Disetujui,Lembur proyek 5
2702,15,2025-04-11,2025-04-11 17:30:00,2025-04-11 21:30:00,4,Ditolak,Lembur proyek 5
2703,16,2025-04-11,2025-04-11 17:30:00,2025-04-11 21:30:00,4,Disetujui,Lembur proyek 1
2704,17,2025-04-11,2025-04-11 17:30:00,2025-04-11 18:30:00,1,Disetujui,Lembur proyek 1
2705,21,2025-04-11,2025-04-11 17:30:00,2025-04-11 19:30:00,2,Disetujui,Lembur proyek 5
2706,33,2025-04-11,2025-04-11 17:30:00,2025-04-11 18:30:00,1,Disetujui,Lembur proyek 3
2707,34,2025-04-11,2025-04-11 17:30:00,2025-04-11 21:30:00,4,Ditolak,Lembur proyek 5
2708,1,2025-04-12,2025-04-12 17:30:00,2025-04-12 18:30:00,1,Disetujui,Lembur proyek 2
2709,14,2025-04-12,2025-04-12 17:30:00,2025-04-12 21:30:00,4,Disetujui,Lembur proyek 4
2710,15,2025-04-12,2025-04-12 17:30:00,2025-04-12 18:30:00,1,Disetujui,Lembur proyek 2
2711,22,2025-04-12,2025-04-12 17:30:00,2025-04-12 18:30:00,1,Ditolak,Lembur proyek 4
2712,25,2025-04-12,2025-04-12 17:30:00,2025-04-12 19:30:00,2,Ditolak,Lembur proyek 1
2713,38,2025-04-12,2025-04-12 17:30:00,2025-04-12 20:30:00,3,Ditolak,Lembur proyek 5
2714,46,2025-04-12,2025-04-12 17:30:00,2025-04-12 20:30:00,3,Disetujui,Lembur proyek 4
2715,47,2025-04-12,2025-04-12 17:30:00,2025-04-12 21:30:00,4,Ditolak,Lembur proyek 2
2716,2,2025-04-13,2025-04-13 17:30:00,2025-04-13 19:30:00,2,Ditolak,Lembur proyek 3
2717,3,2025-04-13,2025-04-13 17:30:00,2025-04-13 19:30:00,2,Ditolak,Lembur proyek 2
2718,4,2025-04-13,2025-04-13 17:30:00,2025-04-13 18:30:00,1,Ditolak,Lembur proyek 1
2719,12,2025-04-13,2025-04-13 17:30:00,2025-04-13 20:30:00,3,Ditolak,Lembur proyek 1
2720,14,2025-04-13,2025-04-13 17:30:00,2025-04-13 19:30:00,2,Ditolak,Lembur proyek 1
2721,16,2025-04-13,2025-04-13 17:30:00,2025-04-13 21:30:00,4,Disetujui,Lembur proyek 3
2722,19,2025-04-13,2025-04-13 17:30:00,2025-04-13 19:30:00,2,Ditolak,Lembur proyek 1
2723,22,2025-04-13,2025-04-13 17:30:00,2025-04-13 18:30:00,1,Disetujui,Lembur proyek 2
2724,23,2025-04-13,2025-04-13 17:30:00,2025-04-13 21:30:00,4,Disetujui,Lembur proyek 1
2725,25,2025-04-13,2025-04-13 17:30:00,2025-04-13 21:30:00,4,Disetujui,Lembur proyek 2
2726,33,2025-04-13,2025-04-13 17:30:00,2025-04-13 20:30:00,3,Ditolak,Lembur proyek 3
2727,35,2025-04-13,2025-04-13 17:30:00,2025-04-13 19:30:00,2,Disetujui,Lembur proyek 4
2728,39,2025-04-13,2025-04-13 17:30:00,2025-04-13 21:30:00,4,Ditolak,Lembur proyek 4
2729,50,2025-04-13,2025-04-13 17:30:00,2025-04-13 20:30:00,3,Disetujui,Lembur proyek 2
2730,1,2025-04-14,2025-04-14 17:30:00,2025-04-14 18:30:00,1,Disetujui,Lembur proyek 5
2731,8,2025-04-14,2025-04-14 17:30:00,2025-04-14 20:30:00,3,Ditolak,Lembur proyek 2
2732,13,2025-04-14,2025-04-14 17:30:00,2025-04-14 20:30:00,3,Ditolak,Lembur proyek 3
2733,14,2025-04-14,2025-04-14 17:30:00,2025-04-14 20:30:00,3,Ditolak,Lembur proyek 4
2734,28,2025-04-14,2025-04-14 17:30:00,2025-04-14 20:30:00,3,Disetujui,Lembur proyek 1
2735,31,2025-04-14,2025-04-14 17:30:00,2025-04-14 21:30:00,4,Ditolak,Lembur proyek 1
2736,34,2025-04-14,2025-04-14 17:30:00,2025-04-14 20:30:00,3,Disetujui,Lembur proyek 3
2737,35,2025-04-14,2025-04-14 17:30:00,2025-04-14 20:30:00,3,Ditolak,Lembur proyek 2
2738,36,2025-04-14,2025-04-14 17:30:00,2025-04-14 18:30:00,1,Disetujui,Lembur proyek 2
2739,42,2025-04-14,2025-04-14 17:30:00,2025-04-14 18:30:00,1,Ditolak,Lembur proyek 4
2740,45,2025-04-14,2025-04-14 17:30:00,2025-04-14 21:30:00,4,Disetujui,Lembur proyek 2
2741,1,2025-04-15,2025-04-15 17:30:00,2025-04-15 18:30:00,1,Disetujui,Lembur proyek 5
2742,6,2025-04-15,2025-04-15 17:30:00,2025-04-15 21:30:00,4,Ditolak,Lembur proyek 3
2743,8,2025-04-15,2025-04-15 17:30:00,2025-04-15 18:30:00,1,Ditolak,Lembur proyek 4
2744,24,2025-04-15,2025-04-15 17:30:00,2025-04-15 21:30:00,4,Ditolak,Lembur proyek 4
2745,41,2025-04-15,2025-04-15 17:30:00,2025-04-15 21:30:00,4,Disetujui,Lembur proyek 1
2746,42,2025-04-15,2025-04-15 17:30:00,2025-04-15 18:30:00,1,Disetujui,Lembur proyek 5
2747,47,2025-04-15,2025-04-15 17:30:00,2025-04-15 19:30:00,2,Disetujui,Lembur proyek 2
2748,6,2025-04-16,2025-04-16 17:30:00,2025-04-16 18:30:00,1,Disetujui,Lembur proyek 1
2749,16,2025-04-16,2025-04-16 17:30:00,2025-04-16 18:30:00,1,Disetujui,Lembur proyek 5
2750,17,2025-04-16,2025-04-16 17:30:00,2025-04-16 20:30:00,3,Disetujui,Lembur proyek 5
2751,22,2025-04-16,2025-04-16 17:30:00,2025-04-16 21:30:00,4,Disetujui,Lembur proyek 3
2752,27,2025-04-16,2025-04-16 17:30:00,2025-04-16 21:30:00,4,Ditolak,Lembur proyek 2
2753,28,2025-04-16,2025-04-16 17:30:00,2025-04-16 21:30:00,4,Ditolak,Lembur proyek 3
2754,31,2025-04-16,2025-04-16 17:30:00,2025-04-16 19:30:00,2,Ditolak,Lembur proyek 5
2755,33,2025-04-16,2025-04-16 17:30:00,2025-04-16 20:30:00,3,Ditolak,Lembur proyek 4
2756,39,2025-04-16,2025-04-16 17:30:00,2025-04-16 19:30:00,2,Ditolak,Lembur proyek 2
2757,42,2025-04-16,2025-04-16 17:30:00,2025-04-16 18:30:00,1,Ditolak,Lembur proyek 5
2758,44,2025-04-16,2025-04-16 17:30:00,2025-04-16 19:30:00,2,Ditolak,Lembur proyek 3
2759,47,2025-04-16,2025-04-16 17:30:00,2025-04-16 18:30:00,1,Disetujui,Lembur proyek 4
2760,3,2025-04-17,2025-04-17 17:30:00,2025-04-17 21:30:00,4,Ditolak,Lembur proyek 1
2761,10,2025-04-17,2025-04-17 17:30:00,2025-04-17 20:30:00,3,Ditolak,Lembur proyek 2
2762,11,2025-04-17,2025-04-17 17:30:00,2025-04-17 20:30:00,3,Ditolak,Lembur proyek 4
2763,16,2025-04-17,2025-04-17 17:30:00,2025-04-17 18:30:00,1,Ditolak,Lembur proyek 3
2764,21,2025-04-17,2025-04-17 17:30:00,2025-04-17 19:30:00,2,Ditolak,Lembur proyek 5
2765,25,2025-04-17,2025-04-17 17:30:00,2025-04-17 21:30:00,4,Ditolak,Lembur proyek 3
2766,30,2025-04-17,2025-04-17 17:30:00,2025-04-17 19:30:00,2,Disetujui,Lembur proyek 2
2767,36,2025-04-17,2025-04-17 17:30:00,2025-04-17 20:30:00,3,Disetujui,Lembur proyek 4
2768,38,2025-04-17,2025-04-17 17:30:00,2025-04-17 20:30:00,3,Disetujui,Lembur proyek 3
2769,42,2025-04-17,2025-04-17 17:30:00,2025-04-17 19:30:00,2,Ditolak,Lembur proyek 2
2770,47,2025-04-17,2025-04-17 17:30:00,2025-04-17 19:30:00,2,Ditolak,Lembur proyek 2
2771,3,2025-04-18,2025-04-18 17:30:00,2025-04-18 18:30:00,1,Ditolak,Lembur proyek 1
2772,11,2025-04-18,2025-04-18 17:30:00,2025-04-18 19:30:00,2,Disetujui,Lembur proyek 1
2773,23,2025-04-18,2025-04-18 17:30:00,2025-04-18 21:30:00,4,Disetujui,Lembur proyek 1
2774,26,2025-04-18,2025-04-18 17:30:00,2025-04-18 18:30:00,1,Ditolak,Lembur proyek 4
2775,29,2025-04-18,2025-04-18 17:30:00,2025-04-18 20:30:00,3,Disetujui,Lembur proyek 4
2776,36,2025-04-18,2025-04-18 17:30:00,2025-04-18 20:30:00,3,Disetujui,Lembur proyek 5
2777,42,2025-04-18,2025-04-18 17:30:00,2025-04-18 21:30:00,4,Disetujui,Lembur proyek 5
2778,46,2025-04-18,2025-04-18 17:30:00,2025-04-18 18:30:00,1,Disetujui,Lembur proyek 2
2779,5,2025-04-19,2025-04-19 17:30:00,2025-04-19 19:30:00,2,Ditolak,Lembur proyek 3
2780,6,2025-04-19,2025-04-19 17:30:00,2025-04-19 19:30:00,2,Disetujui,Lembur proyek 1
2781,7,2025-04-19,2025-04-19 17:30:00,2025-04-19 19:30:00,2,Disetujui,Lembur proyek 2
2782,8,2025-04-19,2025-04-19 17:30:00,2025-04-19 18:30:00,1,Ditolak,Lembur proyek 4
2783,12,2025-04-19,2025-04-19 17:30:00,2025-04-19 19:30:00,2,Ditolak,Lembur proyek 1
2784,13,2025-04-19,2025-04-19 17:30:00,2025-04-19 21:30:00,4,Disetujui,Lembur proyek 2
2785,17,2025-04-19,2025-04-19 17:30:00,2025-04-19 18:30:00,1,Disetujui,Lembur proyek 5
2786,20,2025-04-19,2025-04-19 17:30:00,2025-04-19 18:30:00,1,Ditolak,Lembur proyek 1
2787,23,2025-04-19,2025-04-19 17:30:00,2025-04-19 20:30:00,3,Ditolak,Lembur proyek 1
2788,26,2025-04-19,2025-04-19 17:30:00,2025-04-19 21:30:00,4,Ditolak,Lembur proyek 1
2789,31,2025-04-19,2025-04-19 17:30:00,2025-04-19 18:30:00,1,Disetujui,Lembur proyek 4
2790,32,2025-04-19,2025-04-19 17:30:00,2025-04-19 21:30:00,4,Disetujui,Lembur proyek 2
2791,36,2025-04-19,2025-04-19 17:30:00,2025-04-19 21:30:00,4,Ditolak,Lembur proyek 4
2792,42,2025-04-19,2025-04-19 17:30:00,2025-04-19 19:30:00,2,Disetujui,Lembur proyek 4
2793,44,2025-04-19,2025-04-19 17:30:00,2025-04-19 21:30:00,4,Disetujui,Lembur proyek 3
2794,48,2025-04-19,2025-04-19 17:30:00,2025-04-19 20:30:00,3,Ditolak,Lembur proyek 2
2795,3,2025-04-20,2025-04-20 17:30:00,2025-04-20 20:30:00,3,Disetujui,Lembur proyek 3
2796,7,2025-04-20,2025-04-20 17:30:00,2025-04-20 20:30:00,3,Ditolak,Lembur proyek 4
2797,10,2025-04-20,2025-04-20 17:30:00,2025-04-20 18:30:00,1,Disetujui,Lembur proyek 1
2798,17,2025-04-20,2025-04-20 17:30:00,2025-04-20 18:30:00,1,Ditolak,Lembur proyek 5
2799,22,2025-04-20,2025-04-20 17:30:00,2025-04-20 21:30:00,4,Ditolak,Lembur proyek 5
2800,23,2025-04-20,2025-04-20 17:30:00,2025-04-20 21:30:00,4,Disetujui,Lembur proyek 2
2801,26,2025-04-20,2025-04-20 17:30:00,2025-04-20 21:30:00,4,Disetujui,Lembur proyek 4
2802,27,2025-04-20,2025-04-20 17:30:00,2025-04-20 19:30:00,2,Ditolak,Lembur proyek 1
2803,32,2025-04-20,2025-04-20 17:30:00,2025-04-20 18:30:00,1,Disetujui,Lembur proyek 5
2804,42,2025-04-20,2025-04-20 17:30:00,2025-04-20 19:30:00,2,Disetujui,Lembur proyek 3
2805,10,2025-04-21,2025-04-21 17:30:00,2025-04-21 20:30:00,3,Disetujui,Lembur proyek 4
2806,14,2025-04-21,2025-04-21 17:30:00,2025-04-21 18:30:00,1,Disetujui,Lembur proyek 1
2807,16,2025-04-21,2025-04-21 17:30:00,2025-04-21 20:30:00,3,Ditolak,Lembur proyek 5
2808,18,2025-04-21,2025-04-21 17:30:00,2025-04-21 21:30:00,4,Disetujui,Lembur proyek 2
2809,19,2025-04-21,2025-04-21 17:30:00,2025-04-21 19:30:00,2,Disetujui,Lembur proyek 5
2810,27,2025-04-21,2025-04-21 17:30:00,2025-04-21 21:30:00,4,Disetujui,Lembur proyek 2
2811,33,2025-04-21,2025-04-21 17:30:00,2025-04-21 21:30:00,4,Disetujui,Lembur proyek 4
2812,39,2025-04-21,2025-04-21 17:30:00,2025-04-21 18:30:00,1,Ditolak,Lembur proyek 1
2813,47,2025-04-21,2025-04-21 17:30:00,2025-04-21 20:30:00,3,Ditolak,Lembur proyek 4
2814,6,2025-04-22,2025-04-22 17:30:00,2025-04-22 20:30:00,3,Disetujui,Lembur proyek 4
2815,11,2025-04-22,2025-04-22 17:30:00,2025-04-22 21:30:00,4,Ditolak,Lembur proyek 5
2816,12,2025-04-22,2025-04-22 17:30:00,2025-04-22 21:30:00,4,Disetujui,Lembur proyek 3
2817,13,2025-04-22,2025-04-22 17:30:00,2025-04-22 21:30:00,4,Ditolak,Lembur proyek 5
2818,17,2025-04-22,2025-04-22 17:30:00,2025-04-22 20:30:00,3,Disetujui,Lembur proyek 5
2819,19,2025-04-22,2025-04-22 17:30:00,2025-04-22 18:30:00,1,Disetujui,Lembur proyek 2
2820,21,2025-04-22,2025-04-22 17:30:00,2025-04-22 19:30:00,2,Disetujui,Lembur proyek 4
2821,24,2025-04-22,2025-04-22 17:30:00,2025-04-22 19:30:00,2,Ditolak,Lembur proyek 3
2822,26,2025-04-22,2025-04-22 17:30:00,2025-04-22 18:30:00,1,Disetujui,Lembur proyek 2
2823,32,2025-04-22,2025-04-22 17:30:00,2025-04-22 19:30:00,2,Disetujui,Lembur proyek 5
2824,33,2025-04-22,2025-04-22 17:30:00,2025-04-22 19:30:00,2,Ditolak,Lembur proyek 1
2825,42,2025-04-22,2025-04-22 17:30:00,2025-04-22 19:30:00,2,Disetujui,Lembur proyek 1
2826,50,2025-04-22,2025-04-22 17:30:00,2025-04-22 19:30:00,2,Ditolak,Lembur proyek 1
2827,6,2025-04-23,2025-04-23 17:30:00,2025-04-23 19:30:00,2,Ditolak,Lembur proyek 4
2828,10,2025-04-23,2025-04-23 17:30:00,2025-04-23 18:30:00,1,Disetujui,Lembur proyek 4
2829,14,2025-04-23,2025-04-23 17:30:00,2025-04-23 20:30:00,3,Ditolak,Lembur proyek 1
2830,20,2025-04-23,2025-04-23 17:30:00,2025-04-23 21:30:00,4,Disetujui,Lembur proyek 4
2831,22,2025-04-23,2025-04-23 17:30:00,2025-04-23 21:30:00,4,Disetujui,Lembur proyek 3
2832,34,2025-04-23,2025-04-23 17:30:00,2025-04-23 20:30:00,3,Ditolak,Lembur proyek 3
2833,38,2025-04-23,2025-04-23 17:30:00,2025-04-23 19:30:00,2,Disetujui,Lembur proyek 2
2834,39,2025-04-23,2025-04-23 17:30:00,2025-04-23 19:30:00,2,Disetujui,Lembur proyek 4
2835,42,2025-04-23,2025-04-23 17:30:00,2025-04-23 20:30:00,3,Ditolak,Lembur proyek 4
2836,48,2025-04-23,2025-04-23 17:30:00,2025-04-23 19:30:00,2,Ditolak,Lembur proyek 4
2837,49,2025-04-23,2025-04-23 17:30:00,2025-04-23 18:30:00,1,Ditolak,Lembur proyek 2
2838,50,2025-04-23,2025-04-23 17:30:00,2025-04-23 19:30:00,2,Disetujui,Lembur proyek 1
2839,1,2025-04-24,2025-04-24 17:30:00,2025-04-24 18:30:00,1,Ditolak,Lembur proyek 2
2840,12,2025-04-24,2025-04-24 17:30:00,2025-04-24 20:30:00,3,Disetujui,Lembur proyek 4
2841,17,2025-04-24,2025-04-24 17:30:00,2025-04-24 21:30:00,4,Ditolak,Lembur proyek 1
2842,28,2025-04-24,2025-04-24 17:30:00,2025-04-24 19:30:00,2,Disetujui,Lembur proyek 1
2843,30,2025-04-24,2025-04-24 17:30:00,2025-04-24 21:30:00,4,Ditolak,Lembur proyek 5
2844,31,2025-04-24,2025-04-24 17:30:00,2025-04-24 21:30:00,4,Ditolak,Lembur proyek 1
2845,34,2025-04-24,2025-04-24 17:30:00,2025-04-24 20:30:00,3,Ditolak,Lembur proyek 1
2846,39,2025-04-24,2025-04-24 17:30:00,2025-04-24 19:30:00,2,Disetujui,Lembur proyek 1
2847,43,2025-04-24,2025-04-24 17:30:00,2025-04-24 18:30:00,1,Disetujui,Lembur proyek 5
2848,50,2025-04-24,2025-04-24 17:30:00,2025-04-24 19:30:00,2,Ditolak,Lembur proyek 5
2849,8,2025-04-25,2025-04-25 17:30:00,2025-04-25 18:30:00,1,Ditolak,Lembur proyek 2
2850,10,2025-04-25,2025-04-25 17:30:00,2025-04-25 20:30:00,3,Ditolak,Lembur proyek 3
2851,11,2025-04-25,2025-04-25 17:30:00,2025-04-25 21:30:00,4,Disetujui,Lembur proyek 5
2852,16,2025-04-25,2025-04-25 17:30:00,2025-04-25 19:30:00,2,Disetujui,Lembur proyek 3
2853,23,2025-04-25,2025-04-25 17:30:00,2025-04-25 21:30:00,4,Ditolak,Lembur proyek 3
2854,30,2025-04-25,2025-04-25 17:30:00,2025-04-25 21:30:00,4,Disetujui,Lembur proyek 3
2855,35,2025-04-25,2025-04-25 17:30:00,2025-04-25 18:30:00,1,Disetujui,Lembur proyek 1
2856,38,2025-04-25,2025-04-25 17:30:00,2025-04-25 18:30:00,1,Disetujui,Lembur proyek 4
2857,48,2025-04-25,2025-04-25 17:30:00,2025-04-25 19:30:00,2,Ditolak,Lembur proyek 1
2858,50,2025-04-25,2025-04-25 17:30:00,2025-04-25 20:30:00,3,Ditolak,Lembur proyek 2
2859,7,2025-04-26,2025-04-26 17:30:00,2025-04-26 18:30:00,1,Disetujui,Lembur proyek 3
2860,8,2025-04-26,2025-04-26 17:30:00,2025-04-26 18:30:00,1,Ditolak,Lembur proyek 1
2861,11,2025-04-26,2025-04-26 17:30:00,2025-04-26 18:30:00,1,Ditolak,Lembur proyek 2
2862,13,2025-04-26,2025-04-26 17:30:00,2025-04-26 18:30:00,1,Ditolak,Lembur proyek 3
2863,14,2025-04-26,2025-04-26 17:30:00,2025-04-26 19:30:00,2,Ditolak,Lembur proyek 4
2864,24,2025-04-26,2025-04-26 17:30:00,2025-04-26 19:30:00,2,Ditolak,Lembur proyek 2
2865,29,2025-04-26,2025-04-26 17:30:00,2025-04-26 19:30:00,2,Ditolak,Lembur proyek 5
2866,32,2025-04-26,2025-04-26 17:30:00,2025-04-26 20:30:00,3,Disetujui,Lembur proyek 3
2867,44,2025-04-26,2025-04-26 17:30:00,2025-04-26 19:30:00,2,Ditolak,Lembur proyek 5
2868,45,2025-04-26,2025-04-26 17:30:00,2025-04-26 18:30:00,1,Disetujui,Lembur proyek 5
2869,46,2025-04-26,2025-04-26 17:30:00,2025-04-26 20:30:00,3,Ditolak,Lembur proyek 4
2870,5,2025-04-27,2025-04-27 17:30:00,2025-04-27 21:30:00,4,Ditolak,Lembur proyek 3
2871,12,2025-04-27,2025-04-27 17:30:00,2025-04-27 20:30:00,3,Disetujui,Lembur proyek 3
2872,20,2025-04-27,2025-04-27 17:30:00,2025-04-27 20:30:00,3,Disetujui,Lembur proyek 2
2873,25,2025-04-27,2025-04-27 17:30:00,2025-04-27 18:30:00,1,Disetujui,Lembur proyek 1
2874,27,2025-04-27,2025-04-27 17:30:00,2025-04-27 18:30:00,1,Ditolak,Lembur proyek 5
2875,33,2025-04-27,2025-04-27 17:30:00,2025-04-27 18:30:00,1,Disetujui,Lembur proyek 4
2876,35,2025-04-27,2025-04-27 17:30:00,2025-04-27 21:30:00,4,Disetujui,Lembur proyek 1
2877,41,2025-04-27,2025-04-27 17:30:00,2025-04-27 21:30:00,4,Ditolak,Lembur proyek 1
2878,42,2025-04-27,2025-04-27 17:30:00,2025-04-27 20:30:00,3,Ditolak,Lembur proyek 1
2879,1,2025-04-28,2025-04-28 17:30:00,2025-04-28 21:30:00,4,Disetujui,Lembur proyek 3
2880,6,2025-04-28,2025-04-28 17:30:00,2025-04-28 18:30:00,1,Disetujui,Lembur proyek 1
2881,11,2025-04-28,2025-04-28 17:30:00,2025-04-28 21:30:00,4,Ditolak,Lembur proyek 1
2882,16,2025-04-28,2025-04-28 17:30:00,2025-04-28 20:30:00,3,Disetujui,Lembur proyek 4
2883,22,2025-04-28,2025-04-28 17:30:00,2025-04-28 21:30:00,4,Disetujui,Lembur proyek 2
2884,32,2025-04-28,2025-04-28 17:30:00,2025-04-28 18:30:00,1,Ditolak,Lembur proyek 5
2885,36,2025-04-28,2025-04-28 17:30:00,2025-04-28 18:30:00,1,Ditolak,Lembur proyek 2
2886,46,2025-04-28,2025-04-28 17:30:00,2025-04-28 21:30:00,4,Ditolak,Lembur proyek 3
2887,1,2025-05-01,2025-05-01 17:30:00,2025-05-01 19:30:00,2,Disetujui,Lembur proyek 1
2888,5,2025-05-01,2025-05-01 17:30:00,2025-05-01 18:30:00,1,Disetujui,Lembur proyek 2
2889,7,2025-05-01,2025-05-01 17:30:00,2025-05-01 21:30:00,4,Disetujui,Lembur proyek 1
2890,14,2025-05-01,2025-05-01 17:30:00,2025-05-01 20:30:00,3,Ditolak,Lembur proyek 1
2891,16,2025-05-01,2025-05-01 17:30:00,2025-05-01 18:30:00,1,Disetujui,Lembur proyek 4
2892,19,2025-05-01,2025-05-01 17:30:00,2025-05-01 18:30:00,1,Ditolak,Lembur proyek 5
2893,20,2025-05-01,2025-05-01 17:30:00,2025-05-01 20:30:00,3,Disetujui,Lembur proyek 4
2894,25,2025-05-01,2025-05-01 17:30:00,2025-05-01 18:30:00,1,Disetujui,Lembur proyek 5
2895,26,2025-05-01,2025-05-01 17:30:00,2025-05-01 20:30:00,3,Ditolak,Lembur proyek 2
2896,38,2025-05-01,2025-05-01 17:30:00,2025-05-01 19:30:00,2,Ditolak,Lembur proyek 3
2897,39,2025-05-01,2025-05-01 17:30:00,2025-05-01 19:30:00,2,Ditolak,Lembur proyek 1
2898,43,2025-05-01,2025-05-01 17:30:00,2025-05-01 19:30:00,2,Disetujui,Lembur proyek 5
2899,48,2025-05-01,2025-05-01 17:30:00,2025-05-01 20:30:00,3,Ditolak,Lembur proyek 3
2900,5,2025-05-02,2025-05-02 17:30:00,2025-05-02 18:30:00,1,Ditolak,Lembur proyek 5
2901,10,2025-05-02,2025-05-02 17:30:00,2025-05-02 19:30:00,2,Disetujui,Lembur proyek 1
2902,17,2025-05-02,2025-05-02 17:30:00,2025-05-02 21:30:00,4,Ditolak,Lembur proyek 1
2903,23,2025-05-02,2025-05-02 17:30:00,2025-05-02 19:30:00,2,Disetujui,Lembur proyek 3
2904,30,2025-05-02,2025-05-02 17:30:00,2025-05-02 20:30:00,3,Ditolak,Lembur proyek 1
2905,32,2025-05-02,2025-05-02 17:30:00,2025-05-02 21:30:00,4,Disetujui,Lembur proyek 1
2906,36,2025-05-02,2025-05-02 17:30:00,2025-05-02 21:30:00,4,Disetujui,Lembur proyek 5
2907,48,2025-05-02,2025-05-02 17:30:00,2025-05-02 18:30:00,1,Ditolak,Lembur proyek 3
2908,5,2025-05-03,2025-05-03 17:30:00,2025-05-03 20:30:00,3,Ditolak,Lembur proyek 5
2909,9,2025-05-03,2025-05-03 17:30:00,2025-05-03 19:30:00,2,Disetujui,Lembur proyek 5
2910,10,2025-05-03,2025-05-03 17:30:00,2025-05-03 21:30:00,4,Ditolak,Lembur proyek 5
2911,16,2025-05-03,2025-05-03 17:30:00,2025-05-03 18:30:00,1,Disetujui,Lembur proyek 2
2912,20,2025-05-03,2025-05-03 17:30:00,2025-05-03 18:30:00,1,Ditolak,Lembur proyek 2
2913,25,2025-05-03,2025-05-03 17:30:00,2025-05-03 19:30:00,2,Disetujui,Lembur proyek 4
2914,27,2025-05-03,2025-05-03 17:30:00,2025-05-03 18:30:00,1,Disetujui,Lembur proyek 5
2915,34,2025-05-03,2025-05-03 17:30:00,2025-05-03 18:30:00,1,Disetujui,Lembur proyek 2
2916,35,2025-05-03,2025-05-03 17:30:00,2025-05-03 18:30:00,1,Ditolak,Lembur proyek 5
2917,39,2025-05-03,2025-05-03 17:30:00,2025-05-03 19:30:00,2,Disetujui,Lembur proyek 3
2918,4,2025-05-04,2025-05-04 17:30:00,2025-05-04 20:30:00,3,Ditolak,Lembur proyek 1
2919,11,2025-05-04,2025-05-04 17:30:00,2025-05-04 20:30:00,3,Disetujui,Lembur proyek 3
2920,17,2025-05-04,2025-05-04 17:30:00,2025-05-04 21:30:00,4,Ditolak,Lembur proyek 1
2921,19,2025-05-04,2025-05-04 17:30:00,2025-05-04 20:30:00,3,Disetujui,Lembur proyek 4
2922,20,2025-05-04,2025-05-04 17:30:00,2025-05-04 18:30:00,1,Ditolak,Lembur proyek 3
2923,22,2025-05-04,2025-05-04 17:30:00,2025-05-04 19:30:00,2,Ditolak,Lembur proyek 2
2924,27,2025-05-04,2025-05-04 17:30:00,2025-05-04 19:30:00,2,Disetujui,Lembur proyek 1
2925,30,2025-05-04,2025-05-04 17:30:00,2025-05-04 20:30:00,3,Disetujui,Lembur proyek 3
2926,33,2025-05-04,2025-05-04 17:30:00,2025-05-04 21:30:00,4,Ditolak,Lembur proyek 2
2927,40,2025-05-04,2025-05-04 17:30:00,2025-05-04 19:30:00,2,Disetujui,Lembur proyek 1
2928,42,2025-05-04,2025-05-04 17:30:00,2025-05-04 20:30:00,3,Disetujui,Lembur proyek 3
2929,47,2025-05-04,2025-05-04 17:30:00,2025-05-04 21:30:00,4,Disetujui,Lembur proyek 4
2930,6,2025-05-05,2025-05-05 17:30:00,2025-05-05 21:30:00,4,Ditolak,Lembur proyek 5
2931,11,2025-05-05,2025-05-05 17:30:00,2025-05-05 18:30:00,1,Disetujui,Lembur proyek 1
2932,12,2025-05-05,2025-05-05 17:30:00,2025-05-05 19:30:00,2,Ditolak,Lembur proyek 5
2933,15,2025-05-05,2025-05-05 17:30:00,2025-05-05 18:30:00,1,Disetujui,Lembur proyek 5
2934,24,2025-05-05,2025-05-05 17:30:00,2025-05-05 20:30:00,3,Ditolak,Lembur proyek 5
2935,25,2025-05-05,2025-05-05 17:30:00,2025-05-05 19:30:00,2,Disetujui,Lembur proyek 4
2936,34,2025-05-05,2025-05-05 17:30:00,2025-05-05 18:30:00,1,Disetujui,Lembur proyek 3
2937,42,2025-05-05,2025-05-05 17:30:00,2025-05-05 21:30:00,4,Ditolak,Lembur proyek 3
2938,44,2025-05-05,2025-05-05 17:30:00,2025-05-05 20:30:00,3,Disetujui,Lembur proyek 2
2939,46,2025-05-05,2025-05-05 17:30:00,2025-05-05 20:30:00,3,Disetujui,Lembur proyek 2
2940,48,2025-05-05,2025-05-05 17:30:00,2025-05-05 21:30:00,4,Ditolak,Lembur proyek 5
2941,24,2025-05-06,2025-05-06 17:30:00,2025-05-06 21:30:00,4,Disetujui,Lembur proyek 2
2942,26,2025-05-06,2025-05-06 17:30:00,2025-05-06 20:30:00,3,Ditolak,Lembur proyek 1
2943,31,2025-05-06,2025-05-06 17:30:00,2025-05-06 21:30:00,4,Disetujui,Lembur proyek 4
2944,38,2025-05-06,2025-05-06 17:30:00,2025-05-06 18:30:00,1,Disetujui,Lembur proyek 5
2945,41,2025-05-06,2025-05-06 17:30:00,2025-05-06 21:30:00,4,Ditolak,Lembur proyek 2
2946,42,2025-05-06,2025-05-06 17:30:00,2025-05-06 19:30:00,2,Ditolak,Lembur proyek 4
2947,3,2025-05-07,2025-05-07 17:30:00,2025-05-07 21:30:00,4,Disetujui,Lembur proyek 2
2948,5,2025-05-07,2025-05-07 17:30:00,2025-05-07 19:30:00,2,Ditolak,Lembur proyek 3
2949,10,2025-05-07,2025-05-07 17:30:00,2025-05-07 21:30:00,4,Ditolak,Lembur proyek 4
2950,16,2025-05-07,2025-05-07 17:30:00,2025-05-07 20:30:00,3,Disetujui,Lembur proyek 1
2951,20,2025-05-07,2025-05-07 17:30:00,2025-05-07 20:30:00,3,Ditolak,Lembur proyek 4
2952,23,2025-05-07,2025-05-07 17:30:00,2025-05-07 21:30:00,4,Disetujui,Lembur proyek 2
2953,30,2025-05-07,2025-05-07 17:30:00,2025-05-07 18:30:00,1,Ditolak,Lembur proyek 2
2954,31,2025-05-07,2025-05-07 17:30:00,2025-05-07 20:30:00,3,Disetujui,Lembur proyek 1
2955,32,2025-05-07,2025-05-07 17:30:00,2025-05-07 20:30:00,3,Disetujui,Lembur proyek 1
2956,39,2025-05-07,2025-05-07 17:30:00,2025-05-07 19:30:00,2,Ditolak,Lembur proyek 5
2957,44,2025-05-07,2025-05-07 17:30:00,2025-05-07 21:30:00,4,Disetujui,Lembur proyek 5
2958,48,2025-05-07,2025-05-07 17:30:00,2025-05-07 18:30:00,1,Ditolak,Lembur proyek 5
2959,50,2025-05-07,2025-05-07 17:30:00,2025-05-07 19:30:00,2,Disetujui,Lembur proyek 5
2960,6,2025-05-08,2025-05-08 17:30:00,2025-05-08 21:30:00,4,Disetujui,Lembur proyek 2
2961,7,2025-05-08,2025-05-08 17:30:00,2025-05-08 20:30:00,3,Disetujui,Lembur proyek 5
2962,10,2025-05-08,2025-05-08 17:30:00,2025-05-08 18:30:00,1,Disetujui,Lembur proyek 4
2963,20,2025-05-08,2025-05-08 17:30:00,2025-05-08 18:30:00,1,Ditolak,Lembur proyek 2
2964,28,2025-05-08,2025-05-08 17:30:00,2025-05-08 19:30:00,2,Disetujui,Lembur proyek 5
2965,37,2025-05-08,2025-05-08 17:30:00,2025-05-08 18:30:00,1,Disetujui,Lembur proyek 5
2966,41,2025-05-08,2025-05-08 17:30:00,2025-05-08 18:30:00,1,Disetujui,Lembur proyek 1
2967,44,2025-05-08,2025-05-08 17:30:00,2025-05-08 18:30:00,1,Ditolak,Lembur proyek 2
2968,50,2025-05-08,2025-05-08 17:30:00,2025-05-08 20:30:00,3,Disetujui,Lembur proyek 2
2969,3,2025-05-09,2025-05-09 17:30:00,2025-05-09 18:30:00,1,Disetujui,Lembur proyek 4
2970,10,2025-05-09,2025-05-09 17:30:00,2025-05-09 21:30:00,4,Ditolak,Lembur proyek 5
2971,11,2025-05-09,2025-05-09 17:30:00,2025-05-09 18:30:00,1,Disetujui,Lembur proyek 4
2972,25,2025-05-09,2025-05-09 17:30:00,2025-05-09 19:30:00,2,Ditolak,Lembur proyek 1
2973,35,2025-05-09,2025-05-09 17:30:00,2025-05-09 18:30:00,1,Disetujui,Lembur proyek 2
2974,46,2025-05-09,2025-05-09 17:30:00,2025-05-09 21:30:00,4,Disetujui,Lembur proyek 1
2975,47,2025-05-09,2025-05-09 17:30:00,2025-05-09 21:30:00,4,Disetujui,Lembur proyek 1
2976,48,2025-05-09,2025-05-09 17:30:00,2025-05-09 19:30:00,2,Ditolak,Lembur proyek 4
2977,49,2025-05-09,2025-05-09 17:30:00,2025-05-09 19:30:00,2,Disetujui,Lembur proyek 1
2978,4,2025-05-10,2025-05-10 17:30:00,2025-05-10 21:30:00,4,Ditolak,Lembur proyek 1
2979,12,2025-05-10,2025-05-10 17:30:00,2025-05-10 18:30:00,1,Disetujui,Lembur proyek 1
2980,17,2025-05-10,2025-05-10 17:30:00,2025-05-10 20:30:00,3,Ditolak,Lembur proyek 4
2981,18,2025-05-10,2025-05-10 17:30:00,2025-05-10 19:30:00,2,Ditolak,Lembur proyek 1
2982,19,2025-05-10,2025-05-10 17:30:00,2025-05-10 20:30:00,3,Ditolak,Lembur proyek 2
2983,20,2025-05-10,2025-05-10 17:30:00,2025-05-10 18:30:00,1,Disetujui,Lembur proyek 4
2984,30,2025-05-10,2025-05-10 17:30:00,2025-05-10 20:30:00,3,Ditolak,Lembur proyek 4
2985,31,2025-05-10,2025-05-10 17:30:00,2025-05-10 19:30:00,2,Disetujui,Lembur proyek 4
2986,42,2025-05-10,2025-05-10 17:30:00,2025-05-10 20:30:00,3,Ditolak,Lembur proyek 2
2987,45,2025-05-10,2025-05-10 17:30:00,2025-05-10 18:30:00,1,Disetujui,Lembur proyek 4
2988,48,2025-05-10,2025-05-10 17:30:00,2025-05-10 21:30:00,4,Disetujui,Lembur proyek 5
2989,6,2025-05-11,2025-05-11 17:30:00,2025-05-11 19:30:00,2,Disetujui,Lembur proyek 5
2990,14,2025-05-11,2025-05-11 17:30:00,2025-05-11 18:30:00,1,Disetujui,Lembur proyek 4
2991,18,2025-05-11,2025-05-11 17:30:00,2025-05-11 21:30:00,4,Disetujui,Lembur proyek 2
2992,20,2025-05-11,2025-05-11 17:30:00,2025-05-11 18:30:00,1,Disetujui,Lembur proyek 2
2993,21,2025-05-11,2025-05-11 17:30:00,2025-05-11 19:30:00,2,Ditolak,Lembur proyek 5
2994,22,2025-05-11,2025-05-11 17:30:00,2025-05-11 20:30:00,3,Ditolak,Lembur proyek 2
2995,26,2025-05-11,2025-05-11 17:30:00,2025-05-11 20:30:00,3,Disetujui,Lembur proyek 4
2996,31,2025-05-11,2025-05-11 17:30:00,2025-05-11 18:30:00,1,Disetujui,Lembur proyek 3
2997,39,2025-05-11,2025-05-11 17:30:00,2025-05-11 18:30:00,1,Ditolak,Lembur proyek 1
2998,44,2025-05-11,2025-05-11 17:30:00,2025-05-11 18:30:00,1,Ditolak,Lembur proyek 4
2999,2,2025-05-12,2025-05-12 17:30:00,2025-05-12 21:30:00,4,Ditolak,Lembur proyek 1
3000,11,2025-05-12,2025-05-12 17:30:00,2025-05-12 18:30:00,1,Ditolak,Lembur proyek 3
3001,21,2025-05-12,2025-05-12 17:30:00,2025-05-12 20:30:00,3,Disetujui,Lembur proyek 3
3002,22,2025-05-12,2025-05-12 17:30:00,2025-05-12 19:30:00,2,Ditolak,Lembur proyek 1
3003,38,2025-05-12,2025-05-12 17:30:00,2025-05-12 19:30:00,2,Ditolak,Lembur proyek 3
3004,46,2025-05-12,2025-05-12 17:30:00,2025-05-12 20:30:00,3,Disetujui,Lembur proyek 1
3005,3,2025-05-13,2025-05-13 17:30:00,2025-05-13 21:30:00,4,Disetujui,Lembur proyek 5
3006,7,2025-05-13,2025-05-13 17:30:00,2025-05-13 20:30:00,3,Disetujui,Lembur proyek 3
3007,12,2025-05-13,2025-05-13 17:30:00,2025-05-13 20:30:00,3,Disetujui,Lembur proyek 1
3008,13,2025-05-13,2025-05-13 17:30:00,2025-05-13 19:30:00,2,Disetujui,Lembur proyek 1
3009,28,2025-05-13,2025-05-13 17:30:00,2025-05-13 20:30:00,3,Disetujui,Lembur proyek 3
3010,30,2025-05-13,2025-05-13 17:30:00,2025-05-13 18:30:00,1,Disetujui,Lembur proyek 2
3011,31,2025-05-13,2025-05-13 17:30:00,2025-05-13 18:30:00,1,Disetujui,Lembur proyek 3
3012,33,2025-05-13,2025-05-13 17:30:00,2025-05-13 21:30:00,4,Disetujui,Lembur proyek 3
3013,38,2025-05-13,2025-05-13 17:30:00,2025-05-13 20:30:00,3,Ditolak,Lembur proyek 3
3014,40,2025-05-13,2025-05-13 17:30:00,2025-05-13 21:30:00,4,Ditolak,Lembur proyek 3
3015,12,2025-05-14,2025-05-14 17:30:00,2025-05-14 20:30:00,3,Ditolak,Lembur proyek 2
3016,22,2025-05-14,2025-05-14 17:30:00,2025-05-14 21:30:00,4,Disetujui,Lembur proyek 3
3017,24,2025-05-14,2025-05-14 17:30:00,2025-05-14 19:30:00,2,Ditolak,Lembur proyek 5
3018,26,2025-05-14,2025-05-14 17:30:00,2025-05-14 20:30:00,3,Disetujui,Lembur proyek 4
3019,30,2025-05-14,2025-05-14 17:30:00,2025-05-14 21:30:00,4,Ditolak,Lembur proyek 1
3020,34,2025-05-14,2025-05-14 17:30:00,2025-05-14 19:30:00,2,Disetujui,Lembur proyek 3
3021,44,2025-05-14,2025-05-14 17:30:00,2025-05-14 18:30:00,1,Ditolak,Lembur proyek 5
3022,45,2025-05-14,2025-05-14 17:30:00,2025-05-14 18:30:00,1,Disetujui,Lembur proyek 2
3023,46,2025-05-14,2025-05-14 17:30:00,2025-05-14 19:30:00,2,Disetujui,Lembur proyek 4
3024,49,2025-05-14,2025-05-14 17:30:00,2025-05-14 18:30:00,1,Disetujui,Lembur proyek 1
3025,1,2025-05-15,2025-05-15 17:30:00,2025-05-15 18:30:00,1,Ditolak,Lembur proyek 1
3026,13,2025-05-15,2025-05-15 17:30:00,2025-05-15 18:30:00,1,Ditolak,Lembur proyek 2
3027,18,2025-05-15,2025-05-15 17:30:00,2025-05-15 21:30:00,4,Ditolak,Lembur proyek 1
3028,22,2025-05-15,2025-05-15 17:30:00,2025-05-15 21:30:00,4,Disetujui,Lembur proyek 4
3029,24,2025-05-15,2025-05-15 17:30:00,2025-05-15 19:30:00,2,Ditolak,Lembur proyek 5
3030,27,2025-05-15,2025-05-15 17:30:00,2025-05-15 21:30:00,4,Disetujui,Lembur proyek 1
3031,37,2025-05-15,2025-05-15 17:30:00,2025-05-15 20:30:00,3,Ditolak,Lembur proyek 2
3032,45,2025-05-15,2025-05-15 17:30:00,2025-05-15 20:30:00,3,Disetujui,Lembur proyek 1
3033,49,2025-05-15,2025-05-15 17:30:00,2025-05-15 18:30:00,1,Ditolak,Lembur proyek 2
3034,1,2025-05-16,2025-05-16 17:30:00,2025-05-16 20:30:00,3,Disetujui,Lembur proyek 3
3035,3,2025-05-16,2025-05-16 17:30:00,2025-05-16 21:30:00,4,Ditolak,Lembur proyek 5
3036,4,2025-05-16,2025-05-16 17:30:00,2025-05-16 21:30:00,4,Ditolak,Lembur proyek 5
3037,7,2025-05-16,2025-05-16 17:30:00,2025-05-16 18:30:00,1,Ditolak,Lembur proyek 5
3038,9,2025-05-16,2025-05-16 17:30:00,2025-05-16 18:30:00,1,Ditolak,Lembur proyek 1
3039,13,2025-05-16,2025-05-16 17:30:00,2025-05-16 21:30:00,4,Ditolak,Lembur proyek 1
3040,16,2025-05-16,2025-05-16 17:30:00,2025-05-16 21:30:00,4,Disetujui,Lembur proyek 2
3041,28,2025-05-16,2025-05-16 17:30:00,2025-05-16 21:30:00,4,Ditolak,Lembur proyek 5
3042,29,2025-05-16,2025-05-16 17:30:00,2025-05-16 19:30:00,2,Ditolak,Lembur proyek 3
3043,1,2025-05-17,2025-05-17 17:30:00,2025-05-17 20:30:00,3,Ditolak,Lembur proyek 2
3044,8,2025-05-17,2025-05-17 17:30:00,2025-05-17 21:30:00,4,Disetujui,Lembur proyek 3
3045,9,2025-05-17,2025-05-17 17:30:00,2025-05-17 20:30:00,3,Ditolak,Lembur proyek 5
3046,14,2025-05-17,2025-05-17 17:30:00,2025-05-17 21:30:00,4,Ditolak,Lembur proyek 4
3047,20,2025-05-17,2025-05-17 17:30:00,2025-05-17 19:30:00,2,Ditolak,Lembur proyek 5
3048,25,2025-05-17,2025-05-17 17:30:00,2025-05-17 18:30:00,1,Disetujui,Lembur proyek 3
3049,26,2025-05-17,2025-05-17 17:30:00,2025-05-17 19:30:00,2,Disetujui,Lembur proyek 4
3050,31,2025-05-17,2025-05-17 17:30:00,2025-05-17 19:30:00,2,Disetujui,Lembur proyek 1
3051,33,2025-05-17,2025-05-17 17:30:00,2025-05-17 19:30:00,2,Disetujui,Lembur proyek 1
3052,37,2025-05-17,2025-05-17 17:30:00,2025-05-17 19:30:00,2,Disetujui,Lembur proyek 5
3053,42,2025-05-17,2025-05-17 17:30:00,2025-05-17 20:30:00,3,Disetujui,Lembur proyek 1
3054,46,2025-05-17,2025-05-17 17:30:00,2025-05-17 21:30:00,4,Ditolak,Lembur proyek 1
3055,50,2025-05-17,2025-05-17 17:30:00,2025-05-17 19:30:00,2,Disetujui,Lembur proyek 4
3056,6,2025-05-18,2025-05-18 17:30:00,2025-05-18 21:30:00,4,Disetujui,Lembur proyek 3
3057,9,2025-05-18,2025-05-18 17:30:00,2025-05-18 19:30:00,2,Ditolak,Lembur proyek 2
3058,23,2025-05-18,2025-05-18 17:30:00,2025-05-18 18:30:00,1,Disetujui,Lembur proyek 5
3059,27,2025-05-18,2025-05-18 17:30:00,2025-05-18 21:30:00,4,Ditolak,Lembur proyek 4
3060,38,2025-05-18,2025-05-18 17:30:00,2025-05-18 19:30:00,2,Ditolak,Lembur proyek 3
3061,48,2025-05-18,2025-05-18 17:30:00,2025-05-18 20:30:00,3,Ditolak,Lembur proyek 4
3062,4,2025-05-19,2025-05-19 17:30:00,2025-05-19 20:30:00,3,Disetujui,Lembur proyek 3
3063,5,2025-05-19,2025-05-19 17:30:00,2025-05-19 18:30:00,1,Ditolak,Lembur proyek 2
3064,8,2025-05-19,2025-05-19 17:30:00,2025-05-19 20:30:00,3,Disetujui,Lembur proyek 4
3065,9,2025-05-19,2025-05-19 17:30:00,2025-05-19 21:30:00,4,Disetujui,Lembur proyek 4
3066,12,2025-05-19,2025-05-19 17:30:00,2025-05-19 18:30:00,1,Ditolak,Lembur proyek 2
3067,14,2025-05-19,2025-05-19 17:30:00,2025-05-19 20:30:00,3,Disetujui,Lembur proyek 1
3068,31,2025-05-19,2025-05-19 17:30:00,2025-05-19 20:30:00,3,Ditolak,Lembur proyek 5
3069,43,2025-05-19,2025-05-19 17:30:00,2025-05-19 21:30:00,4,Disetujui,Lembur proyek 2
3070,47,2025-05-19,2025-05-19 17:30:00,2025-05-19 21:30:00,4,Ditolak,Lembur proyek 1
3071,2,2025-05-20,2025-05-20 17:30:00,2025-05-20 19:30:00,2,Ditolak,Lembur proyek 5
3072,8,2025-05-20,2025-05-20 17:30:00,2025-05-20 18:30:00,1,Ditolak,Lembur proyek 3
3073,31,2025-05-20,2025-05-20 17:30:00,2025-05-20 19:30:00,2,Disetujui,Lembur proyek 1
3074,34,2025-05-20,2025-05-20 17:30:00,2025-05-20 18:30:00,1,Ditolak,Lembur proyek 4
3075,44,2025-05-20,2025-05-20 17:30:00,2025-05-20 19:30:00,2,Ditolak,Lembur proyek 1
3076,8,2025-05-21,2025-05-21 17:30:00,2025-05-21 19:30:00,2,Disetujui,Lembur proyek 3
3077,9,2025-05-21,2025-05-21 17:30:00,2025-05-21 19:30:00,2,Ditolak,Lembur proyek 3
3078,10,2025-05-21,2025-05-21 17:30:00,2025-05-21 21:30:00,4,Ditolak,Lembur proyek 2
3079,14,2025-05-21,2025-05-21 17:30:00,2025-05-21 19:30:00,2,Disetujui,Lembur proyek 1
3080,17,2025-05-21,2025-05-21 17:30:00,2025-05-21 19:30:00,2,Disetujui,Lembur proyek 5
3081,22,2025-05-21,2025-05-21 17:30:00,2025-05-21 21:30:00,4,Disetujui,Lembur proyek 5
3082,24,2025-05-21,2025-05-21 17:30:00,2025-05-21 18:30:00,1,Ditolak,Lembur proyek 3
3083,25,2025-05-21,2025-05-21 17:30:00,2025-05-21 18:30:00,1,Ditolak,Lembur proyek 3
3084,27,2025-05-21,2025-05-21 17:30:00,2025-05-21 21:30:00,4,Disetujui,Lembur proyek 2
3085,46,2025-05-21,2025-05-21 17:30:00,2025-05-21 18:30:00,1,Ditolak,Lembur proyek 1
3086,47,2025-05-21,2025-05-21 17:30:00,2025-05-21 18:30:00,1,Disetujui,Lembur proyek 5
3087,2,2025-05-22,2025-05-22 17:30:00,2025-05-22 19:30:00,2,Ditolak,Lembur proyek 5
3088,3,2025-05-22,2025-05-22 17:30:00,2025-05-22 20:30:00,3,Disetujui,Lembur proyek 4
3089,8,2025-05-22,2025-05-22 17:30:00,2025-05-22 20:30:00,3,Ditolak,Lembur proyek 2
3090,13,2025-05-22,2025-05-22 17:30:00,2025-05-22 19:30:00,2,Ditolak,Lembur proyek 3
3091,16,2025-05-22,2025-05-22 17:30:00,2025-05-22 19:30:00,2,Ditolak,Lembur proyek 2
3092,17,2025-05-22,2025-05-22 17:30:00,2025-05-22 19:30:00,2,Disetujui,Lembur proyek 2
3093,29,2025-05-22,2025-05-22 17:30:00,2025-05-22 19:30:00,2,Disetujui,Lembur proyek 4
3094,30,2025-05-22,2025-05-22 17:30:00,2025-05-22 19:30:00,2,Disetujui,Lembur proyek 4
3095,38,2025-05-22,2025-05-22 17:30:00,2025-05-22 20:30:00,3,Ditolak,Lembur proyek 2
3096,39,2025-05-22,2025-05-22 17:30:00,2025-05-22 21:30:00,4,Ditolak,Lembur proyek 2
3097,41,2025-05-22,2025-05-22 17:30:00,2025-05-22 20:30:00,3,Ditolak,Lembur proyek 5
3098,3,2025-05-23,2025-05-23 17:30:00,2025-05-23 20:30:00,3,Disetujui,Lembur proyek 2
3099,4,2025-05-23,2025-05-23 17:30:00,2025-05-23 18:30:00,1,Ditolak,Lembur proyek 1
3100,15,2025-05-23,2025-05-23 17:30:00,2025-05-23 20:30:00,3,Ditolak,Lembur proyek 3
3101,17,2025-05-23,2025-05-23 17:30:00,2025-05-23 21:30:00,4,Ditolak,Lembur proyek 3
3102,26,2025-05-23,2025-05-23 17:30:00,2025-05-23 19:30:00,2,Disetujui,Lembur proyek 5
3103,28,2025-05-23,2025-05-23 17:30:00,2025-05-23 19:30:00,2,Ditolak,Lembur proyek 2
3104,35,2025-05-23,2025-05-23 17:30:00,2025-05-23 20:30:00,3,Disetujui,Lembur proyek 5
3105,45,2025-05-23,2025-05-23 17:30:00,2025-05-23 20:30:00,3,Ditolak,Lembur proyek 1
3106,7,2025-05-24,2025-05-24 17:30:00,2025-05-24 21:30:00,4,Ditolak,Lembur proyek 5
3107,12,2025-05-24,2025-05-24 17:30:00,2025-05-24 18:30:00,1,Ditolak,Lembur proyek 5
3108,17,2025-05-24,2025-05-24 17:30:00,2025-05-24 21:30:00,4,Ditolak,Lembur proyek 5
3109,22,2025-05-24,2025-05-24 17:30:00,2025-05-24 18:30:00,1,Disetujui,Lembur proyek 2
3110,30,2025-05-24,2025-05-24 17:30:00,2025-05-24 20:30:00,3,Disetujui,Lembur proyek 4
3111,33,2025-05-24,2025-05-24 17:30:00,2025-05-24 20:30:00,3,Ditolak,Lembur proyek 3
3112,46,2025-05-24,2025-05-24 17:30:00,2025-05-24 19:30:00,2,Disetujui,Lembur proyek 3
3113,3,2025-05-25,2025-05-25 17:30:00,2025-05-25 20:30:00,3,Ditolak,Lembur proyek 2
3114,4,2025-05-25,2025-05-25 17:30:00,2025-05-25 20:30:00,3,Ditolak,Lembur proyek 5
3115,5,2025-05-25,2025-05-25 17:30:00,2025-05-25 20:30:00,3,Ditolak,Lembur proyek 4
3116,6,2025-05-25,2025-05-25 17:30:00,2025-05-25 20:30:00,3,Disetujui,Lembur proyek 3
3117,9,2025-05-25,2025-05-25 17:30:00,2025-05-25 21:30:00,4,Ditolak,Lembur proyek 2
3118,11,2025-05-25,2025-05-25 17:30:00,2025-05-25 18:30:00,1,Disetujui,Lembur proyek 5
3119,15,2025-05-25,2025-05-25 17:30:00,2025-05-25 21:30:00,4,Ditolak,Lembur proyek 2
3120,18,2025-05-25,2025-05-25 17:30:00,2025-05-25 19:30:00,2,Ditolak,Lembur proyek 5
3121,23,2025-05-25,2025-05-25 17:30:00,2025-05-25 19:30:00,2,Disetujui,Lembur proyek 3
3122,38,2025-05-25,2025-05-25 17:30:00,2025-05-25 21:30:00,4,Ditolak,Lembur proyek 5
3123,42,2025-05-25,2025-05-25 17:30:00,2025-05-25 20:30:00,3,Disetujui,Lembur proyek 2
3124,47,2025-05-25,2025-05-25 17:30:00,2025-05-25 18:30:00,1,Ditolak,Lembur proyek 4
3125,1,2025-05-26,2025-05-26 17:30:00,2025-05-26 21:30:00,4,Disetujui,Lembur proyek 1
3126,9,2025-05-26,2025-05-26 17:30:00,2025-05-26 21:30:00,4,Disetujui,Lembur proyek 3
3127,49,2025-05-26,2025-05-26 17:30:00,2025-05-26 19:30:00,2,Ditolak,Lembur proyek 1
3128,8,2025-05-27,2025-05-27 17:30:00,2025-05-27 20:30:00,3,Ditolak,Lembur proyek 5
3129,10,2025-05-27,2025-05-27 17:30:00,2025-05-27 19:30:00,2,Ditolak,Lembur proyek 5
3130,28,2025-05-27,2025-05-27 17:30:00,2025-05-27 21:30:00,4,Ditolak,Lembur proyek 5
3131,36,2025-05-27,2025-05-27 17:30:00,2025-05-27 21:30:00,4,Disetujui,Lembur proyek 3
3132,43,2025-05-27,2025-05-27 17:30:00,2025-05-27 20:30:00,3,Disetujui,Lembur proyek 4
3133,44,2025-05-27,2025-05-27 17:30:00,2025-05-27 19:30:00,2,Disetujui,Lembur proyek 1
3134,45,2025-05-27,2025-05-27 17:30:00,2025-05-27 19:30:00,2,Disetujui,Lembur proyek 3
3135,2,2025-05-28,2025-05-28 17:30:00,2025-05-28 20:30:00,3,Ditolak,Lembur proyek 3
3136,6,2025-05-28,2025-05-28 17:30:00,2025-05-28 19:30:00,2,Ditolak,Lembur proyek 2
3137,9,2025-05-28,2025-05-28 17:30:00,2025-05-28 20:30:00,3,Disetujui,Lembur proyek 1
3138,12,2025-05-28,2025-05-28 17:30:00,2025-05-28 20:30:00,3,Disetujui,Lembur proyek 4
3139,13,2025-05-28,2025-05-28 17:30:00,2025-05-28 21:30:00,4,Disetujui,Lembur proyek 2
3140,16,2025-05-28,2025-05-28 17:30:00,2025-05-28 20:30:00,3,Ditolak,Lembur proyek 2
3141,17,2025-05-28,2025-05-28 17:30:00,2025-05-28 20:30:00,3,Disetujui,Lembur proyek 5
3142,18,2025-05-28,2025-05-28 17:30:00,2025-05-28 18:30:00,1,Disetujui,Lembur proyek 1
3143,19,2025-05-28,2025-05-28 17:30:00,2025-05-28 18:30:00,1,Disetujui,Lembur proyek 2
3144,31,2025-05-28,2025-05-28 17:30:00,2025-05-28 18:30:00,1,Disetujui,Lembur proyek 2
3145,33,2025-05-28,2025-05-28 17:30:00,2025-05-28 20:30:00,3,Disetujui,Lembur proyek 5
3146,37,2025-05-28,2025-05-28 17:30:00,2025-05-28 18:30:00,1,Ditolak,Lembur proyek 4
3147,43,2025-05-28,2025-05-28 17:30:00,2025-05-28 18:30:00,1,Ditolak,Lembur proyek 5
3148,44,2025-05-28,2025-05-28 17:30:00,2025-05-28 20:30:00,3,Disetujui,Lembur proyek 1
3149,50,2025-05-28,2025-05-28 17:30:00,2025-05-28 20:30:00,3,Disetujui,Lembur proyek 1
3150,3,2025-06-01,2025-06-01 17:30:00,2025-06-01 20:30:00,3,Disetujui,Lembur proyek 5
3151,5,2025-06-01,2025-06-01 17:30:00,2025-06-01 18:30:00,1,Disetujui,Lembur proyek 3
3152,6,2025-06-01,2025-06-01 17:30:00,2025-06-01 20:30:00,3,Disetujui,Lembur proyek 1
3153,8,2025-06-01,2025-06-01 17:30:00,2025-06-01 21:30:00,4,Disetujui,Lembur proyek 4
3154,10,2025-06-01,2025-06-01 17:30:00,2025-06-01 19:30:00,2,Disetujui,Lembur proyek 1
3155,18,2025-06-01,2025-06-01 17:30:00,2025-06-01 20:30:00,3,Ditolak,Lembur proyek 3
3156,19,2025-06-01,2025-06-01 17:30:00,2025-06-01 18:30:00,1,Ditolak,Lembur proyek 5
3157,36,2025-06-01,2025-06-01 17:30:00,2025-06-01 20:30:00,3,Ditolak,Lembur proyek 4
3158,37,2025-06-01,2025-06-01 17:30:00,2025-06-01 20:30:00,3,Disetujui,Lembur proyek 2
3159,39,2025-06-01,2025-06-01 17:30:00,2025-06-01 21:30:00,4,Disetujui,Lembur proyek 2
3160,41,2025-06-01,2025-06-01 17:30:00,2025-06-01 18:30:00,1,Ditolak,Lembur proyek 3
3161,44,2025-06-01,2025-06-01 17:30:00,2025-06-01 21:30:00,4,Disetujui,Lembur proyek 2
3162,46,2025-06-01,2025-06-01 17:30:00,2025-06-01 19:30:00,2,Disetujui,Lembur proyek 4
3163,49,2025-06-01,2025-06-01 17:30:00,2025-06-01 21:30:00,4,Disetujui,Lembur proyek 5
3164,5,2025-06-02,2025-06-02 17:30:00,2025-06-02 19:30:00,2,Disetujui,Lembur proyek 2
3165,6,2025-06-02,2025-06-02 17:30:00,2025-06-02 20:30:00,3,Ditolak,Lembur proyek 5
3166,7,2025-06-02,2025-06-02 17:30:00,2025-06-02 19:30:00,2,Ditolak,Lembur proyek 4
3167,12,2025-06-02,2025-06-02 17:30:00,2025-06-02 19:30:00,2,Disetujui,Lembur proyek 5
3168,19,2025-06-02,2025-06-02 17:30:00,2025-06-02 19:30:00,2,Disetujui,Lembur proyek 3
3169,21,2025-06-02,2025-06-02 17:30:00,2025-06-02 18:30:00,1,Disetujui,Lembur proyek 3
3170,24,2025-06-02,2025-06-02 17:30:00,2025-06-02 18:30:00,1,Ditolak,Lembur proyek 5
3171,37,2025-06-02,2025-06-02 17:30:00,2025-06-02 19:30:00,2,Disetujui,Lembur proyek 1
3172,40,2025-06-02,2025-06-02 17:30:00,2025-06-02 19:30:00,2,Ditolak,Lembur proyek 1
3173,45,2025-06-02,2025-06-02 17:30:00,2025-06-02 18:30:00,1,Disetujui,Lembur proyek 4
3174,5,2025-06-03,2025-06-03 17:30:00,2025-06-03 21:30:00,4,Disetujui,Lembur proyek 5
3175,15,2025-06-03,2025-06-03 17:30:00,2025-06-03 20:30:00,3,Ditolak,Lembur proyek 4
3176,30,2025-06-03,2025-06-03 17:30:00,2025-06-03 20:30:00,3,Ditolak,Lembur proyek 5
3177,31,2025-06-03,2025-06-03 17:30:00,2025-06-03 20:30:00,3,Ditolak,Lembur proyek 1
3178,33,2025-06-03,2025-06-03 17:30:00,2025-06-03 20:30:00,3,Disetujui,Lembur proyek 1
3179,35,2025-06-03,2025-06-03 17:30:00,2025-06-03 21:30:00,4,Ditolak,Lembur proyek 1
3180,37,2025-06-03,2025-06-03 17:30:00,2025-06-03 19:30:00,2,Disetujui,Lembur proyek 1
3181,44,2025-06-03,2025-06-03 17:30:00,2025-06-03 19:30:00,2,Ditolak,Lembur proyek 3
3182,46,2025-06-03,2025-06-03 17:30:00,2025-06-03 21:30:00,4,Ditolak,Lembur proyek 3
3183,2,2025-06-04,2025-06-04 17:30:00,2025-06-04 19:30:00,2,Ditolak,Lembur proyek 5
3184,9,2025-06-04,2025-06-04 17:30:00,2025-06-04 20:30:00,3,Ditolak,Lembur proyek 3
3185,11,2025-06-04,2025-06-04 17:30:00,2025-06-04 19:30:00,2,Disetujui,Lembur proyek 1
3186,12,2025-06-04,2025-06-04 17:30:00,2025-06-04 18:30:00,1,Disetujui,Lembur proyek 4
3187,13,2025-06-04,2025-06-04 17:30:00,2025-06-04 19:30:00,2,Ditolak,Lembur proyek 2
3188,15,2025-06-04,2025-06-04 17:30:00,2025-06-04 18:30:00,1,Disetujui,Lembur proyek 3
3189,16,2025-06-04,2025-06-04 17:30:00,2025-06-04 18:30:00,1,Ditolak,Lembur proyek 1
3190,28,2025-06-04,2025-06-04 17:30:00,2025-06-04 18:30:00,1,Ditolak,Lembur proyek 4
3191,32,2025-06-04,2025-06-04 17:30:00,2025-06-04 20:30:00,3,Disetujui,Lembur proyek 1
3192,38,2025-06-04,2025-06-04 17:30:00,2025-06-04 18:30:00,1,Disetujui,Lembur proyek 3
3193,42,2025-06-04,2025-06-04 17:30:00,2025-06-04 19:30:00,2,Disetujui,Lembur proyek 3
3194,49,2025-06-04,2025-06-04 17:30:00,2025-06-04 19:30:00,2,Ditolak,Lembur proyek 5
3195,6,2025-06-05,2025-06-05 17:30:00,2025-06-05 19:30:00,2,Disetujui,Lembur proyek 3
3196,9,2025-06-05,2025-06-05 17:30:00,2025-06-05 21:30:00,4,Ditolak,Lembur proyek 1
3197,10,2025-06-05,2025-06-05 17:30:00,2025-06-05 20:30:00,3,Disetujui,Lembur proyek 3
3198,21,2025-06-05,2025-06-05 17:30:00,2025-06-05 21:30:00,4,Disetujui,Lembur proyek 3
3199,31,2025-06-05,2025-06-05 17:30:00,2025-06-05 20:30:00,3,Disetujui,Lembur proyek 1
3200,39,2025-06-05,2025-06-05 17:30:00,2025-06-05 21:30:00,4,Disetujui,Lembur proyek 3
3201,45,2025-06-05,2025-06-05 17:30:00,2025-06-05 20:30:00,3,Disetujui,Lembur proyek 4
3202,49,2025-06-05,2025-06-05 17:30:00,2025-06-05 18:30:00,1,Disetujui,Lembur proyek 4
3203,6,2025-06-06,2025-06-06 17:30:00,2025-06-06 18:30:00,1,Ditolak,Lembur proyek 5
3204,10,2025-06-06,2025-06-06 17:30:00,2025-06-06 20:30:00,3,Ditolak,Lembur proyek 3
3205,13,2025-06-06,2025-06-06 17:30:00,2025-06-06 18:30:00,1,Ditolak,Lembur proyek 4
3206,16,2025-06-06,2025-06-06 17:30:00,2025-06-06 20:30:00,3,Ditolak,Lembur proyek 5
3207,31,2025-06-06,2025-06-06 17:30:00,2025-06-06 20:30:00,3,Disetujui,Lembur proyek 2
3208,33,2025-06-06,2025-06-06 17:30:00,2025-06-06 19:30:00,2,Ditolak,Lembur proyek 5
3209,36,2025-06-06,2025-06-06 17:30:00,2025-06-06 19:30:00,2,Disetujui,Lembur proyek 3
3210,43,2025-06-06,2025-06-06 17:30:00,2025-06-06 20:30:00,3,Ditolak,Lembur proyek 3
3211,46,2025-06-06,2025-06-06 17:30:00,2025-06-06 19:30:00,2,Ditolak,Lembur proyek 3
3212,50,2025-06-06,2025-06-06 17:30:00,2025-06-06 18:30:00,1,Ditolak,Lembur proyek 1
3213,11,2025-06-07,2025-06-07 17:30:00,2025-06-07 20:30:00,3,Disetujui,Lembur proyek 3
3214,13,2025-06-07,2025-06-07 17:30:00,2025-06-07 21:30:00,4,Disetujui,Lembur proyek 2
3215,16,2025-06-07,2025-06-07 17:30:00,2025-06-07 19:30:00,2,Ditolak,Lembur proyek 2
3216,18,2025-06-07,2025-06-07 17:30:00,2025-06-07 18:30:00,1,Ditolak,Lembur proyek 5
3217,19,2025-06-07,2025-06-07 17:30:00,2025-06-07 20:30:00,3,Ditolak,Lembur proyek 3
3218,22,2025-06-07,2025-06-07 17:30:00,2025-06-07 18:30:00,1,Ditolak,Lembur proyek 4
3219,23,2025-06-07,2025-06-07 17:30:00,2025-06-07 20:30:00,3,Ditolak,Lembur proyek 4
3220,30,2025-06-07,2025-06-07 17:30:00,2025-06-07 21:30:00,4,Disetujui,Lembur proyek 1
3221,32,2025-06-07,2025-06-07 17:30:00,2025-06-07 18:30:00,1,Ditolak,Lembur proyek 4
3222,35,2025-06-07,2025-06-07 17:30:00,2025-06-07 20:30:00,3,Disetujui,Lembur proyek 2
3223,39,2025-06-07,2025-06-07 17:30:00,2025-06-07 19:30:00,2,Ditolak,Lembur proyek 4
3224,41,2025-06-07,2025-06-07 17:30:00,2025-06-07 18:30:00,1,Ditolak,Lembur proyek 2
3225,50,2025-06-07,2025-06-07 17:30:00,2025-06-07 18:30:00,1,Ditolak,Lembur proyek 4
3226,3,2025-06-08,2025-06-08 17:30:00,2025-06-08 18:30:00,1,Disetujui,Lembur proyek 2
3227,8,2025-06-08,2025-06-08 17:30:00,2025-06-08 18:30:00,1,Ditolak,Lembur proyek 3
3228,17,2025-06-08,2025-06-08 17:30:00,2025-06-08 20:30:00,3,Disetujui,Lembur proyek 3
3229,19,2025-06-08,2025-06-08 17:30:00,2025-06-08 19:30:00,2,Ditolak,Lembur proyek 4
3230,26,2025-06-08,2025-06-08 17:30:00,2025-06-08 21:30:00,4,Ditolak,Lembur proyek 2
3231,29,2025-06-08,2025-06-08 17:30:00,2025-06-08 21:30:00,4,Ditolak,Lembur proyek 2
3232,32,2025-06-08,2025-06-08 17:30:00,2025-06-08 21:30:00,4,Ditolak,Lembur proyek 3
3233,39,2025-06-08,2025-06-08 17:30:00,2025-06-08 18:30:00,1,Ditolak,Lembur proyek 5
3234,44,2025-06-08,2025-06-08 17:30:00,2025-06-08 21:30:00,4,Disetujui,Lembur proyek 3
3235,47,2025-06-08,2025-06-08 17:30:00,2025-06-08 18:30:00,1,Ditolak,Lembur proyek 2
3236,48,2025-06-08,2025-06-08 17:30:00,2025-06-08 20:30:00,3,Ditolak,Lembur proyek 5
3237,20,2025-06-09,2025-06-09 17:30:00,2025-06-09 21:30:00,4,Ditolak,Lembur proyek 5
3238,22,2025-06-09,2025-06-09 17:30:00,2025-06-09 18:30:00,1,Disetujui,Lembur proyek 4
3239,33,2025-06-09,2025-06-09 17:30:00,2025-06-09 18:30:00,1,Ditolak,Lembur proyek 3
3240,45,2025-06-09,2025-06-09 17:30:00,2025-06-09 19:30:00,2,Disetujui,Lembur proyek 5
3241,46,2025-06-09,2025-06-09 17:30:00,2025-06-09 20:30:00,3,Disetujui,Lembur proyek 3
3242,47,2025-06-09,2025-06-09 17:30:00,2025-06-09 21:30:00,4,Disetujui,Lembur proyek 3
3243,1,2025-06-10,2025-06-10 17:30:00,2025-06-10 19:30:00,2,Ditolak,Lembur proyek 1
3244,2,2025-06-10,2025-06-10 17:30:00,2025-06-10 19:30:00,2,Ditolak,Lembur proyek 2
3245,5,2025-06-10,2025-06-10 17:30:00,2025-06-10 18:30:00,1,Ditolak,Lembur proyek 3
3246,7,2025-06-10,2025-06-10 17:30:00,2025-06-10 21:30:00,4,Disetujui,Lembur proyek 3
3247,8,2025-06-10,2025-06-10 17:30:00,2025-06-10 18:30:00,1,Ditolak,Lembur proyek 1
3248,17,2025-06-10,2025-06-10 17:30:00,2025-06-10 19:30:00,2,Disetujui,Lembur proyek 3
3249,19,2025-06-10,2025-06-10 17:30:00,2025-06-10 20:30:00,3,Disetujui,Lembur proyek 4
3250,23,2025-06-10,2025-06-10 17:30:00,2025-06-10 20:30:00,3,Ditolak,Lembur proyek 3
3251,21,2025-06-11,2025-06-11 17:30:00,2025-06-11 20:30:00,3,Disetujui,Lembur proyek 1
3252,23,2025-06-11,2025-06-11 17:30:00,2025-06-11 19:30:00,2,Ditolak,Lembur proyek 4
3253,26,2025-06-11,2025-06-11 17:30:00,2025-06-11 18:30:00,1,Ditolak,Lembur proyek 3
3254,29,2025-06-11,2025-06-11 17:30:00,2025-06-11 21:30:00,4,Disetujui,Lembur proyek 2
3255,31,2025-06-11,2025-06-11 17:30:00,2025-06-11 18:30:00,1,Ditolak,Lembur proyek 5
3256,45,2025-06-11,2025-06-11 17:30:00,2025-06-11 21:30:00,4,Ditolak,Lembur proyek 2
3257,46,2025-06-11,2025-06-11 17:30:00,2025-06-11 18:30:00,1,Ditolak,Lembur proyek 1
3258,48,2025-06-11,2025-06-11 17:30:00,2025-06-11 19:30:00,2,Disetujui,Lembur proyek 1
3259,49,2025-06-11,2025-06-11 17:30:00,2025-06-11 18:30:00,1,Ditolak,Lembur proyek 2
3260,3,2025-06-12,2025-06-12 17:30:00,2025-06-12 18:30:00,1,Disetujui,Lembur proyek 1
3261,7,2025-06-12,2025-06-12 17:30:00,2025-06-12 18:30:00,1,Ditolak,Lembur proyek 3
3262,17,2025-06-12,2025-06-12 17:30:00,2025-06-12 18:30:00,1,Disetujui,Lembur proyek 2
3263,20,2025-06-12,2025-06-12 17:30:00,2025-06-12 19:30:00,2,Disetujui,Lembur proyek 5
3264,42,2025-06-12,2025-06-12 17:30:00,2025-06-12 21:30:00,4,Ditolak,Lembur proyek 2
3265,44,2025-06-12,2025-06-12 17:30:00,2025-06-12 21:30:00,4,Disetujui,Lembur proyek 1
3266,48,2025-06-12,2025-06-12 17:30:00,2025-06-12 18:30:00,1,Disetujui,Lembur proyek 1
3267,50,2025-06-12,2025-06-12 17:30:00,2025-06-12 19:30:00,2,Disetujui,Lembur proyek 3
3268,3,2025-06-13,2025-06-13 17:30:00,2025-06-13 19:30:00,2,Disetujui,Lembur proyek 1
3269,4,2025-06-13,2025-06-13 17:30:00,2025-06-13 20:30:00,3,Ditolak,Lembur proyek 3
3270,5,2025-06-13,2025-06-13 17:30:00,2025-06-13 21:30:00,4,Ditolak,Lembur proyek 2
3271,12,2025-06-13,2025-06-13 17:30:00,2025-06-13 18:30:00,1,Disetujui,Lembur proyek 3
3272,20,2025-06-13,2025-06-13 17:30:00,2025-06-13 18:30:00,1,Disetujui,Lembur proyek 3
3273,21,2025-06-13,2025-06-13 17:30:00,2025-06-13 20:30:00,3,Disetujui,Lembur proyek 4
3274,22,2025-06-13,2025-06-13 17:30:00,2025-06-13 18:30:00,1,Ditolak,Lembur proyek 1
3275,29,2025-06-13,2025-06-13 17:30:00,2025-06-13 19:30:00,2,Disetujui,Lembur proyek 1
3276,31,2025-06-13,2025-06-13 17:30:00,2025-06-13 19:30:00,2,Disetujui,Lembur proyek 3
3277,32,2025-06-13,2025-06-13 17:30:00,2025-06-13 19:30:00,2,Ditolak,Lembur proyek 5
3278,36,2025-06-13,2025-06-13 17:30:00,2025-06-13 19:30:00,2,Disetujui,Lembur proyek 2
3279,38,2025-06-13,2025-06-13 17:30:00,2025-06-13 21:30:00,4,Ditolak,Lembur proyek 5
3280,43,2025-06-13,2025-06-13 17:30:00,2025-06-13 21:30:00,4,Disetujui,Lembur proyek 2
3281,46,2025-06-13,2025-06-13 17:30:00,2025-06-13 18:30:00,1,Ditolak,Lembur proyek 5
3282,1,2025-06-14,2025-06-14 17:30:00,2025-06-14 20:30:00,3,Ditolak,Lembur proyek 3
3283,4,2025-06-14,2025-06-14 17:30:00,2025-06-14 21:30:00,4,Ditolak,Lembur proyek 4
3284,11,2025-06-14,2025-06-14 17:30:00,2025-06-14 19:30:00,2,Disetujui,Lembur proyek 2
3285,17,2025-06-14,2025-06-14 17:30:00,2025-06-14 18:30:00,1,Disetujui,Lembur proyek 3
3286,31,2025-06-14,2025-06-14 17:30:00,2025-06-14 21:30:00,4,Disetujui,Lembur proyek 3
3287,47,2025-06-14,2025-06-14 17:30:00,2025-06-14 19:30:00,2,Ditolak,Lembur proyek 1
3288,4,2025-06-15,2025-06-15 17:30:00,2025-06-15 19:30:00,2,Disetujui,Lembur proyek 4
3289,13,2025-06-15,2025-06-15 17:30:00,2025-06-15 21:30:00,4,Disetujui,Lembur proyek 4
3290,18,2025-06-15,2025-06-15 17:30:00,2025-06-15 20:30:00,3,Disetujui,Lembur proyek 2
3291,19,2025-06-15,2025-06-15 17:30:00,2025-06-15 19:30:00,2,Ditolak,Lembur proyek 5
3292,39,2025-06-15,2025-06-15 17:30:00,2025-06-15 20:30:00,3,Ditolak,Lembur proyek 1
3293,40,2025-06-15,2025-06-15 17:30:00,2025-06-15 20:30:00,3,Ditolak,Lembur proyek 2
3294,42,2025-06-15,2025-06-15 17:30:00,2025-06-15 20:30:00,3,Disetujui,Lembur proyek 3
3295,45,2025-06-15,2025-06-15 17:30:00,2025-06-15 20:30:00,3,Disetujui,Lembur proyek 1
3296,47,2025-06-15,2025-06-15 17:30:00,2025-06-15 18:30:00,1,Disetujui,Lembur proyek 1
3297,48,2025-06-15,2025-06-15 17:30:00,2025-06-15 20:30:00,3,Ditolak,Lembur proyek 5
3298,4,2025-06-16,2025-06-16 17:30:00,2025-06-16 19:30:00,2,Ditolak,Lembur proyek 1
3299,8,2025-06-16,2025-06-16 17:30:00,2025-06-16 19:30:00,2,Ditolak,Lembur proyek 3
3300,22,2025-06-16,2025-06-16 17:30:00,2025-06-16 18:30:00,1,Ditolak,Lembur proyek 4
3301,26,2025-06-16,2025-06-16 17:30:00,2025-06-16 21:30:00,4,Ditolak,Lembur proyek 5
3302,41,2025-06-16,2025-06-16 17:30:00,2025-06-16 19:30:00,2,Ditolak,Lembur proyek 4
3303,44,2025-06-16,2025-06-16 17:30:00,2025-06-16 19:30:00,2,Disetujui,Lembur proyek 2
3304,48,2025-06-16,2025-06-16 17:30:00,2025-06-16 18:30:00,1,Disetujui,Lembur proyek 4
3305,2,2025-06-17,2025-06-17 17:30:00,2025-06-17 19:30:00,2,Disetujui,Lembur proyek 4
3306,20,2025-06-17,2025-06-17 17:30:00,2025-06-17 21:30:00,4,Ditolak,Lembur proyek 3
3307,21,2025-06-17,2025-06-17 17:30:00,2025-06-17 21:30:00,4,Ditolak,Lembur proyek 5
3308,29,2025-06-17,2025-06-17 17:30:00,2025-06-17 20:30:00,3,Ditolak,Lembur proyek 3
3309,34,2025-06-17,2025-06-17 17:30:00,2025-06-17 21:30:00,4,Ditolak,Lembur proyek 3
3310,36,2025-06-17,2025-06-17 17:30:00,2025-06-17 18:30:00,1,Ditolak,Lembur proyek 1
3311,37,2025-06-17,2025-06-17 17:30:00,2025-06-17 21:30:00,4,Ditolak,Lembur proyek 4
3312,44,2025-06-17,2025-06-17 17:30:00,2025-06-17 20:30:00,3,Ditolak,Lembur proyek 5
3313,47,2025-06-17,2025-06-17 17:30:00,2025-06-17 21:30:00,4,Disetujui,Lembur proyek 3
3314,49,2025-06-17,2025-06-17 17:30:00,2025-06-17 21:30:00,4,Ditolak,Lembur proyek 3
3315,6,2025-06-18,2025-06-18 17:30:00,2025-06-18 19:30:00,2,Ditolak,Lembur proyek 1
3316,12,2025-06-18,2025-06-18 17:30:00,2025-06-18 21:30:00,4,Disetujui,Lembur proyek 1
3317,16,2025-06-18,2025-06-18 17:30:00,2025-06-18 20:30:00,3,Disetujui,Lembur proyek 2
3318,19,2025-06-18,2025-06-18 17:30:00,2025-06-18 18:30:00,1,Ditolak,Lembur proyek 1
3319,20,2025-06-18,2025-06-18 17:30:00,2025-06-18 21:30:00,4,Disetujui,Lembur proyek 3
3320,24,2025-06-18,2025-06-18 17:30:00,2025-06-18 21:30:00,4,Disetujui,Lembur proyek 1
3321,25,2025-06-18,2025-06-18 17:30:00,2025-06-18 18:30:00,1,Disetujui,Lembur proyek 5
3322,31,2025-06-18,2025-06-18 17:30:00,2025-06-18 18:30:00,1,Disetujui,Lembur proyek 1
3323,33,2025-06-18,2025-06-18 17:30:00,2025-06-18 19:30:00,2,Ditolak,Lembur proyek 5
3324,37,2025-06-18,2025-06-18 17:30:00,2025-06-18 19:30:00,2,Ditolak,Lembur proyek 2
3325,41,2025-06-18,2025-06-18 17:30:00,2025-06-18 21:30:00,4,Ditolak,Lembur proyek 5
3326,43,2025-06-18,2025-06-18 17:30:00,2025-06-18 19:30:00,2,Disetujui,Lembur proyek 5
3327,47,2025-06-18,2025-06-18 17:30:00,2025-06-18 20:30:00,3,Disetujui,Lembur proyek 2
3328,2,2025-06-19,2025-06-19 17:30:00,2025-06-19 19:30:00,2,Disetujui,Lembur proyek 3
3329,6,2025-06-19,2025-06-19 17:30:00,2025-06-19 20:30:00,3,Disetujui,Lembur proyek 2
3330,7,2025-06-19,2025-06-19 17:30:00,2025-06-19 19:30:00,2,Ditolak,Lembur proyek 2
3331,10,2025-06-19,2025-06-19 17:30:00,2025-06-19 20:30:00,3,Disetujui,Lembur proyek 5
3332,30,2025-06-19,2025-06-19 17:30:00,2025-06-19 20:30:00,3,Ditolak,Lembur proyek 5
3333,33,2025-06-19,2025-06-19 17:30:00,2025-06-19 19:30:00,2,Disetujui,Lembur proyek 1
3334,37,2025-06-19,2025-06-19 17:30:00,2025-06-19 19:30:00,2,Disetujui,Lembur proyek 1
3335,41,2025-06-19,2025-06-19 17:30:00,2025-06-19 18:30:00,1,Ditolak,Lembur proyek 5
3336,44,2025-06-19,2025-06-19 17:30:00,2025-06-19 21:30:00,4,Disetujui,Lembur proyek 1
3337,45,2025-06-19,2025-06-19 17:30:00,2025-06-19 19:30:00,2,Ditolak,Lembur proyek 4
3338,47,2025-06-19,2025-06-19 17:30:00,2025-06-19 18:30:00,1,Ditolak,Lembur proyek 5
3339,4,2025-06-20,2025-06-20 17:30:00,2025-06-20 21:30:00,4,Disetujui,Lembur proyek 4
3340,7,2025-06-20,2025-06-20 17:30:00,2025-06-20 20:30:00,3,Ditolak,Lembur proyek 1
3341,21,2025-06-20,2025-06-20 17:30:00,2025-06-20 20:30:00,3,Ditolak,Lembur proyek 2
3342,28,2025-06-20,2025-06-20 17:30:00,2025-06-20 21:30:00,4,Disetujui,Lembur proyek 2
3343,29,2025-06-20,2025-06-20 17:30:00,2025-06-20 20:30:00,3,Ditolak,Lembur proyek 4
3344,37,2025-06-20,2025-06-20 17:30:00,2025-06-20 18:30:00,1,Disetujui,Lembur proyek 2
3345,38,2025-06-20,2025-06-20 17:30:00,2025-06-20 20:30:00,3,Disetujui,Lembur proyek 3
3346,42,2025-06-20,2025-06-20 17:30:00,2025-06-20 20:30:00,3,Disetujui,Lembur proyek 5
3347,43,2025-06-20,2025-06-20 17:30:00,2025-06-20 21:30:00,4,Ditolak,Lembur proyek 1
3348,2,2025-06-21,2025-06-21 17:30:00,2025-06-21 20:30:00,3,Ditolak,Lembur proyek 2
3349,3,2025-06-21,2025-06-21 17:30:00,2025-06-21 20:30:00,3,Ditolak,Lembur proyek 4
3350,4,2025-06-21,2025-06-21 17:30:00,2025-06-21 21:30:00,4,Disetujui,Lembur proyek 2
3351,9,2025-06-21,2025-06-21 17:30:00,2025-06-21 19:30:00,2,Ditolak,Lembur proyek 2
3352,11,2025-06-21,2025-06-21 17:30:00,2025-06-21 19:30:00,2,Ditolak,Lembur proyek 2
3353,12,2025-06-21,2025-06-21 17:30:00,2025-06-21 18:30:00,1,Ditolak,Lembur proyek 3
3354,16,2025-06-21,2025-06-21 17:30:00,2025-06-21 18:30:00,1,Ditolak,Lembur proyek 1
3355,23,2025-06-21,2025-06-21 17:30:00,2025-06-21 20:30:00,3,Disetujui,Lembur proyek 2
3356,29,2025-06-21,2025-06-21 17:30:00,2025-06-21 19:30:00,2,Disetujui,Lembur proyek 4
3357,38,2025-06-21,2025-06-21 17:30:00,2025-06-21 18:30:00,1,Disetujui,Lembur proyek 2
3358,39,2025-06-21,2025-06-21 17:30:00,2025-06-21 19:30:00,2,Disetujui,Lembur proyek 2
3359,44,2025-06-21,2025-06-21 17:30:00,2025-06-21 19:30:00,2,Disetujui,Lembur proyek 2
3360,47,2025-06-21,2025-06-21 17:30:00,2025-06-21 20:30:00,3,Ditolak,Lembur proyek 3
3361,1,2025-06-22,2025-06-22 17:30:00,2025-06-22 20:30:00,3,Ditolak,Lembur proyek 1
3362,4,2025-06-22,2025-06-22 17:30:00,2025-06-22 18:30:00,1,Disetujui,Lembur proyek 3
3363,10,2025-06-22,2025-06-22 17:30:00,2025-06-22 20:30:00,3,Disetujui,Lembur proyek 1
3364,11,2025-06-22,2025-06-22 17:30:00,2025-06-22 19:30:00,2,Disetujui,Lembur proyek 2
3365,12,2025-06-22,2025-06-22 17:30:00,2025-06-22 19:30:00,2,Disetujui,Lembur proyek 3
3366,16,2025-06-22,2025-06-22 17:30:00,2025-06-22 19:30:00,2,Disetujui,Lembur proyek 2
3367,21,2025-06-22,2025-06-22 17:30:00,2025-06-22 21:30:00,4,Disetujui,Lembur proyek 4
3368,33,2025-06-22,2025-06-22 17:30:00,2025-06-22 21:30:00,4,Disetujui,Lembur proyek 3
3369,35,2025-06-22,2025-06-22 17:30:00,2025-06-22 19:30:00,2,Ditolak,Lembur proyek 3
3370,36,2025-06-22,2025-06-22 17:30:00,2025-06-22 19:30:00,2,Disetujui,Lembur proyek 1
3371,37,2025-06-22,2025-06-22 17:30:00,2025-06-22 19:30:00,2,Disetujui,Lembur proyek 5
3372,38,2025-06-22,2025-06-22 17:30:00,2025-06-22 20:30:00,3,Ditolak,Lembur proyek 2
3373,46,2025-06-22,2025-06-22 17:30:00,2025-06-22 19:30:00,2,Ditolak,Lembur proyek 4
3374,2,2025-06-23,2025-06-23 17:30:00,2025-06-23 18:30:00,1,Ditolak,Lembur proyek 2
3375,14,2025-06-23,2025-06-23 17:30:00,2025-06-23 18:30:00,1,Disetujui,Lembur proyek 3
3376,18,2025-06-23,2025-06-23 17:30:00,2025-06-23 19:30:00,2,Disetujui,Lembur proyek 5
3377,23,2025-06-23,2025-06-23 17:30:00,2025-06-23 21:30:00,4,Ditolak,Lembur proyek 3
3378,33,2025-06-23,2025-06-23 17:30:00,2025-06-23 18:30:00,1,Ditolak,Lembur proyek 2
3379,38,2025-06-23,2025-06-23 17:30:00,2025-06-23 18:30:00,1,Ditolak,Lembur proyek 5
3380,42,2025-06-23,2025-06-23 17:30:00,2025-06-23 21:30:00,4,Disetujui,Lembur proyek 1
3381,47,2025-06-23,2025-06-23 17:30:00,2025-06-23 19:30:00,2,Disetujui,Lembur proyek 4
3382,49,2025-06-23,2025-06-23 17:30:00,2025-06-23 20:30:00,3,Ditolak,Lembur proyek 2
3383,3,2025-06-24,2025-06-24 17:30:00,2025-06-24 20:30:00,3,Disetujui,Lembur proyek 4
3384,4,2025-06-24,2025-06-24 17:30:00,2025-06-24 18:30:00,1,Ditolak,Lembur proyek 5
3385,10,2025-06-24,2025-06-24 17:30:00,2025-06-24 21:30:00,4,Ditolak,Lembur proyek 4
3386,12,2025-06-24,2025-06-24 17:30:00,2025-06-24 18:30:00,1,Disetujui,Lembur proyek 4
3387,37,2025-06-24,2025-06-24 17:30:00,2025-06-24 19:30:00,2,Disetujui,Lembur proyek 5
3388,38,2025-06-24,2025-06-24 17:30:00,2025-06-24 19:30:00,2,Disetujui,Lembur proyek 3
3389,43,2025-06-24,2025-06-24 17:30:00,2025-06-24 18:30:00,1,Disetujui,Lembur proyek 5
3390,46,2025-06-24,2025-06-24 17:30:00,2025-06-24 21:30:00,4,Disetujui,Lembur proyek 1
3391,48,2025-06-24,2025-06-24 17:30:00,2025-06-24 21:30:00,4,Ditolak,Lembur proyek 5
3392,19,2025-06-25,2025-06-25 17:30:00,2025-06-25 19:30:00,2,Disetujui,Lembur proyek 1
3393,21,2025-06-25,2025-06-25 17:30:00,2025-06-25 19:30:00,2,Ditolak,Lembur proyek 3
3394,34,2025-06-25,2025-06-25 17:30:00,2025-06-25 19:30:00,2,Disetujui,Lembur proyek 1
3395,37,2025-06-25,2025-06-25 17:30:00,2025-06-25 18:30:00,1,Ditolak,Lembur proyek 5
3396,4,2025-06-26,2025-06-26 17:30:00,2025-06-26 19:30:00,2,Disetujui,Lembur proyek 2
3397,10,2025-06-26,2025-06-26 17:30:00,2025-06-26 19:30:00,2,Ditolak,Lembur proyek 2
3398,12,2025-06-26,2025-06-26 17:30:00,2025-06-26 21:30:00,4,Ditolak,Lembur proyek 1
3399,26,2025-06-26,2025-06-26 17:30:00,2025-06-26 20:30:00,3,Ditolak,Lembur proyek 2
3400,37,2025-06-26,2025-06-26 17:30:00,2025-06-26 21:30:00,4,Disetujui,Lembur proyek 3
3401,38,2025-06-26,2025-06-26 17:30:00,2025-06-26 19:30:00,2,Disetujui,Lembur proyek 4
3402,49,2025-06-26,2025-06-26 17:30:00,2025-06-26 20:30:00,3,Disetujui,Lembur proyek 2
3403,1,2025-06-27,2025-06-27 17:30:00,2025-06-27 20:30:00,3,Disetujui,Lembur proyek 4
3404,4,2025-06-27,2025-06-27 17:30:00,2025-06-27 21:30:00,4,Disetujui,Lembur proyek 4
3405,7,2025-06-27,2025-06-27 17:30:00,2025-06-27 18:30:00,1,Ditolak,Lembur proyek 3
3406,12,2025-06-27,2025-06-27 17:30:00,2025-06-27 21:30:00,4,Ditolak,Lembur proyek 1
3407,14,2025-06-27,2025-06-27 17:30:00,2025-06-27 21:30:00,4,Ditolak,Lembur proyek 5
3408,15,2025-06-27,2025-06-27 17:30:00,2025-06-27 19:30:00,2,Ditolak,Lembur proyek 1
3409,24,2025-06-27,2025-06-27 17:30:00,2025-06-27 21:30:00,4,Ditolak,Lembur proyek 4
3410,25,2025-06-27,2025-06-27 17:30:00,2025-06-27 21:30:00,4,Ditolak,Lembur proyek 2
3411,26,2025-06-27,2025-06-27 17:30:00,2025-06-27 21:30:00,4,Disetujui,Lembur proyek 4
3412,30,2025-06-27,2025-06-27 17:30:00,2025-06-27 20:30:00,3,Ditolak,Lembur proyek 1
3413,34,2025-06-27,2025-06-27 17:30:00,2025-06-27 19:30:00,2,Ditolak,Lembur proyek 2
3414,38,2025-06-27,2025-06-27 17:30:00,2025-06-27 21:30:00,4,Disetujui,Lembur proyek 2
3415,43,2025-06-27,2025-06-27 17:30:00,2025-06-27 20:30:00,3,Ditolak,Lembur proyek 3
3416,44,2025-06-27,2025-06-27 17:30:00,2025-06-27 18:30:00,1,Ditolak,Lembur proyek 3
3417,48,2025-06-27,2025-06-27 17:30:00,2025-06-27 19:30:00,2,Disetujui,Lembur proyek 3
3418,6,2025-06-28,2025-06-28 17:30:00,2025-06-28 21:30:00,4,Disetujui,Lembur proyek 2
3419,7,2025-06-28,2025-06-28 17:30:00,2025-06-28 20:30:00,3,Ditolak,Lembur proyek 3
3420,17,2025-06-28,2025-06-28 17:30:00,2025-06-28 18:30:00,1,Ditolak,Lembur proyek 4
3421,21,2025-06-28,2025-06-28 17:30:00,2025-06-28 20:30:00,3,Disetujui,Lembur proyek 4
3422,36,2025-06-28,2025-06-28 17:30:00,2025-06-28 18:30:00,1,Ditolak,Lembur proyek 2
3423,45,2025-06-28,2025-06-28 17:30:00,2025-06-28 21:30:00,4,Ditolak,Lembur proyek 4
